{
    "type":  "FeatureCollection",
    "features":  [
                     {
                         "type":  "Feature",
                         "properties":  {
                                            "zone_id":  "ZONE-0001",
                                            "accessibility_class":  "High Accessibility",
                                            "score":  3,
                                            "dist_to_highway_m":  222.9,
                                            "dist_to_vital_facility_m":  243.6,
                                            "area_sq_km":  0.712,
                                            "color":  "#2e7d32",
                                            "engineering_implication":  "High mobility \u0026 rapid emergency response (\u003c5 min)"
                                        },
                         "geometry":  {
                                          "type":  "Polygon",
                                          "coordinates":  [
                                                              [
                                                                  85.04,
                                                                  25.56
                                                              ],
                                                              [
                                                                  85.048,
                                                                  25.56
                                                              ],
                                                              [
                                                                  85.048,
                                                                  25.568
                                                              ],
                                                              [
                                                                  85.04,
                                                                  25.568
                                                              ],
                                                              [
                                                                  85.04,
                                                                  25.56
                                                              ]
                                                          ]
                                      }
                     },
                     {
                         "type":  "Feature",
                         "properties":  {
                                            "zone_id":  "ZONE-0002",
                                            "accessibility_class":  "High Accessibility",
                                            "score":  3,
                                            "dist_to_highway_m":  794,
                                            "dist_to_vital_facility_m":  956.2,
                                            "area_sq_km":  0.712,
                                            "color":  "#2e7d32",
                                            "engineering_implication":  "High mobility \u0026 rapid emergency response (\u003c5 min)"
                                        },
                         "geometry":  {
                                          "type":  "Polygon",
                                          "coordinates":  [
                                                              [
                                                                  85.048,
                                                                  25.56
                                                              ],
                                                              [
                                                                  85.056,
                                                                  25.56
                                                              ],
                                                              [
                                                                  85.056,
                                                                  25.568
                                                              ],
                                                              [
                                                                  85.048,
                                                                  25.568
                                                              ],
                                                              [
                                                                  85.048,
                                                                  25.56
                                                              ]
                                                          ]
                                      }
                     },
                     {
                         "type":  "Feature",
                         "properties":  {
                                            "zone_id":  "ZONE-0003",
                                            "accessibility_class":  "Moderate Accessibility",
                                            "score":  2,
                                            "dist_to_highway_m":  1031.3,
                                            "dist_to_vital_facility_m":  1371.5,
                                            "area_sq_km":  0.712,
                                            "color":  "#f9a825",
                                            "engineering_implication":  "Moderate mobility; accessible via feeder roads (5-15 min)"
                                        },
                         "geometry":  {
                                          "type":  "Polygon",
                                          "coordinates":  [
                                                              [
                                                                  85.056,
                                                                  25.56
                                                              ],
                                                              [
                                                                  85.064,
                                                                  25.56
                                                              ],
                                                              [
                                                                  85.064,
                                                                  25.568
                                                              ],
                                                              [
                                                                  85.056,
                                                                  25.568
                                                              ],
                                                              [
                                                                  85.056,
                                                                  25.56
                                                              ]
                                                          ]
                                      }
                     },
                     {
                         "type":  "Feature",
                         "properties":  {
                                            "zone_id":  "ZONE-0004",
                                            "accessibility_class":  "Moderate Accessibility",
                                            "score":  2,
                                            "dist_to_highway_m":  1287.3,
                                            "dist_to_vital_facility_m":  1115.8,
                                            "area_sq_km":  0.712,
                                            "color":  "#f9a825",
                                            "engineering_implication":  "Moderate mobility; accessible via feeder roads (5-15 min)"
                                        },
                         "geometry":  {
                                          "type":  "Polygon",
                                          "coordinates":  [
                                                              [
                                                                  85.064,
                                                                  25.56
                                                              ],
                                                              [
                                                                  85.072,
                                                                  25.56
                                                              ],
                                                              [
                                                                  85.072,
                                                                  25.568
                                                              ],
                                                              [
                                                                  85.064,
                                                                  25.568
                                                              ],
                                                              [
                                                                  85.064,
                                                                  25.56
                                                              ]
                                                          ]
                                      }
                     },
                     {
                         "type":  "Feature",
                         "properties":  {
                                            "zone_id":  "ZONE-0005",
                                            "accessibility_class":  "Moderate Accessibility",
                                            "score":  2,
                                            "dist_to_highway_m":  1585.5,
                                            "dist_to_vital_facility_m":  1303.7,
                                            "area_sq_km":  0.712,
                                            "color":  "#f9a825",
                                            "engineering_implication":  "Moderate mobility; accessible via feeder roads (5-15 min)"
                                        },
                         "geometry":  {
                                          "type":  "Polygon",
                                          "coordinates":  [
                                                              [
                                                                  85.072,
                                                                  25.56
                                                              ],
                                                              [
                                                                  85.08,
                                                                  25.56
                                                              ],
                                                              [
                                                                  85.08,
                                                                  25.568
                                                              ],
                                                              [
                                                                  85.072,
                                                                  25.568
                                                              ],
                                                              [
                                                                  85.072,
                                                                  25.56
                                                              ]
                                                          ]
                                      }
                     },
                     {
                         "type":  "Feature",
                         "properties":  {
                                            "zone_id":  "ZONE-0006",
                                            "accessibility_class":  "Moderate Accessibility",
                                            "score":  2,
                                            "dist_to_highway_m":  1681.2,
                                            "dist_to_vital_facility_m":  1533.9,
                                            "area_sq_km":  0.712,
                                            "color":  "#f9a825",
                                            "engineering_implication":  "Moderate mobility; accessible via feeder roads (5-15 min)"
                                        },
                         "geometry":  {
                                          "type":  "Polygon",
                                          "coordinates":  [
                                                              [
                                                                  85.08,
                                                                  25.56
                                                              ],
                                                              [
                                                                  85.088,
                                                                  25.56
                                                              ],
                                                              [
                                                                  85.088,
                                                                  25.568
                                                              ],
                                                              [
                                                                  85.08,
                                                                  25.568
                                                              ],
                                                              [
                                                                  85.08,
                                                                  25.56
                                                              ]
                                                          ]
                                      }
                     },
                     {
                         "type":  "Feature",
                         "properties":  {
                                            "zone_id":  "ZONE-0007",
                                            "accessibility_class":  "Moderate Accessibility",
                                            "score":  2,
                                            "dist_to_highway_m":  1739.7,
                                            "dist_to_vital_facility_m":  1687.1,
                                            "area_sq_km":  0.712,
                                            "color":  "#f9a825",
                                            "engineering_implication":  "Moderate mobility; accessible via feeder roads (5-15 min)"
                                        },
                         "geometry":  {
                                          "type":  "Polygon",
                                          "coordinates":  [
                                                              [
                                                                  85.088,
                                                                  25.56
                                                              ],
                                                              [
                                                                  85.096,
                                                                  25.56
                                                              ],
                                                              [
                                                                  85.096,
                                                                  25.568
                                                              ],
                                                              [
                                                                  85.088,
                                                                  25.568
                                                              ],
                                                              [
                                                                  85.088,
                                                                  25.56
                                                              ]
                                                          ]
                                      }
                     },
                     {
                         "type":  "Feature",
                         "properties":  {
                                            "zone_id":  "ZONE-0008",
                                            "accessibility_class":  "Moderate Accessibility",
                                            "score":  2,
                                            "dist_to_highway_m":  1073.4,
                                            "dist_to_vital_facility_m":  2151.2,
                                            "area_sq_km":  0.712,
                                            "color":  "#f9a825",
                                            "engineering_implication":  "Moderate mobility; accessible via feeder roads (5-15 min)"
                                        },
                         "geometry":  {
                                          "type":  "Polygon",
                                          "coordinates":  [
                                                              [
                                                                  85.096,
                                                                  25.56
                                                              ],
                                                              [
                                                                  85.104,
                                                                  25.56
                                                              ],
                                                              [
                                                                  85.104,
                                                                  25.568
                                                              ],
                                                              [
                                                                  85.096,
                                                                  25.568
                                                              ],
                                                              [
                                                                  85.096,
                                                                  25.56
                                                              ]
                                                          ]
                                      }
                     },
                     {
                         "type":  "Feature",
                         "properties":  {
                                            "zone_id":  "ZONE-0009",
                                            "accessibility_class":  "Moderate Accessibility",
                                            "score":  2,
                                            "dist_to_highway_m":  283,
                                            "dist_to_vital_facility_m":  2143.6,
                                            "area_sq_km":  0.712,
                                            "color":  "#f9a825",
                                            "engineering_implication":  "Moderate mobility; accessible via feeder roads (5-15 min)"
                                        },
                         "geometry":  {
                                          "type":  "Polygon",
                                          "coordinates":  [
                                                              [
                                                                  85.104,
                                                                  25.56
                                                              ],
                                                              [
                                                                  85.112,
                                                                  25.56
                                                              ],
                                                              [
                                                                  85.112,
                                                                  25.568
                                                              ],
                                                              [
                                                                  85.104,
                                                                  25.568
                                                              ],
                                                              [
                                                                  85.104,
                                                                  25.56
                                                              ]
                                                          ]
                                      }
                     },
                     {
                         "type":  "Feature",
                         "properties":  {
                                            "zone_id":  "ZONE-0010",
                                            "accessibility_class":  "Moderate Accessibility",
                                            "score":  2,
                                            "dist_to_highway_m":  447.4,
                                            "dist_to_vital_facility_m":  1582.5,
                                            "area_sq_km":  0.712,
                                            "color":  "#f9a825",
                                            "engineering_implication":  "Moderate mobility; accessible via feeder roads (5-15 min)"
                                        },
                         "geometry":  {
                                          "type":  "Polygon",
                                          "coordinates":  [
                                                              [
                                                                  85.112,
                                                                  25.56
                                                              ],
                                                              [
                                                                  85.12,
                                                                  25.56
                                                              ],
                                                              [
                                                                  85.12,
                                                                  25.568
                                                              ],
                                                              [
                                                                  85.112,
                                                                  25.568
                                                              ],
                                                              [
                                                                  85.112,
                                                                  25.56
                                                              ]
                                                          ]
                                      }
                     },
                     {
                         "type":  "Feature",
                         "properties":  {
                                            "zone_id":  "ZONE-0011",
                                            "accessibility_class":  "Moderate Accessibility",
                                            "score":  2,
                                            "dist_to_highway_m":  60.5,
                                            "dist_to_vital_facility_m":  1202.3,
                                            "area_sq_km":  0.712,
                                            "color":  "#f9a825",
                                            "engineering_implication":  "Moderate mobility; accessible via feeder roads (5-15 min)"
                                        },
                         "geometry":  {
                                          "type":  "Polygon",
                                          "coordinates":  [
                                                              [
                                                                  85.12,
                                                                  25.56
                                                              ],
                                                              [
                                                                  85.128,
                                                                  25.56
                                                              ],
                                                              [
                                                                  85.128,
                                                                  25.568
                                                              ],
                                                              [
                                                                  85.12,
                                                                  25.568
                                                              ],
                                                              [
                                                                  85.12,
                                                                  25.56
                                                              ]
                                                          ]
                                      }
                     },
                     {
                         "type":  "Feature",
                         "properties":  {
                                            "zone_id":  "ZONE-0012",
                                            "accessibility_class":  "Moderate Accessibility",
                                            "score":  2,
                                            "dist_to_highway_m":  838.7,
                                            "dist_to_vital_facility_m":  1294.1,
                                            "area_sq_km":  0.712,
                                            "color":  "#f9a825",
                                            "engineering_implication":  "Moderate mobility; accessible via feeder roads (5-15 min)"
                                        },
                         "geometry":  {
                                          "type":  "Polygon",
                                          "coordinates":  [
                                                              [
                                                                  85.128,
                                                                  25.56
                                                              ],
                                                              [
                                                                  85.136,
                                                                  25.56
                                                              ],
                                                              [
                                                                  85.136,
                                                                  25.568
                                                              ],
                                                              [
                                                                  85.128,
                                                                  25.568
                                                              ],
                                                              [
                                                                  85.128,
                                                                  25.56
                                                              ]
                                                          ]
                                      }
                     },
                     {
                         "type":  "Feature",
                         "properties":  {
                                            "zone_id":  "ZONE-0013",
                                            "accessibility_class":  "Moderate Accessibility",
                                            "score":  2,
                                            "dist_to_highway_m":  1614.5,
                                            "dist_to_vital_facility_m":  1285.2,
                                            "area_sq_km":  0.712,
                                            "color":  "#f9a825",
                                            "engineering_implication":  "Moderate mobility; accessible via feeder roads (5-15 min)"
                                        },
                         "geometry":  {
                                          "type":  "Polygon",
                                          "coordinates":  [
                                                              [
                                                                  85.136,
                                                                  25.56
                                                              ],
                                                              [
                                                                  85.144,
                                                                  25.56
                                                              ],
                                                              [
                                                                  85.144,
                                                                  25.568
                                                              ],
                                                              [
                                                                  85.136,
                                                                  25.568
                                                              ],
                                                              [
                                                                  85.136,
                                                                  25.56
                                                              ]
                                                          ]
                                      }
                     },
                     {
                         "type":  "Feature",
                         "properties":  {
                                            "zone_id":  "ZONE-0014",
                                            "accessibility_class":  "Moderate Accessibility",
                                            "score":  2,
                                            "dist_to_highway_m":  2163.5,
                                            "dist_to_vital_facility_m":  1381.5,
                                            "area_sq_km":  0.712,
                                            "color":  "#f9a825",
                                            "engineering_implication":  "Moderate mobility; accessible via feeder roads (5-15 min)"
                                        },
                         "geometry":  {
                                          "type":  "Polygon",
                                          "coordinates":  [
                                                              [
                                                                  85.144,
                                                                  25.56
                                                              ],
                                                              [
                                                                  85.152,
                                                                  25.56
                                                              ],
                                                              [
                                                                  85.152,
                                                                  25.568
                                                              ],
                                                              [
                                                                  85.144,
                                                                  25.568
                                                              ],
                                                              [
                                                                  85.144,
                                                                  25.56
                                                              ]
                                                          ]
                                      }
                     },
                     {
                         "type":  "Feature",
                         "properties":  {
                                            "zone_id":  "ZONE-0015",
                                            "accessibility_class":  "Moderate Accessibility",
                                            "score":  2,
                                            "dist_to_highway_m":  2216.2,
                                            "dist_to_vital_facility_m":  1858.2,
                                            "area_sq_km":  0.712,
                                            "color":  "#f9a825",
                                            "engineering_implication":  "Moderate mobility; accessible via feeder roads (5-15 min)"
                                        },
                         "geometry":  {
                                          "type":  "Polygon",
                                          "coordinates":  [
                                                              [
                                                                  85.152,
                                                                  25.56
                                                              ],
                                                              [
                                                                  85.16,
                                                                  25.56
                                                              ],
                                                              [
                                                                  85.16,
                                                                  25.568
                                                              ],
                                                              [
                                                                  85.152,
                                                                  25.568
                                                              ],
                                                              [
                                                                  85.152,
                                                                  25.56
                                                              ]
                                                          ]
                                      }
                     },
                     {
                         "type":  "Feature",
                         "properties":  {
                                            "zone_id":  "ZONE-0016",
                                            "accessibility_class":  "Moderate Accessibility",
                                            "score":  2,
                                            "dist_to_highway_m":  2074.7,
                                            "dist_to_vital_facility_m":  1326,
                                            "area_sq_km":  0.712,
                                            "color":  "#f9a825",
                                            "engineering_implication":  "Moderate mobility; accessible via feeder roads (5-15 min)"
                                        },
                         "geometry":  {
                                          "type":  "Polygon",
                                          "coordinates":  [
                                                              [
                                                                  85.16,
                                                                  25.56
                                                              ],
                                                              [
                                                                  85.168,
                                                                  25.56
                                                              ],
                                                              [
                                                                  85.168,
                                                                  25.568
                                                              ],
                                                              [
                                                                  85.16,
                                                                  25.568
                                                              ],
                                                              [
                                                                  85.16,
                                                                  25.56
                                                              ]
                                                          ]
                                      }
                     },
                     {
                         "type":  "Feature",
                         "properties":  {
                                            "zone_id":  "ZONE-0017",
                                            "accessibility_class":  "Moderate Accessibility",
                                            "score":  2,
                                            "dist_to_highway_m":  1299.1,
                                            "dist_to_vital_facility_m":  552.4,
                                            "area_sq_km":  0.712,
                                            "color":  "#f9a825",
                                            "engineering_implication":  "Moderate mobility; accessible via feeder roads (5-15 min)"
                                        },
                         "geometry":  {
                                          "type":  "Polygon",
                                          "coordinates":  [
                                                              [
                                                                  85.168,
                                                                  25.56
                                                              ],
                                                              [
                                                                  85.176,
                                                                  25.56
                                                              ],
                                                              [
                                                                  85.176,
                                                                  25.568
                                                              ],
                                                              [
                                                                  85.168,
                                                                  25.568
                                                              ],
                                                              [
                                                                  85.168,
                                                                  25.56
                                                              ]
                                                          ]
                                      }
                     },
                     {
                         "type":  "Feature",
                         "properties":  {
                                            "zone_id":  "ZONE-0018",
                                            "accessibility_class":  "High Accessibility",
                                            "score":  3,
                                            "dist_to_highway_m":  532.1,
                                            "dist_to_vital_facility_m":  374.4,
                                            "area_sq_km":  0.712,
                                            "color":  "#2e7d32",
                                            "engineering_implication":  "High mobility \u0026 rapid emergency response (\u003c5 min)"
                                        },
                         "geometry":  {
                                          "type":  "Polygon",
                                          "coordinates":  [
                                                              [
                                                                  85.176,
                                                                  25.56
                                                              ],
                                                              [
                                                                  85.184,
                                                                  25.56
                                                              ],
                                                              [
                                                                  85.184,
                                                                  25.568
                                                              ],
                                                              [
                                                                  85.176,
                                                                  25.568
                                                              ],
                                                              [
                                                                  85.176,
                                                                  25.56
                                                              ]
                                                          ]
                                      }
                     },
                     {
                         "type":  "Feature",
                         "properties":  {
                                            "zone_id":  "ZONE-0019",
                                            "accessibility_class":  "High Accessibility",
                                            "score":  3,
                                            "dist_to_highway_m":  227.9,
                                            "dist_to_vital_facility_m":  1123.9,
                                            "area_sq_km":  0.712,
                                            "color":  "#2e7d32",
                                            "engineering_implication":  "High mobility \u0026 rapid emergency response (\u003c5 min)"
                                        },
                         "geometry":  {
                                          "type":  "Polygon",
                                          "coordinates":  [
                                                              [
                                                                  85.184,
                                                                  25.56
                                                              ],
                                                              [
                                                                  85.192,
                                                                  25.56
                                                              ],
                                                              [
                                                                  85.192,
                                                                  25.568
                                                              ],
                                                              [
                                                                  85.184,
                                                                  25.568
                                                              ],
                                                              [
                                                                  85.184,
                                                                  25.56
                                                              ]
                                                          ]
                                      }
                     },
                     {
                         "type":  "Feature",
                         "properties":  {
                                            "zone_id":  "ZONE-0020",
                                            "accessibility_class":  "Moderate Accessibility",
                                            "score":  2,
                                            "dist_to_highway_m":  995.3,
                                            "dist_to_vital_facility_m":  1916.8,
                                            "area_sq_km":  0.712,
                                            "color":  "#f9a825",
                                            "engineering_implication":  "Moderate mobility; accessible via feeder roads (5-15 min)"
                                        },
                         "geometry":  {
                                          "type":  "Polygon",
                                          "coordinates":  [
                                                              [
                                                                  85.192,
                                                                  25.56
                                                              ],
                                                              [
                                                                  85.2,
                                                                  25.56
                                                              ],
                                                              [
                                                                  85.2,
                                                                  25.568
                                                              ],
                                                              [
                                                                  85.192,
                                                                  25.568
                                                              ],
                                                              [
                                                                  85.192,
                                                                  25.56
                                                              ]
                                                          ]
                                      }
                     },
                     {
                         "type":  "Feature",
                         "properties":  {
                                            "zone_id":  "ZONE-0021",
                                            "accessibility_class":  "Moderate Accessibility",
                                            "score":  2,
                                            "dist_to_highway_m":  1764.7,
                                            "dist_to_vital_facility_m":  2715.3,
                                            "area_sq_km":  0.712,
                                            "color":  "#f9a825",
                                            "engineering_implication":  "Moderate mobility; accessible via feeder roads (5-15 min)"
                                        },
                         "geometry":  {
                                          "type":  "Polygon",
                                          "coordinates":  [
                                                              [
                                                                  85.2,
                                                                  25.56
                                                              ],
                                                              [
                                                                  85.208,
                                                                  25.56
                                                              ],
                                                              [
                                                                  85.208,
                                                                  25.568
                                                              ],
                                                              [
                                                                  85.2,
                                                                  25.568
                                                              ],
                                                              [
                                                                  85.2,
                                                                  25.56
                                                              ]
                                                          ]
                                      }
                     },
                     {
                         "type":  "Feature",
                         "properties":  {
                                            "zone_id":  "ZONE-0022",
                                            "accessibility_class":  "Moderate Accessibility",
                                            "score":  2,
                                            "dist_to_highway_m":  1966.5,
                                            "dist_to_vital_facility_m":  3515.6,
                                            "area_sq_km":  0.712,
                                            "color":  "#f9a825",
                                            "engineering_implication":  "Moderate mobility; accessible via feeder roads (5-15 min)"
                                        },
                         "geometry":  {
                                          "type":  "Polygon",
                                          "coordinates":  [
                                                              [
                                                                  85.208,
                                                                  25.56
                                                              ],
                                                              [
                                                                  85.216,
                                                                  25.56
                                                              ],
                                                              [
                                                                  85.216,
                                                                  25.568
                                                              ],
                                                              [
                                                                  85.208,
                                                                  25.568
                                                              ],
                                                              [
                                                                  85.208,
                                                                  25.56
                                                              ]
                                                          ]
                                      }
                     },
                     {
                         "type":  "Feature",
                         "properties":  {
                                            "zone_id":  "ZONE-0023",
                                            "accessibility_class":  "Moderate Accessibility",
                                            "score":  2,
                                            "dist_to_highway_m":  1617.2,
                                            "dist_to_vital_facility_m":  3870,
                                            "area_sq_km":  0.712,
                                            "color":  "#f9a825",
                                            "engineering_implication":  "Moderate mobility; accessible via feeder roads (5-15 min)"
                                        },
                         "geometry":  {
                                          "type":  "Polygon",
                                          "coordinates":  [
                                                              [
                                                                  85.216,
                                                                  25.56
                                                              ],
                                                              [
                                                                  85.224,
                                                                  25.56
                                                              ],
                                                              [
                                                                  85.224,
                                                                  25.568
                                                              ],
                                                              [
                                                                  85.216,
                                                                  25.568
                                                              ],
                                                              [
                                                                  85.216,
                                                                  25.56
                                                              ]
                                                          ]
                                      }
                     },
                     {
                         "type":  "Feature",
                         "properties":  {
                                            "zone_id":  "ZONE-0024",
                                            "accessibility_class":  "Moderate Accessibility",
                                            "score":  2,
                                            "dist_to_highway_m":  1273.8,
                                            "dist_to_vital_facility_m":  3800,
                                            "area_sq_km":  0.712,
                                            "color":  "#f9a825",
                                            "engineering_implication":  "Moderate mobility; accessible via feeder roads (5-15 min)"
                                        },
                         "geometry":  {
                                          "type":  "Polygon",
                                          "coordinates":  [
                                                              [
                                                                  85.224,
                                                                  25.56
                                                              ],
                                                              [
                                                                  85.232,
                                                                  25.56
                                                              ],
                                                              [
                                                                  85.232,
                                                                  25.568
                                                              ],
                                                              [
                                                                  85.224,
                                                                  25.568
                                                              ],
                                                              [
                                                                  85.224,
                                                                  25.56
                                                              ]
                                                          ]
                                      }
                     },
                     {
                         "type":  "Feature",
                         "properties":  {
                                            "zone_id":  "ZONE-0025",
                                            "accessibility_class":  "Moderate Accessibility",
                                            "score":  2,
                                            "dist_to_highway_m":  1036.6,
                                            "dist_to_vital_facility_m":  3897.5,
                                            "area_sq_km":  0.712,
                                            "color":  "#f9a825",
                                            "engineering_implication":  "Moderate mobility; accessible via feeder roads (5-15 min)"
                                        },
                         "geometry":  {
                                          "type":  "Polygon",
                                          "coordinates":  [
                                                              [
                                                                  85.232,
                                                                  25.56
                                                              ],
                                                              [
                                                                  85.24,
                                                                  25.56
                                                              ],
                                                              [
                                                                  85.24,
                                                                  25.568
                                                              ],
                                                              [
                                                                  85.232,
                                                                  25.568
                                                              ],
                                                              [
                                                                  85.232,
                                                                  25.56
                                                              ]
                                                          ]
                                      }
                     },
                     {
                         "type":  "Feature",
                         "properties":  {
                                            "zone_id":  "ZONE-0026",
                                            "accessibility_class":  "Moderate Accessibility",
                                            "score":  2,
                                            "dist_to_highway_m":  812.4,
                                            "dist_to_vital_facility_m":  4150.8,
                                            "area_sq_km":  0.712,
                                            "color":  "#f9a825",
                                            "engineering_implication":  "Moderate mobility; accessible via feeder roads (5-15 min)"
                                        },
                         "geometry":  {
                                          "type":  "Polygon",
                                          "coordinates":  [
                                                              [
                                                                  85.24,
                                                                  25.56
                                                              ],
                                                              [
                                                                  85.248,
                                                                  25.56
                                                              ],
                                                              [
                                                                  85.248,
                                                                  25.568
                                                              ],
                                                              [
                                                                  85.24,
                                                                  25.568
                                                              ],
                                                              [
                                                                  85.24,
                                                                  25.56
                                                              ]
                                                          ]
                                      }
                     },
                     {
                         "type":  "Feature",
                         "properties":  {
                                            "zone_id":  "ZONE-0027",
                                            "accessibility_class":  "High Accessibility",
                                            "score":  3,
                                            "dist_to_highway_m":  129.4,
                                            "dist_to_vital_facility_m":  810.2,
                                            "area_sq_km":  0.712,
                                            "color":  "#2e7d32",
                                            "engineering_implication":  "High mobility \u0026 rapid emergency response (\u003c5 min)"
                                        },
                         "geometry":  {
                                          "type":  "Polygon",
                                          "coordinates":  [
                                                              [
                                                                  85.04,
                                                                  25.568
                                                              ],
                                                              [
                                                                  85.048,
                                                                  25.568
                                                              ],
                                                              [
                                                                  85.048,
                                                                  25.576
                                                              ],
                                                              [
                                                                  85.04,
                                                                  25.576
                                                              ],
                                                              [
                                                                  85.04,
                                                                  25.568
                                                              ]
                                                          ]
                                      }
                     },
                     {
                         "type":  "Feature",
                         "properties":  {
                                            "zone_id":  "ZONE-0028",
                                            "accessibility_class":  "High Accessibility",
                                            "score":  3,
                                            "dist_to_highway_m":  20.1,
                                            "dist_to_vital_facility_m":  784.7,
                                            "area_sq_km":  0.712,
                                            "color":  "#2e7d32",
                                            "engineering_implication":  "High mobility \u0026 rapid emergency response (\u003c5 min)"
                                        },
                         "geometry":  {
                                          "type":  "Polygon",
                                          "coordinates":  [
                                                              [
                                                                  85.048,
                                                                  25.568
                                                              ],
                                                              [
                                                                  85.056,
                                                                  25.568
                                                              ],
                                                              [
                                                                  85.056,
                                                                  25.576
                                                              ],
                                                              [
                                                                  85.048,
                                                                  25.576
                                                              ],
                                                              [
                                                                  85.048,
                                                                  25.568
                                                              ]
                                                          ]
                                      }
                     },
                     {
                         "type":  "Feature",
                         "properties":  {
                                            "zone_id":  "ZONE-0029",
                                            "accessibility_class":  "High Accessibility",
                                            "score":  3,
                                            "dist_to_highway_m":  218,
                                            "dist_to_vital_facility_m":  627.4,
                                            "area_sq_km":  0.712,
                                            "color":  "#2e7d32",
                                            "engineering_implication":  "High mobility \u0026 rapid emergency response (\u003c5 min)"
                                        },
                         "geometry":  {
                                          "type":  "Polygon",
                                          "coordinates":  [
                                                              [
                                                                  85.056,
                                                                  25.568
                                                              ],
                                                              [
                                                                  85.064,
                                                                  25.568
                                                              ],
                                                              [
                                                                  85.064,
                                                                  25.576
                                                              ],
                                                              [
                                                                  85.056,
                                                                  25.576
                                                              ],
                                                              [
                                                                  85.056,
                                                                  25.568
                                                              ]
                                                          ]
                                      }
                     },
                     {
                         "type":  "Feature",
                         "properties":  {
                                            "zone_id":  "ZONE-0030",
                                            "accessibility_class":  "High Accessibility",
                                            "score":  3,
                                            "dist_to_highway_m":  453.6,
                                            "dist_to_vital_facility_m":  249.7,
                                            "area_sq_km":  0.712,
                                            "color":  "#2e7d32",
                                            "engineering_implication":  "High mobility \u0026 rapid emergency response (\u003c5 min)"
                                        },
                         "geometry":  {
                                          "type":  "Polygon",
                                          "coordinates":  [
                                                              [
                                                                  85.064,
                                                                  25.568
                                                              ],
                                                              [
                                                                  85.072,
                                                                  25.568
                                                              ],
                                                              [
                                                                  85.072,
                                                                  25.576
                                                              ],
                                                              [
                                                                  85.064,
                                                                  25.576
                                                              ],
                                                              [
                                                                  85.064,
                                                                  25.568
                                                              ]
                                                          ]
                                      }
                     },
                     {
                         "type":  "Feature",
                         "properties":  {
                                            "zone_id":  "ZONE-0031",
                                            "accessibility_class":  "High Accessibility",
                                            "score":  3,
                                            "dist_to_highway_m":  748.7,
                                            "dist_to_vital_facility_m":  718.8,
                                            "area_sq_km":  0.712,
                                            "color":  "#2e7d32",
                                            "engineering_implication":  "High mobility \u0026 rapid emergency response (\u003c5 min)"
                                        },
                         "geometry":  {
                                          "type":  "Polygon",
                                          "coordinates":  [
                                                              [
                                                                  85.072,
                                                                  25.568
                                                              ],
                                                              [
                                                                  85.08,
                                                                  25.568
                                                              ],
                                                              [
                                                                  85.08,
                                                                  25.576
                                                              ],
                                                              [
                                                                  85.072,
                                                                  25.576
                                                              ],
                                                              [
                                                                  85.072,
                                                                  25.568
                                                              ]
                                                          ]
                                      }
                     },
                     {
                         "type":  "Feature",
                         "properties":  {
                                            "zone_id":  "ZONE-0032",
                                            "accessibility_class":  "High Accessibility",
                                            "score":  3,
                                            "dist_to_highway_m":  840.8,
                                            "dist_to_vital_facility_m":  648.3,
                                            "area_sq_km":  0.712,
                                            "color":  "#2e7d32",
                                            "engineering_implication":  "High mobility \u0026 rapid emergency response (\u003c5 min)"
                                        },
                         "geometry":  {
                                          "type":  "Polygon",
                                          "coordinates":  [
                                                              [
                                                                  85.08,
                                                                  25.568
                                                              ],
                                                              [
                                                                  85.088,
                                                                  25.568
                                                              ],
                                                              [
                                                                  85.088,
                                                                  25.576
                                                              ],
                                                              [
                                                                  85.08,
                                                                  25.576
                                                              ],
                                                              [
                                                                  85.08,
                                                                  25.568
                                                              ]
                                                          ]
                                      }
                     },
                     {
                         "type":  "Feature",
                         "properties":  {
                                            "zone_id":  "ZONE-0033",
                                            "accessibility_class":  "High Accessibility",
                                            "score":  3,
                                            "dist_to_highway_m":  987.4,
                                            "dist_to_vital_facility_m":  955.9,
                                            "area_sq_km":  0.712,
                                            "color":  "#2e7d32",
                                            "engineering_implication":  "High mobility \u0026 rapid emergency response (\u003c5 min)"
                                        },
                         "geometry":  {
                                          "type":  "Polygon",
                                          "coordinates":  [
                                                              [
                                                                  85.088,
                                                                  25.568
                                                              ],
                                                              [
                                                                  85.096,
                                                                  25.568
                                                              ],
                                                              [
                                                                  85.096,
                                                                  25.576
                                                              ],
                                                              [
                                                                  85.088,
                                                                  25.576
                                                              ],
                                                              [
                                                                  85.088,
                                                                  25.568
                                                              ]
                                                          ]
                                      }
                     },
                     {
                         "type":  "Feature",
                         "properties":  {
                                            "zone_id":  "ZONE-0034",
                                            "accessibility_class":  "Moderate Accessibility",
                                            "score":  2,
                                            "dist_to_highway_m":  715.7,
                                            "dist_to_vital_facility_m":  1641.6,
                                            "area_sq_km":  0.712,
                                            "color":  "#f9a825",
                                            "engineering_implication":  "Moderate mobility; accessible via feeder roads (5-15 min)"
                                        },
                         "geometry":  {
                                          "type":  "Polygon",
                                          "coordinates":  [
                                                              [
                                                                  85.096,
                                                                  25.568
                                                              ],
                                                              [
                                                                  85.104,
                                                                  25.568
                                                              ],
                                                              [
                                                                  85.104,
                                                                  25.576
                                                              ],
                                                              [
                                                                  85.096,
                                                                  25.576
                                                              ],
                                                              [
                                                                  85.096,
                                                                  25.568
                                                              ]
                                                          ]
                                      }
                     },
                     {
                         "type":  "Feature",
                         "properties":  {
                                            "zone_id":  "ZONE-0035",
                                            "accessibility_class":  "Moderate Accessibility",
                                            "score":  2,
                                            "dist_to_highway_m":  509.8,
                                            "dist_to_vital_facility_m":  1641.3,
                                            "area_sq_km":  0.712,
                                            "color":  "#f9a825",
                                            "engineering_implication":  "Moderate mobility; accessible via feeder roads (5-15 min)"
                                        },
                         "geometry":  {
                                          "type":  "Polygon",
                                          "coordinates":  [
                                                              [
                                                                  85.104,
                                                                  25.568
                                                              ],
                                                              [
                                                                  85.112,
                                                                  25.568
                                                              ],
                                                              [
                                                                  85.112,
                                                                  25.576
                                                              ],
                                                              [
                                                                  85.104,
                                                                  25.576
                                                              ],
                                                              [
                                                                  85.104,
                                                                  25.568
                                                              ]
                                                          ]
                                      }
                     },
                     {
                         "type":  "Feature",
                         "properties":  {
                                            "zone_id":  "ZONE-0036",
                                            "accessibility_class":  "High Accessibility",
                                            "score":  3,
                                            "dist_to_highway_m":  287.2,
                                            "dist_to_vital_facility_m":  949.4,
                                            "area_sq_km":  0.712,
                                            "color":  "#2e7d32",
                                            "engineering_implication":  "High mobility \u0026 rapid emergency response (\u003c5 min)"
                                        },
                         "geometry":  {
                                          "type":  "Polygon",
                                          "coordinates":  [
                                                              [
                                                                  85.112,
                                                                  25.568
                                                              ],
                                                              [
                                                                  85.12,
                                                                  25.568
                                                              ],
                                                              [
                                                                  85.12,
                                                                  25.576
                                                              ],
                                                              [
                                                                  85.112,
                                                                  25.576
                                                              ],
                                                              [
                                                                  85.112,
                                                                  25.568
                                                              ]
                                                          ]
                                      }
                     },
                     {
                         "type":  "Feature",
                         "properties":  {
                                            "zone_id":  "ZONE-0037",
                                            "accessibility_class":  "High Accessibility",
                                            "score":  3,
                                            "dist_to_highway_m":  156.9,
                                            "dist_to_vital_facility_m":  384.5,
                                            "area_sq_km":  0.712,
                                            "color":  "#2e7d32",
                                            "engineering_implication":  "High mobility \u0026 rapid emergency response (\u003c5 min)"
                                        },
                         "geometry":  {
                                          "type":  "Polygon",
                                          "coordinates":  [
                                                              [
                                                                  85.12,
                                                                  25.568
                                                              ],
                                                              [
                                                                  85.128,
                                                                  25.568
                                                              ],
                                                              [
                                                                  85.128,
                                                                  25.576
                                                              ],
                                                              [
                                                                  85.12,
                                                                  25.576
                                                              ],
                                                              [
                                                                  85.12,
                                                                  25.568
                                                              ]
                                                          ]
                                      }
                     },
                     {
                         "type":  "Feature",
                         "properties":  {
                                            "zone_id":  "ZONE-0038",
                                            "accessibility_class":  "High Accessibility",
                                            "score":  3,
                                            "dist_to_highway_m":  609.8,
                                            "dist_to_vital_facility_m":  614,
                                            "area_sq_km":  0.712,
                                            "color":  "#2e7d32",
                                            "engineering_implication":  "High mobility \u0026 rapid emergency response (\u003c5 min)"
                                        },
                         "geometry":  {
                                          "type":  "Polygon",
                                          "coordinates":  [
                                                              [
                                                                  85.128,
                                                                  25.568
                                                              ],
                                                              [
                                                                  85.136,
                                                                  25.568
                                                              ],
                                                              [
                                                                  85.136,
                                                                  25.576
                                                              ],
                                                              [
                                                                  85.128,
                                                                  25.576
                                                              ],
                                                              [
                                                                  85.128,
                                                                  25.568
                                                              ]
                                                          ]
                                      }
                     },
                     {
                         "type":  "Feature",
                         "properties":  {
                                            "zone_id":  "ZONE-0039",
                                            "accessibility_class":  "Moderate Accessibility",
                                            "score":  2,
                                            "dist_to_highway_m":  1355.5,
                                            "dist_to_vital_facility_m":  444.1,
                                            "area_sq_km":  0.712,
                                            "color":  "#f9a825",
                                            "engineering_implication":  "Moderate mobility; accessible via feeder roads (5-15 min)"
                                        },
                         "geometry":  {
                                          "type":  "Polygon",
                                          "coordinates":  [
                                                              [
                                                                  85.136,
                                                                  25.568
                                                              ],
                                                              [
                                                                  85.144,
                                                                  25.568
                                                              ],
                                                              [
                                                                  85.144,
                                                                  25.576
                                                              ],
                                                              [
                                                                  85.136,
                                                                  25.576
                                                              ],
                                                              [
                                                                  85.136,
                                                                  25.568
                                                              ]
                                                          ]
                                      }
                     },
                     {
                         "type":  "Feature",
                         "properties":  {
                                            "zone_id":  "ZONE-0040",
                                            "accessibility_class":  "Moderate Accessibility",
                                            "score":  2,
                                            "dist_to_highway_m":  1277.3,
                                            "dist_to_vital_facility_m":  673.7,
                                            "area_sq_km":  0.712,
                                            "color":  "#f9a825",
                                            "engineering_implication":  "Moderate mobility; accessible via feeder roads (5-15 min)"
                                        },
                         "geometry":  {
                                          "type":  "Polygon",
                                          "coordinates":  [
                                                              [
                                                                  85.144,
                                                                  25.568
                                                              ],
                                                              [
                                                                  85.152,
                                                                  25.568
                                                              ],
                                                              [
                                                                  85.152,
                                                                  25.576
                                                              ],
                                                              [
                                                                  85.144,
                                                                  25.576
                                                              ],
                                                              [
                                                                  85.144,
                                                                  25.568
                                                              ]
                                                          ]
                                      }
                     },
                     {
                         "type":  "Feature",
                         "properties":  {
                                            "zone_id":  "ZONE-0041",
                                            "accessibility_class":  "Moderate Accessibility",
                                            "score":  2,
                                            "dist_to_highway_m":  1329.8,
                                            "dist_to_vital_facility_m":  1413.6,
                                            "area_sq_km":  0.712,
                                            "color":  "#f9a825",
                                            "engineering_implication":  "Moderate mobility; accessible via feeder roads (5-15 min)"
                                        },
                         "geometry":  {
                                          "type":  "Polygon",
                                          "coordinates":  [
                                                              [
                                                                  85.152,
                                                                  25.568
                                                              ],
                                                              [
                                                                  85.16,
                                                                  25.568
                                                              ],
                                                              [
                                                                  85.16,
                                                                  25.576
                                                              ],
                                                              [
                                                                  85.152,
                                                                  25.576
                                                              ],
                                                              [
                                                                  85.152,
                                                                  25.568
                                                              ]
                                                          ]
                                      }
                     },
                     {
                         "type":  "Feature",
                         "properties":  {
                                            "zone_id":  "ZONE-0042",
                                            "accessibility_class":  "Moderate Accessibility",
                                            "score":  2,
                                            "dist_to_highway_m":  1417.5,
                                            "dist_to_vital_facility_m":  1364.7,
                                            "area_sq_km":  0.712,
                                            "color":  "#f9a825",
                                            "engineering_implication":  "Moderate mobility; accessible via feeder roads (5-15 min)"
                                        },
                         "geometry":  {
                                          "type":  "Polygon",
                                          "coordinates":  [
                                                              [
                                                                  85.16,
                                                                  25.568
                                                              ],
                                                              [
                                                                  85.168,
                                                                  25.568
                                                              ],
                                                              [
                                                                  85.168,
                                                                  25.576
                                                              ],
                                                              [
                                                                  85.16,
                                                                  25.576
                                                              ],
                                                              [
                                                                  85.16,
                                                                  25.568
                                                              ]
                                                          ]
                                      }
                     },
                     {
                         "type":  "Feature",
                         "properties":  {
                                            "zone_id":  "ZONE-0043",
                                            "accessibility_class":  "Moderate Accessibility",
                                            "score":  2,
                                            "dist_to_highway_m":  1471.5,
                                            "dist_to_vital_facility_m":  1224.2,
                                            "area_sq_km":  0.712,
                                            "color":  "#f9a825",
                                            "engineering_implication":  "Moderate mobility; accessible via feeder roads (5-15 min)"
                                        },
                         "geometry":  {
                                          "type":  "Polygon",
                                          "coordinates":  [
                                                              [
                                                                  85.168,
                                                                  25.568
                                                              ],
                                                              [
                                                                  85.176,
                                                                  25.568
                                                              ],
                                                              [
                                                                  85.176,
                                                                  25.576
                                                              ],
                                                              [
                                                                  85.168,
                                                                  25.576
                                                              ],
                                                              [
                                                                  85.168,
                                                                  25.568
                                                              ]
                                                          ]
                                      }
                     },
                     {
                         "type":  "Feature",
                         "properties":  {
                                            "zone_id":  "ZONE-0044",
                                            "accessibility_class":  "High Accessibility",
                                            "score":  3,
                                            "dist_to_highway_m":  788.6,
                                            "dist_to_vital_facility_m":  1154.8,
                                            "area_sq_km":  0.712,
                                            "color":  "#2e7d32",
                                            "engineering_implication":  "High mobility \u0026 rapid emergency response (\u003c5 min)"
                                        },
                         "geometry":  {
                                          "type":  "Polygon",
                                          "coordinates":  [
                                                              [
                                                                  85.176,
                                                                  25.568
                                                              ],
                                                              [
                                                                  85.184,
                                                                  25.568
                                                              ],
                                                              [
                                                                  85.184,
                                                                  25.576
                                                              ],
                                                              [
                                                                  85.176,
                                                                  25.576
                                                              ],
                                                              [
                                                                  85.176,
                                                                  25.568
                                                              ]
                                                          ]
                                      }
                     },
                     {
                         "type":  "Feature",
                         "properties":  {
                                            "zone_id":  "ZONE-0045",
                                            "accessibility_class":  "Moderate Accessibility",
                                            "score":  2,
                                            "dist_to_highway_m":  19.5,
                                            "dist_to_vital_facility_m":  1567.3,
                                            "area_sq_km":  0.712,
                                            "color":  "#f9a825",
                                            "engineering_implication":  "Moderate mobility; accessible via feeder roads (5-15 min)"
                                        },
                         "geometry":  {
                                          "type":  "Polygon",
                                          "coordinates":  [
                                                              [
                                                                  85.184,
                                                                  25.568
                                                              ],
                                                              [
                                                                  85.192,
                                                                  25.568
                                                              ],
                                                              [
                                                                  85.192,
                                                                  25.576
                                                              ],
                                                              [
                                                                  85.184,
                                                                  25.576
                                                              ],
                                                              [
                                                                  85.184,
                                                                  25.568
                                                              ]
                                                          ]
                                      }
                     },
                     {
                         "type":  "Feature",
                         "properties":  {
                                            "zone_id":  "ZONE-0046",
                                            "accessibility_class":  "Moderate Accessibility",
                                            "score":  2,
                                            "dist_to_highway_m":  735.2,
                                            "dist_to_vital_facility_m":  2206.2,
                                            "area_sq_km":  0.712,
                                            "color":  "#f9a825",
                                            "engineering_implication":  "Moderate mobility; accessible via feeder roads (5-15 min)"
                                        },
                         "geometry":  {
                                          "type":  "Polygon",
                                          "coordinates":  [
                                                              [
                                                                  85.192,
                                                                  25.568
                                                              ],
                                                              [
                                                                  85.2,
                                                                  25.568
                                                              ],
                                                              [
                                                                  85.2,
                                                                  25.576
                                                              ],
                                                              [
                                                                  85.192,
                                                                  25.576
                                                              ],
                                                              [
                                                                  85.192,
                                                                  25.568
                                                              ]
                                                          ]
                                      }
                     },
                     {
                         "type":  "Feature",
                         "properties":  {
                                            "zone_id":  "ZONE-0047",
                                            "accessibility_class":  "Moderate Accessibility",
                                            "score":  2,
                                            "dist_to_highway_m":  1303.9,
                                            "dist_to_vital_facility_m":  2926.7,
                                            "area_sq_km":  0.712,
                                            "color":  "#f9a825",
                                            "engineering_implication":  "Moderate mobility; accessible via feeder roads (5-15 min)"
                                        },
                         "geometry":  {
                                          "type":  "Polygon",
                                          "coordinates":  [
                                                              [
                                                                  85.2,
                                                                  25.568
                                                              ],
                                                              [
                                                                  85.208,
                                                                  25.568
                                                              ],
                                                              [
                                                                  85.208,
                                                                  25.576
                                                              ],
                                                              [
                                                                  85.2,
                                                                  25.576
                                                              ],
                                                              [
                                                                  85.2,
                                                                  25.568
                                                              ]
                                                          ]
                                      }
                     },
                     {
                         "type":  "Feature",
                         "properties":  {
                                            "zone_id":  "ZONE-0048",
                                            "accessibility_class":  "Moderate Accessibility",
                                            "score":  2,
                                            "dist_to_highway_m":  1110.7,
                                            "dist_to_vital_facility_m":  3085.7,
                                            "area_sq_km":  0.712,
                                            "color":  "#f9a825",
                                            "engineering_implication":  "Moderate mobility; accessible via feeder roads (5-15 min)"
                                        },
                         "geometry":  {
                                          "type":  "Polygon",
                                          "coordinates":  [
                                                              [
                                                                  85.208,
                                                                  25.568
                                                              ],
                                                              [
                                                                  85.216,
                                                                  25.568
                                                              ],
                                                              [
                                                                  85.216,
                                                                  25.576
                                                              ],
                                                              [
                                                                  85.208,
                                                                  25.576
                                                              ],
                                                              [
                                                                  85.208,
                                                                  25.568
                                                              ]
                                                          ]
                                      }
                     },
                     {
                         "type":  "Feature",
                         "properties":  {
                                            "zone_id":  "ZONE-0049",
                                            "accessibility_class":  "Moderate Accessibility",
                                            "score":  2,
                                            "dist_to_highway_m":  837.5,
                                            "dist_to_vital_facility_m":  3001.4,
                                            "area_sq_km":  0.712,
                                            "color":  "#f9a825",
                                            "engineering_implication":  "Moderate mobility; accessible via feeder roads (5-15 min)"
                                        },
                         "geometry":  {
                                          "type":  "Polygon",
                                          "coordinates":  [
                                                              [
                                                                  85.216,
                                                                  25.568
                                                              ],
                                                              [
                                                                  85.224,
                                                                  25.568
                                                              ],
                                                              [
                                                                  85.224,
                                                                  25.576
                                                              ],
                                                              [
                                                                  85.216,
                                                                  25.576
                                                              ],
                                                              [
                                                                  85.216,
                                                                  25.568
                                                              ]
                                                          ]
                                      }
                     },
                     {
                         "type":  "Feature",
                         "properties":  {
                                            "zone_id":  "ZONE-0050",
                                            "accessibility_class":  "Moderate Accessibility",
                                            "score":  2,
                                            "dist_to_highway_m":  455.6,
                                            "dist_to_vital_facility_m":  2910.6,
                                            "area_sq_km":  0.712,
                                            "color":  "#f9a825",
                                            "engineering_implication":  "Moderate mobility; accessible via feeder roads (5-15 min)"
                                        },
                         "geometry":  {
                                          "type":  "Polygon",
                                          "coordinates":  [
                                                              [
                                                                  85.224,
                                                                  25.568
                                                              ],
                                                              [
                                                                  85.232,
                                                                  25.568
                                                              ],
                                                              [
                                                                  85.232,
                                                                  25.576
                                                              ],
                                                              [
                                                                  85.224,
                                                                  25.576
                                                              ],
                                                              [
                                                                  85.224,
                                                                  25.568
                                                              ]
                                                          ]
                                      }
                     },
                     {
                         "type":  "Feature",
                         "properties":  {
                                            "zone_id":  "ZONE-0051",
                                            "accessibility_class":  "Moderate Accessibility",
                                            "score":  2,
                                            "dist_to_highway_m":  191.5,
                                            "dist_to_vital_facility_m":  3036.8,
                                            "area_sq_km":  0.712,
                                            "color":  "#f9a825",
                                            "engineering_implication":  "Moderate mobility; accessible via feeder roads (5-15 min)"
                                        },
                         "geometry":  {
                                          "type":  "Polygon",
                                          "coordinates":  [
                                                              [
                                                                  85.232,
                                                                  25.568
                                                              ],
                                                              [
                                                                  85.24,
                                                                  25.568
                                                              ],
                                                              [
                                                                  85.24,
                                                                  25.576
                                                              ],
                                                              [
                                                                  85.232,
                                                                  25.576
                                                              ],
                                                              [
                                                                  85.232,
                                                                  25.568
                                                              ]
                                                          ]
                                      }
                     },
                     {
                         "type":  "Feature",
                         "properties":  {
                                            "zone_id":  "ZONE-0052",
                                            "accessibility_class":  "Moderate Accessibility",
                                            "score":  2,
                                            "dist_to_highway_m":  18.8,
                                            "dist_to_vital_facility_m":  3355.6,
                                            "area_sq_km":  0.712,
                                            "color":  "#f9a825",
                                            "engineering_implication":  "Moderate mobility; accessible via feeder roads (5-15 min)"
                                        },
                         "geometry":  {
                                          "type":  "Polygon",
                                          "coordinates":  [
                                                              [
                                                                  85.24,
                                                                  25.568
                                                              ],
                                                              [
                                                                  85.248,
                                                                  25.568
                                                              ],
                                                              [
                                                                  85.248,
                                                                  25.576
                                                              ],
                                                              [
                                                                  85.24,
                                                                  25.576
                                                              ],
                                                              [
                                                                  85.24,
                                                                  25.568
                                                              ]
                                                          ]
                                      }
                     },
                     {
                         "type":  "Feature",
                         "properties":  {
                                            "zone_id":  "ZONE-0053",
                                            "accessibility_class":  "High Accessibility",
                                            "score":  3,
                                            "dist_to_highway_m":  283.2,
                                            "dist_to_vital_facility_m":  471.4,
                                            "area_sq_km":  0.712,
                                            "color":  "#2e7d32",
                                            "engineering_implication":  "High mobility \u0026 rapid emergency response (\u003c5 min)"
                                        },
                         "geometry":  {
                                          "type":  "Polygon",
                                          "coordinates":  [
                                                              [
                                                                  85.04,
                                                                  25.576
                                                              ],
                                                              [
                                                                  85.048,
                                                                  25.576
                                                              ],
                                                              [
                                                                  85.048,
                                                                  25.584
                                                              ],
                                                              [
                                                                  85.04,
                                                                  25.584
                                                              ],
                                                              [
                                                                  85.04,
                                                                  25.576
                                                              ]
                                                          ]
                                      }
                     },
                     {
                         "type":  "Feature",
                         "properties":  {
                                            "zone_id":  "ZONE-0054",
                                            "accessibility_class":  "High Accessibility",
                                            "score":  3,
                                            "dist_to_highway_m":  105.6,
                                            "dist_to_vital_facility_m":  426,
                                            "area_sq_km":  0.712,
                                            "color":  "#2e7d32",
                                            "engineering_implication":  "High mobility \u0026 rapid emergency response (\u003c5 min)"
                                        },
                         "geometry":  {
                                          "type":  "Polygon",
                                          "coordinates":  [
                                                              [
                                                                  85.048,
                                                                  25.576
                                                              ],
                                                              [
                                                                  85.056,
                                                                  25.576
                                                              ],
                                                              [
                                                                  85.056,
                                                                  25.584
                                                              ],
                                                              [
                                                                  85.048,
                                                                  25.584
                                                              ],
                                                              [
                                                                  85.048,
                                                                  25.576
                                                              ]
                                                          ]
                                      }
                     },
                     {
                         "type":  "Feature",
                         "properties":  {
                                            "zone_id":  "ZONE-0055",
                                            "accessibility_class":  "High Accessibility",
                                            "score":  3,
                                            "dist_to_highway_m":  334.5,
                                            "dist_to_vital_facility_m":  699.3,
                                            "area_sq_km":  0.712,
                                            "color":  "#2e7d32",
                                            "engineering_implication":  "High mobility \u0026 rapid emergency response (\u003c5 min)"
                                        },
                         "geometry":  {
                                          "type":  "Polygon",
                                          "coordinates":  [
                                                              [
                                                                  85.056,
                                                                  25.576
                                                              ],
                                                              [
                                                                  85.064,
                                                                  25.576
                                                              ],
                                                              [
                                                                  85.064,
                                                                  25.584
                                                              ],
                                                              [
                                                                  85.056,
                                                                  25.584
                                                              ],
                                                              [
                                                                  85.056,
                                                                  25.576
                                                              ]
                                                          ]
                                      }
                     },
                     {
                         "type":  "Feature",
                         "properties":  {
                                            "zone_id":  "ZONE-0056",
                                            "accessibility_class":  "High Accessibility",
                                            "score":  3,
                                            "dist_to_highway_m":  321.9,
                                            "dist_to_vital_facility_m":  459.1,
                                            "area_sq_km":  0.712,
                                            "color":  "#2e7d32",
                                            "engineering_implication":  "High mobility \u0026 rapid emergency response (\u003c5 min)"
                                        },
                         "geometry":  {
                                          "type":  "Polygon",
                                          "coordinates":  [
                                                              [
                                                                  85.064,
                                                                  25.576
                                                              ],
                                                              [
                                                                  85.072,
                                                                  25.576
                                                              ],
                                                              [
                                                                  85.072,
                                                                  25.584
                                                              ],
                                                              [
                                                                  85.064,
                                                                  25.584
                                                              ],
                                                              [
                                                                  85.064,
                                                                  25.576
                                                              ]
                                                          ]
                                      }
                     },
                     {
                         "type":  "Feature",
                         "properties":  {
                                            "zone_id":  "ZONE-0057",
                                            "accessibility_class":  "High Accessibility",
                                            "score":  3,
                                            "dist_to_highway_m":  103.8,
                                            "dist_to_vital_facility_m":  439.5,
                                            "area_sq_km":  0.712,
                                            "color":  "#2e7d32",
                                            "engineering_implication":  "High mobility \u0026 rapid emergency response (\u003c5 min)"
                                        },
                         "geometry":  {
                                          "type":  "Polygon",
                                          "coordinates":  [
                                                              [
                                                                  85.072,
                                                                  25.576
                                                              ],
                                                              [
                                                                  85.08,
                                                                  25.576
                                                              ],
                                                              [
                                                                  85.08,
                                                                  25.584
                                                              ],
                                                              [
                                                                  85.072,
                                                                  25.584
                                                              ],
                                                              [
                                                                  85.072,
                                                                  25.576
                                                              ]
                                                          ]
                                      }
                     },
                     {
                         "type":  "Feature",
                         "properties":  {
                                            "zone_id":  "ZONE-0058",
                                            "accessibility_class":  "High Accessibility",
                                            "score":  3,
                                            "dist_to_highway_m":  42,
                                            "dist_to_vital_facility_m":  265.2,
                                            "area_sq_km":  0.712,
                                            "color":  "#2e7d32",
                                            "engineering_implication":  "High mobility \u0026 rapid emergency response (\u003c5 min)"
                                        },
                         "geometry":  {
                                          "type":  "Polygon",
                                          "coordinates":  [
                                                              [
                                                                  85.08,
                                                                  25.576
                                                              ],
                                                              [
                                                                  85.088,
                                                                  25.576
                                                              ],
                                                              [
                                                                  85.088,
                                                                  25.584
                                                              ],
                                                              [
                                                                  85.08,
                                                                  25.584
                                                              ],
                                                              [
                                                                  85.08,
                                                                  25.576
                                                              ]
                                                          ]
                                      }
                     },
                     {
                         "type":  "Feature",
                         "properties":  {
                                            "zone_id":  "ZONE-0059",
                                            "accessibility_class":  "High Accessibility",
                                            "score":  3,
                                            "dist_to_highway_m":  352.5,
                                            "dist_to_vital_facility_m":  750.8,
                                            "area_sq_km":  0.712,
                                            "color":  "#2e7d32",
                                            "engineering_implication":  "High mobility \u0026 rapid emergency response (\u003c5 min)"
                                        },
                         "geometry":  {
                                          "type":  "Polygon",
                                          "coordinates":  [
                                                              [
                                                                  85.088,
                                                                  25.576
                                                              ],
                                                              [
                                                                  85.096,
                                                                  25.576
                                                              ],
                                                              [
                                                                  85.096,
                                                                  25.584
                                                              ],
                                                              [
                                                                  85.088,
                                                                  25.584
                                                              ],
                                                              [
                                                                  85.088,
                                                                  25.576
                                                              ]
                                                          ]
                                      }
                     },
                     {
                         "type":  "Feature",
                         "properties":  {
                                            "zone_id":  "ZONE-0060",
                                            "accessibility_class":  "Moderate Accessibility",
                                            "score":  2,
                                            "dist_to_highway_m":  132.2,
                                            "dist_to_vital_facility_m":  1531.2,
                                            "area_sq_km":  0.712,
                                            "color":  "#f9a825",
                                            "engineering_implication":  "Moderate mobility; accessible via feeder roads (5-15 min)"
                                        },
                         "geometry":  {
                                          "type":  "Polygon",
                                          "coordinates":  [
                                                              [
                                                                  85.096,
                                                                  25.576
                                                              ],
                                                              [
                                                                  85.104,
                                                                  25.576
                                                              ],
                                                              [
                                                                  85.104,
                                                                  25.584
                                                              ],
                                                              [
                                                                  85.096,
                                                                  25.584
                                                              ],
                                                              [
                                                                  85.096,
                                                                  25.576
                                                              ]
                                                          ]
                                      }
                     },
                     {
                         "type":  "Feature",
                         "properties":  {
                                            "zone_id":  "ZONE-0061",
                                            "accessibility_class":  "Moderate Accessibility",
                                            "score":  2,
                                            "dist_to_highway_m":  125.5,
                                            "dist_to_vital_facility_m":  1328.2,
                                            "area_sq_km":  0.712,
                                            "color":  "#f9a825",
                                            "engineering_implication":  "Moderate mobility; accessible via feeder roads (5-15 min)"
                                        },
                         "geometry":  {
                                          "type":  "Polygon",
                                          "coordinates":  [
                                                              [
                                                                  85.104,
                                                                  25.576
                                                              ],
                                                              [
                                                                  85.112,
                                                                  25.576
                                                              ],
                                                              [
                                                                  85.112,
                                                                  25.584
                                                              ],
                                                              [
                                                                  85.104,
                                                                  25.584
                                                              ],
                                                              [
                                                                  85.104,
                                                                  25.576
                                                              ]
                                                          ]
                                      }
                     },
                     {
                         "type":  "Feature",
                         "properties":  {
                                            "zone_id":  "ZONE-0062",
                                            "accessibility_class":  "High Accessibility",
                                            "score":  3,
                                            "dist_to_highway_m":  166.8,
                                            "dist_to_vital_facility_m":  648.1,
                                            "area_sq_km":  0.712,
                                            "color":  "#2e7d32",
                                            "engineering_implication":  "High mobility \u0026 rapid emergency response (\u003c5 min)"
                                        },
                         "geometry":  {
                                          "type":  "Polygon",
                                          "coordinates":  [
                                                              [
                                                                  85.112,
                                                                  25.576
                                                              ],
                                                              [
                                                                  85.12,
                                                                  25.576
                                                              ],
                                                              [
                                                                  85.12,
                                                                  25.584
                                                              ],
                                                              [
                                                                  85.112,
                                                                  25.584
                                                              ],
                                                              [
                                                                  85.112,
                                                                  25.576
                                                              ]
                                                          ]
                                      }
                     },
                     {
                         "type":  "Feature",
                         "properties":  {
                                            "zone_id":  "ZONE-0063",
                                            "accessibility_class":  "High Accessibility",
                                            "score":  3,
                                            "dist_to_highway_m":  389.3,
                                            "dist_to_vital_facility_m":  85.7,
                                            "area_sq_km":  0.712,
                                            "color":  "#2e7d32",
                                            "engineering_implication":  "High mobility \u0026 rapid emergency response (\u003c5 min)"
                                        },
                         "geometry":  {
                                          "type":  "Polygon",
                                          "coordinates":  [
                                                              [
                                                                  85.12,
                                                                  25.576
                                                              ],
                                                              [
                                                                  85.128,
                                                                  25.576
                                                              ],
                                                              [
                                                                  85.128,
                                                                  25.584
                                                              ],
                                                              [
                                                                  85.12,
                                                                  25.584
                                                              ],
                                                              [
                                                                  85.12,
                                                                  25.576
                                                              ]
                                                          ]
                                      }
                     },
                     {
                         "type":  "Feature",
                         "properties":  {
                                            "zone_id":  "ZONE-0064",
                                            "accessibility_class":  "High Accessibility",
                                            "score":  3,
                                            "dist_to_highway_m":  361.9,
                                            "dist_to_vital_facility_m":  610.3,
                                            "area_sq_km":  0.712,
                                            "color":  "#2e7d32",
                                            "engineering_implication":  "High mobility \u0026 rapid emergency response (\u003c5 min)"
                                        },
                         "geometry":  {
                                          "type":  "Polygon",
                                          "coordinates":  [
                                                              [
                                                                  85.128,
                                                                  25.576
                                                              ],
                                                              [
                                                                  85.136,
                                                                  25.576
                                                              ],
                                                              [
                                                                  85.136,
                                                                  25.584
                                                              ],
                                                              [
                                                                  85.128,
                                                                  25.584
                                                              ],
                                                              [
                                                                  85.128,
                                                                  25.576
                                                              ]
                                                          ]
                                      }
                     },
                     {
                         "type":  "Feature",
                         "properties":  {
                                            "zone_id":  "ZONE-0065",
                                            "accessibility_class":  "High Accessibility",
                                            "score":  3,
                                            "dist_to_highway_m":  475.8,
                                            "dist_to_vital_facility_m":  241.1,
                                            "area_sq_km":  0.712,
                                            "color":  "#2e7d32",
                                            "engineering_implication":  "High mobility \u0026 rapid emergency response (\u003c5 min)"
                                        },
                         "geometry":  {
                                          "type":  "Polygon",
                                          "coordinates":  [
                                                              [
                                                                  85.136,
                                                                  25.576
                                                              ],
                                                              [
                                                                  85.144,
                                                                  25.576
                                                              ],
                                                              [
                                                                  85.144,
                                                                  25.584
                                                              ],
                                                              [
                                                                  85.136,
                                                                  25.584
                                                              ],
                                                              [
                                                                  85.136,
                                                                  25.576
                                                              ]
                                                          ]
                                      }
                     },
                     {
                         "type":  "Feature",
                         "properties":  {
                                            "zone_id":  "ZONE-0066",
                                            "accessibility_class":  "High Accessibility",
                                            "score":  3,
                                            "dist_to_highway_m":  391,
                                            "dist_to_vital_facility_m":  512.1,
                                            "area_sq_km":  0.712,
                                            "color":  "#2e7d32",
                                            "engineering_implication":  "High mobility \u0026 rapid emergency response (\u003c5 min)"
                                        },
                         "geometry":  {
                                          "type":  "Polygon",
                                          "coordinates":  [
                                                              [
                                                                  85.144,
                                                                  25.576
                                                              ],
                                                              [
                                                                  85.152,
                                                                  25.576
                                                              ],
                                                              [
                                                                  85.152,
                                                                  25.584
                                                              ],
                                                              [
                                                                  85.144,
                                                                  25.584
                                                              ],
                                                              [
                                                                  85.144,
                                                                  25.576
                                                              ]
                                                          ]
                                      }
                     },
                     {
                         "type":  "Feature",
                         "properties":  {
                                            "zone_id":  "ZONE-0067",
                                            "accessibility_class":  "High Accessibility",
                                            "score":  3,
                                            "dist_to_highway_m":  443.4,
                                            "dist_to_vital_facility_m":  725.4,
                                            "area_sq_km":  0.712,
                                            "color":  "#2e7d32",
                                            "engineering_implication":  "High mobility \u0026 rapid emergency response (\u003c5 min)"
                                        },
                         "geometry":  {
                                          "type":  "Polygon",
                                          "coordinates":  [
                                                              [
                                                                  85.152,
                                                                  25.576
                                                              ],
                                                              [
                                                                  85.16,
                                                                  25.576
                                                              ],
                                                              [
                                                                  85.16,
                                                                  25.584
                                                              ],
                                                              [
                                                                  85.152,
                                                                  25.584
                                                              ],
                                                              [
                                                                  85.152,
                                                                  25.576
                                                              ]
                                                          ]
                                      }
                     },
                     {
                         "type":  "Feature",
                         "properties":  {
                                            "zone_id":  "ZONE-0068",
                                            "accessibility_class":  "High Accessibility",
                                            "score":  3,
                                            "dist_to_highway_m":  535.4,
                                            "dist_to_vital_facility_m":  481.7,
                                            "area_sq_km":  0.712,
                                            "color":  "#2e7d32",
                                            "engineering_implication":  "High mobility \u0026 rapid emergency response (\u003c5 min)"
                                        },
                         "geometry":  {
                                          "type":  "Polygon",
                                          "coordinates":  [
                                                              [
                                                                  85.16,
                                                                  25.576
                                                              ],
                                                              [
                                                                  85.168,
                                                                  25.576
                                                              ],
                                                              [
                                                                  85.168,
                                                                  25.584
                                                              ],
                                                              [
                                                                  85.16,
                                                                  25.584
                                                              ],
                                                              [
                                                                  85.16,
                                                                  25.576
                                                              ]
                                                          ]
                                      }
                     },
                     {
                         "type":  "Feature",
                         "properties":  {
                                            "zone_id":  "ZONE-0069",
                                            "accessibility_class":  "High Accessibility",
                                            "score":  3,
                                            "dist_to_highway_m":  585.2,
                                            "dist_to_vital_facility_m":  673.2,
                                            "area_sq_km":  0.712,
                                            "color":  "#2e7d32",
                                            "engineering_implication":  "High mobility \u0026 rapid emergency response (\u003c5 min)"
                                        },
                         "geometry":  {
                                          "type":  "Polygon",
                                          "coordinates":  [
                                                              [
                                                                  85.168,
                                                                  25.576
                                                              ],
                                                              [
                                                                  85.176,
                                                                  25.576
                                                              ],
                                                              [
                                                                  85.176,
                                                                  25.584
                                                              ],
                                                              [
                                                                  85.168,
                                                                  25.584
                                                              ],
                                                              [
                                                                  85.168,
                                                                  25.576
                                                              ]
                                                          ]
                                      }
                     },
                     {
                         "type":  "Feature",
                         "properties":  {
                                            "zone_id":  "ZONE-0070",
                                            "accessibility_class":  "High Accessibility",
                                            "score":  3,
                                            "dist_to_highway_m":  575.1,
                                            "dist_to_vital_facility_m":  873.6,
                                            "area_sq_km":  0.712,
                                            "color":  "#2e7d32",
                                            "engineering_implication":  "High mobility \u0026 rapid emergency response (\u003c5 min)"
                                        },
                         "geometry":  {
                                          "type":  "Polygon",
                                          "coordinates":  [
                                                              [
                                                                  85.176,
                                                                  25.576
                                                              ],
                                                              [
                                                                  85.184,
                                                                  25.576
                                                              ],
                                                              [
                                                                  85.184,
                                                                  25.584
                                                              ],
                                                              [
                                                                  85.176,
                                                                  25.584
                                                              ],
                                                              [
                                                                  85.176,
                                                                  25.576
                                                              ]
                                                          ]
                                      }
                     },
                     {
                         "type":  "Feature",
                         "properties":  {
                                            "zone_id":  "ZONE-0071",
                                            "accessibility_class":  "Moderate Accessibility",
                                            "score":  2,
                                            "dist_to_highway_m":  244.5,
                                            "dist_to_vital_facility_m":  1301.4,
                                            "area_sq_km":  0.712,
                                            "color":  "#f9a825",
                                            "engineering_implication":  "Moderate mobility; accessible via feeder roads (5-15 min)"
                                        },
                         "geometry":  {
                                          "type":  "Polygon",
                                          "coordinates":  [
                                                              [
                                                                  85.184,
                                                                  25.576
                                                              ],
                                                              [
                                                                  85.192,
                                                                  25.576
                                                              ],
                                                              [
                                                                  85.192,
                                                                  25.584
                                                              ],
                                                              [
                                                                  85.184,
                                                                  25.584
                                                              ],
                                                              [
                                                                  85.184,
                                                                  25.576
                                                              ]
                                                          ]
                                      }
                     },
                     {
                         "type":  "Feature",
                         "properties":  {
                                            "zone_id":  "ZONE-0072",
                                            "accessibility_class":  "Moderate Accessibility",
                                            "score":  2,
                                            "dist_to_highway_m":  539,
                                            "dist_to_vital_facility_m":  1765.7,
                                            "area_sq_km":  0.712,
                                            "color":  "#f9a825",
                                            "engineering_implication":  "Moderate mobility; accessible via feeder roads (5-15 min)"
                                        },
                         "geometry":  {
                                          "type":  "Polygon",
                                          "coordinates":  [
                                                              [
                                                                  85.192,
                                                                  25.576
                                                              ],
                                                              [
                                                                  85.2,
                                                                  25.576
                                                              ],
                                                              [
                                                                  85.2,
                                                                  25.584
                                                              ],
                                                              [
                                                                  85.192,
                                                                  25.584
                                                              ],
                                                              [
                                                                  85.192,
                                                                  25.576
                                                              ]
                                                          ]
                                      }
                     },
                     {
                         "type":  "Feature",
                         "properties":  {
                                            "zone_id":  "ZONE-0073",
                                            "accessibility_class":  "Moderate Accessibility",
                                            "score":  2,
                                            "dist_to_highway_m":  428.5,
                                            "dist_to_vital_facility_m":  2114.2,
                                            "area_sq_km":  0.712,
                                            "color":  "#f9a825",
                                            "engineering_implication":  "Moderate mobility; accessible via feeder roads (5-15 min)"
                                        },
                         "geometry":  {
                                          "type":  "Polygon",
                                          "coordinates":  [
                                                              [
                                                                  85.2,
                                                                  25.576
                                                              ],
                                                              [
                                                                  85.208,
                                                                  25.576
                                                              ],
                                                              [
                                                                  85.208,
                                                                  25.584
                                                              ],
                                                              [
                                                                  85.2,
                                                                  25.584
                                                              ],
                                                              [
                                                                  85.2,
                                                                  25.576
                                                              ]
                                                          ]
                                      }
                     },
                     {
                         "type":  "Feature",
                         "properties":  {
                                            "zone_id":  "ZONE-0074",
                                            "accessibility_class":  "Moderate Accessibility",
                                            "score":  2,
                                            "dist_to_highway_m":  253.7,
                                            "dist_to_vital_facility_m":  2199.5,
                                            "area_sq_km":  0.712,
                                            "color":  "#f9a825",
                                            "engineering_implication":  "Moderate mobility; accessible via feeder roads (5-15 min)"
                                        },
                         "geometry":  {
                                          "type":  "Polygon",
                                          "coordinates":  [
                                                              [
                                                                  85.208,
                                                                  25.576
                                                              ],
                                                              [
                                                                  85.216,
                                                                  25.576
                                                              ],
                                                              [
                                                                  85.216,
                                                                  25.584
                                                              ],
                                                              [
                                                                  85.208,
                                                                  25.584
                                                              ],
                                                              [
                                                                  85.208,
                                                                  25.576
                                                              ]
                                                          ]
                                      }
                     },
                     {
                         "type":  "Feature",
                         "properties":  {
                                            "zone_id":  "ZONE-0075",
                                            "accessibility_class":  "Moderate Accessibility",
                                            "score":  2,
                                            "dist_to_highway_m":  37.9,
                                            "dist_to_vital_facility_m":  2150,
                                            "area_sq_km":  0.712,
                                            "color":  "#f9a825",
                                            "engineering_implication":  "Moderate mobility; accessible via feeder roads (5-15 min)"
                                        },
                         "geometry":  {
                                          "type":  "Polygon",
                                          "coordinates":  [
                                                              [
                                                                  85.216,
                                                                  25.576
                                                              ],
                                                              [
                                                                  85.224,
                                                                  25.576
                                                              ],
                                                              [
                                                                  85.224,
                                                                  25.584
                                                              ],
                                                              [
                                                                  85.216,
                                                                  25.584
                                                              ],
                                                              [
                                                                  85.216,
                                                                  25.576
                                                              ]
                                                          ]
                                      }
                     },
                     {
                         "type":  "Feature",
                         "properties":  {
                                            "zone_id":  "ZONE-0076",
                                            "accessibility_class":  "Moderate Accessibility",
                                            "score":  2,
                                            "dist_to_highway_m":  308.7,
                                            "dist_to_vital_facility_m":  2021.4,
                                            "area_sq_km":  0.712,
                                            "color":  "#f9a825",
                                            "engineering_implication":  "Moderate mobility; accessible via feeder roads (5-15 min)"
                                        },
                         "geometry":  {
                                          "type":  "Polygon",
                                          "coordinates":  [
                                                              [
                                                                  85.224,
                                                                  25.576
                                                              ],
                                                              [
                                                                  85.232,
                                                                  25.576
                                                              ],
                                                              [
                                                                  85.232,
                                                                  25.584
                                                              ],
                                                              [
                                                                  85.224,
                                                                  25.584
                                                              ],
                                                              [
                                                                  85.224,
                                                                  25.576
                                                              ]
                                                          ]
                                      }
                     },
                     {
                         "type":  "Feature",
                         "properties":  {
                                            "zone_id":  "ZONE-0077",
                                            "accessibility_class":  "Moderate Accessibility",
                                            "score":  2,
                                            "dist_to_highway_m":  643.2,
                                            "dist_to_vital_facility_m":  2199.2,
                                            "area_sq_km":  0.712,
                                            "color":  "#f9a825",
                                            "engineering_implication":  "Moderate mobility; accessible via feeder roads (5-15 min)"
                                        },
                         "geometry":  {
                                          "type":  "Polygon",
                                          "coordinates":  [
                                                              [
                                                                  85.232,
                                                                  25.576
                                                              ],
                                                              [
                                                                  85.24,
                                                                  25.576
                                                              ],
                                                              [
                                                                  85.24,
                                                                  25.584
                                                              ],
                                                              [
                                                                  85.232,
                                                                  25.584
                                                              ],
                                                              [
                                                                  85.232,
                                                                  25.576
                                                              ]
                                                          ]
                                      }
                     },
                     {
                         "type":  "Feature",
                         "properties":  {
                                            "zone_id":  "ZONE-0078",
                                            "accessibility_class":  "Moderate Accessibility",
                                            "score":  2,
                                            "dist_to_highway_m":  388.2,
                                            "dist_to_vital_facility_m":  2621.9,
                                            "area_sq_km":  0.712,
                                            "color":  "#f9a825",
                                            "engineering_implication":  "Moderate mobility; accessible via feeder roads (5-15 min)"
                                        },
                         "geometry":  {
                                          "type":  "Polygon",
                                          "coordinates":  [
                                                              [
                                                                  85.24,
                                                                  25.576
                                                              ],
                                                              [
                                                                  85.248,
                                                                  25.576
                                                              ],
                                                              [
                                                                  85.248,
                                                                  25.584
                                                              ],
                                                              [
                                                                  85.24,
                                                                  25.584
                                                              ],
                                                              [
                                                                  85.24,
                                                                  25.576
                                                              ]
                                                          ]
                                      }
                     },
                     {
                         "type":  "Feature",
                         "properties":  {
                                            "zone_id":  "ZONE-0079",
                                            "accessibility_class":  "High Accessibility",
                                            "score":  3,
                                            "dist_to_highway_m":  540,
                                            "dist_to_vital_facility_m":  1054.5,
                                            "area_sq_km":  0.712,
                                            "color":  "#2e7d32",
                                            "engineering_implication":  "High mobility \u0026 rapid emergency response (\u003c5 min)"
                                        },
                         "geometry":  {
                                          "type":  "Polygon",
                                          "coordinates":  [
                                                              [
                                                                  85.04,
                                                                  25.584
                                                              ],
                                                              [
                                                                  85.048,
                                                                  25.584
                                                              ],
                                                              [
                                                                  85.048,
                                                                  25.592
                                                              ],
                                                              [
                                                                  85.04,
                                                                  25.592
                                                              ],
                                                              [
                                                                  85.04,
                                                                  25.584
                                                              ]
                                                          ]
                                      }
                     },
                     {
                         "type":  "Feature",
                         "properties":  {
                                            "zone_id":  "ZONE-0080",
                                            "accessibility_class":  "High Accessibility",
                                            "score":  3,
                                            "dist_to_highway_m":  466.1,
                                            "dist_to_vital_facility_m":  252.5,
                                            "area_sq_km":  0.712,
                                            "color":  "#2e7d32",
                                            "engineering_implication":  "High mobility \u0026 rapid emergency response (\u003c5 min)"
                                        },
                         "geometry":  {
                                          "type":  "Polygon",
                                          "coordinates":  [
                                                              [
                                                                  85.048,
                                                                  25.584
                                                              ],
                                                              [
                                                                  85.056,
                                                                  25.584
                                                              ],
                                                              [
                                                                  85.056,
                                                                  25.592
                                                              ],
                                                              [
                                                                  85.048,
                                                                  25.592
                                                              ],
                                                              [
                                                                  85.048,
                                                                  25.584
                                                              ]
                                                          ]
                                      }
                     },
                     {
                         "type":  "Feature",
                         "properties":  {
                                            "zone_id":  "ZONE-0081",
                                            "accessibility_class":  "High Accessibility",
                                            "score":  3,
                                            "dist_to_highway_m":  835.1,
                                            "dist_to_vital_facility_m":  550.4,
                                            "area_sq_km":  0.712,
                                            "color":  "#2e7d32",
                                            "engineering_implication":  "High mobility \u0026 rapid emergency response (\u003c5 min)"
                                        },
                         "geometry":  {
                                          "type":  "Polygon",
                                          "coordinates":  [
                                                              [
                                                                  85.056,
                                                                  25.584
                                                              ],
                                                              [
                                                                  85.064,
                                                                  25.584
                                                              ],
                                                              [
                                                                  85.064,
                                                                  25.592
                                                              ],
                                                              [
                                                                  85.056,
                                                                  25.592
                                                              ],
                                                              [
                                                                  85.056,
                                                                  25.584
                                                              ]
                                                          ]
                                      }
                     },
                     {
                         "type":  "Feature",
                         "properties":  {
                                            "zone_id":  "ZONE-0082",
                                            "accessibility_class":  "Moderate Accessibility",
                                            "score":  2,
                                            "dist_to_highway_m":  1133.1,
                                            "dist_to_vital_facility_m":  1166.9,
                                            "area_sq_km":  0.712,
                                            "color":  "#f9a825",
                                            "engineering_implication":  "Moderate mobility; accessible via feeder roads (5-15 min)"
                                        },
                         "geometry":  {
                                          "type":  "Polygon",
                                          "coordinates":  [
                                                              [
                                                                  85.064,
                                                                  25.584
                                                              ],
                                                              [
                                                                  85.072,
                                                                  25.584
                                                              ],
                                                              [
                                                                  85.072,
                                                                  25.592
                                                              ],
                                                              [
                                                                  85.064,
                                                                  25.592
                                                              ],
                                                              [
                                                                  85.064,
                                                                  25.584
                                                              ]
                                                          ]
                                      }
                     },
                     {
                         "type":  "Feature",
                         "properties":  {
                                            "zone_id":  "ZONE-0083",
                                            "accessibility_class":  "High Accessibility",
                                            "score":  3,
                                            "dist_to_highway_m":  978.4,
                                            "dist_to_vital_facility_m":  1159.3,
                                            "area_sq_km":  0.712,
                                            "color":  "#2e7d32",
                                            "engineering_implication":  "High mobility \u0026 rapid emergency response (\u003c5 min)"
                                        },
                         "geometry":  {
                                          "type":  "Polygon",
                                          "coordinates":  [
                                                              [
                                                                  85.072,
                                                                  25.584
                                                              ],
                                                              [
                                                                  85.08,
                                                                  25.584
                                                              ],
                                                              [
                                                                  85.08,
                                                                  25.592
                                                              ],
                                                              [
                                                                  85.072,
                                                                  25.592
                                                              ],
                                                              [
                                                                  85.072,
                                                                  25.584
                                                              ]
                                                          ]
                                      }
                     },
                     {
                         "type":  "Feature",
                         "properties":  {
                                            "zone_id":  "ZONE-0084",
                                            "accessibility_class":  "High Accessibility",
                                            "score":  3,
                                            "dist_to_highway_m":  772.3,
                                            "dist_to_vital_facility_m":  1141.5,
                                            "area_sq_km":  0.712,
                                            "color":  "#2e7d32",
                                            "engineering_implication":  "High mobility \u0026 rapid emergency response (\u003c5 min)"
                                        },
                         "geometry":  {
                                          "type":  "Polygon",
                                          "coordinates":  [
                                                              [
                                                                  85.08,
                                                                  25.584
                                                              ],
                                                              [
                                                                  85.088,
                                                                  25.584
                                                              ],
                                                              [
                                                                  85.088,
                                                                  25.592
                                                              ],
                                                              [
                                                                  85.08,
                                                                  25.592
                                                              ],
                                                              [
                                                                  85.08,
                                                                  25.584
                                                              ]
                                                          ]
                                      }
                     },
                     {
                         "type":  "Feature",
                         "properties":  {
                                            "zone_id":  "ZONE-0085",
                                            "accessibility_class":  "Moderate Accessibility",
                                            "score":  2,
                                            "dist_to_highway_m":  437,
                                            "dist_to_vital_facility_m":  1340.2,
                                            "area_sq_km":  0.712,
                                            "color":  "#f9a825",
                                            "engineering_implication":  "Moderate mobility; accessible via feeder roads (5-15 min)"
                                        },
                         "geometry":  {
                                          "type":  "Polygon",
                                          "coordinates":  [
                                                              [
                                                                  85.088,
                                                                  25.584
                                                              ],
                                                              [
                                                                  85.096,
                                                                  25.584
                                                              ],
                                                              [
                                                                  85.096,
                                                                  25.592
                                                              ],
                                                              [
                                                                  85.088,
                                                                  25.592
                                                              ],
                                                              [
                                                                  85.088,
                                                                  25.584
                                                              ]
                                                          ]
                                      }
                     },
                     {
                         "type":  "Feature",
                         "properties":  {
                                            "zone_id":  "ZONE-0086",
                                            "accessibility_class":  "Moderate Accessibility",
                                            "score":  2,
                                            "dist_to_highway_m":  99.8,
                                            "dist_to_vital_facility_m":  1891.3,
                                            "area_sq_km":  0.712,
                                            "color":  "#f9a825",
                                            "engineering_implication":  "Moderate mobility; accessible via feeder roads (5-15 min)"
                                        },
                         "geometry":  {
                                          "type":  "Polygon",
                                          "coordinates":  [
                                                              [
                                                                  85.096,
                                                                  25.584
                                                              ],
                                                              [
                                                                  85.104,
                                                                  25.584
                                                              ],
                                                              [
                                                                  85.104,
                                                                  25.592
                                                              ],
                                                              [
                                                                  85.096,
                                                                  25.592
                                                              ],
                                                              [
                                                                  85.096,
                                                                  25.584
                                                              ]
                                                          ]
                                      }
                     },
                     {
                         "type":  "Feature",
                         "properties":  {
                                            "zone_id":  "ZONE-0087",
                                            "accessibility_class":  "High Accessibility",
                                            "score":  3,
                                            "dist_to_highway_m":  272.8,
                                            "dist_to_vital_facility_m":  1114.4,
                                            "area_sq_km":  0.712,
                                            "color":  "#2e7d32",
                                            "engineering_implication":  "High mobility \u0026 rapid emergency response (\u003c5 min)"
                                        },
                         "geometry":  {
                                          "type":  "Polygon",
                                          "coordinates":  [
                                                              [
                                                                  85.104,
                                                                  25.584
                                                              ],
                                                              [
                                                                  85.112,
                                                                  25.584
                                                              ],
                                                              [
                                                                  85.112,
                                                                  25.592
                                                              ],
                                                              [
                                                                  85.104,
                                                                  25.592
                                                              ],
                                                              [
                                                                  85.104,
                                                                  25.584
                                                              ]
                                                          ]
                                      }
                     },
                     {
                         "type":  "Feature",
                         "properties":  {
                                            "zone_id":  "ZONE-0088",
                                            "accessibility_class":  "High Accessibility",
                                            "score":  3,
                                            "dist_to_highway_m":  543,
                                            "dist_to_vital_facility_m":  323.1,
                                            "area_sq_km":  0.712,
                                            "color":  "#2e7d32",
                                            "engineering_implication":  "High mobility \u0026 rapid emergency response (\u003c5 min)"
                                        },
                         "geometry":  {
                                          "type":  "Polygon",
                                          "coordinates":  [
                                                              [
                                                                  85.112,
                                                                  25.584
                                                              ],
                                                              [
                                                                  85.12,
                                                                  25.584
                                                              ],
                                                              [
                                                                  85.12,
                                                                  25.592
                                                              ],
                                                              [
                                                                  85.112,
                                                                  25.592
                                                              ],
                                                              [
                                                                  85.112,
                                                                  25.584
                                                              ]
                                                          ]
                                      }
                     },
                     {
                         "type":  "Feature",
                         "properties":  {
                                            "zone_id":  "ZONE-0089",
                                            "accessibility_class":  "High Accessibility",
                                            "score":  3,
                                            "dist_to_highway_m":  390.3,
                                            "dist_to_vital_facility_m":  504.1,
                                            "area_sq_km":  0.712,
                                            "color":  "#2e7d32",
                                            "engineering_implication":  "High mobility \u0026 rapid emergency response (\u003c5 min)"
                                        },
                         "geometry":  {
                                          "type":  "Polygon",
                                          "coordinates":  [
                                                              [
                                                                  85.12,
                                                                  25.584
                                                              ],
                                                              [
                                                                  85.128,
                                                                  25.584
                                                              ],
                                                              [
                                                                  85.128,
                                                                  25.592
                                                              ],
                                                              [
                                                                  85.12,
                                                                  25.592
                                                              ],
                                                              [
                                                                  85.12,
                                                                  25.584
                                                              ]
                                                          ]
                                      }
                     },
                     {
                         "type":  "Feature",
                         "properties":  {
                                            "zone_id":  "ZONE-0090",
                                            "accessibility_class":  "High Accessibility",
                                            "score":  3,
                                            "dist_to_highway_m":  261.1,
                                            "dist_to_vital_facility_m":  346.2,
                                            "area_sq_km":  0.712,
                                            "color":  "#2e7d32",
                                            "engineering_implication":  "High mobility \u0026 rapid emergency response (\u003c5 min)"
                                        },
                         "geometry":  {
                                          "type":  "Polygon",
                                          "coordinates":  [
                                                              [
                                                                  85.128,
                                                                  25.584
                                                              ],
                                                              [
                                                                  85.136,
                                                                  25.584
                                                              ],
                                                              [
                                                                  85.136,
                                                                  25.592
                                                              ],
                                                              [
                                                                  85.128,
                                                                  25.592
                                                              ],
                                                              [
                                                                  85.128,
                                                                  25.584
                                                              ]
                                                          ]
                                      }
                     },
                     {
                         "type":  "Feature",
                         "properties":  {
                                            "zone_id":  "ZONE-0091",
                                            "accessibility_class":  "High Accessibility",
                                            "score":  3,
                                            "dist_to_highway_m":  393.2,
                                            "dist_to_vital_facility_m":  614.7,
                                            "area_sq_km":  0.712,
                                            "color":  "#2e7d32",
                                            "engineering_implication":  "High mobility \u0026 rapid emergency response (\u003c5 min)"
                                        },
                         "geometry":  {
                                          "type":  "Polygon",
                                          "coordinates":  [
                                                              [
                                                                  85.136,
                                                                  25.584
                                                              ],
                                                              [
                                                                  85.144,
                                                                  25.584
                                                              ],
                                                              [
                                                                  85.144,
                                                                  25.592
                                                              ],
                                                              [
                                                                  85.136,
                                                                  25.592
                                                              ],
                                                              [
                                                                  85.136,
                                                                  25.584
                                                              ]
                                                          ]
                                      }
                     },
                     {
                         "type":  "Feature",
                         "properties":  {
                                            "zone_id":  "ZONE-0092",
                                            "accessibility_class":  "High Accessibility",
                                            "score":  3,
                                            "dist_to_highway_m":  481.8,
                                            "dist_to_vital_facility_m":  212.2,
                                            "area_sq_km":  0.712,
                                            "color":  "#2e7d32",
                                            "engineering_implication":  "High mobility \u0026 rapid emergency response (\u003c5 min)"
                                        },
                         "geometry":  {
                                          "type":  "Polygon",
                                          "coordinates":  [
                                                              [
                                                                  85.144,
                                                                  25.584
                                                              ],
                                                              [
                                                                  85.152,
                                                                  25.584
                                                              ],
                                                              [
                                                                  85.152,
                                                                  25.592
                                                              ],
                                                              [
                                                                  85.144,
                                                                  25.592
                                                              ],
                                                              [
                                                                  85.144,
                                                                  25.584
                                                              ]
                                                          ]
                                      }
                     },
                     {
                         "type":  "Feature",
                         "properties":  {
                                            "zone_id":  "ZONE-0093",
                                            "accessibility_class":  "High Accessibility",
                                            "score":  3,
                                            "dist_to_highway_m":  402.9,
                                            "dist_to_vital_facility_m":  305.7,
                                            "area_sq_km":  0.712,
                                            "color":  "#2e7d32",
                                            "engineering_implication":  "High mobility \u0026 rapid emergency response (\u003c5 min)"
                                        },
                         "geometry":  {
                                          "type":  "Polygon",
                                          "coordinates":  [
                                                              [
                                                                  85.152,
                                                                  25.584
                                                              ],
                                                              [
                                                                  85.16,
                                                                  25.584
                                                              ],
                                                              [
                                                                  85.16,
                                                                  25.592
                                                              ],
                                                              [
                                                                  85.152,
                                                                  25.592
                                                              ],
                                                              [
                                                                  85.152,
                                                                  25.584
                                                              ]
                                                          ]
                                      }
                     },
                     {
                         "type":  "Feature",
                         "properties":  {
                                            "zone_id":  "ZONE-0094",
                                            "accessibility_class":  "High Accessibility",
                                            "score":  3,
                                            "dist_to_highway_m":  338.6,
                                            "dist_to_vital_facility_m":  222.1,
                                            "area_sq_km":  0.712,
                                            "color":  "#2e7d32",
                                            "engineering_implication":  "High mobility \u0026 rapid emergency response (\u003c5 min)"
                                        },
                         "geometry":  {
                                          "type":  "Polygon",
                                          "coordinates":  [
                                                              [
                                                                  85.16,
                                                                  25.584
                                                              ],
                                                              [
                                                                  85.168,
                                                                  25.584
                                                              ],
                                                              [
                                                                  85.168,
                                                                  25.592
                                                              ],
                                                              [
                                                                  85.16,
                                                                  25.592
                                                              ],
                                                              [
                                                                  85.16,
                                                                  25.584
                                                              ]
                                                          ]
                                      }
                     },
                     {
                         "type":  "Feature",
                         "properties":  {
                                            "zone_id":  "ZONE-0095",
                                            "accessibility_class":  "High Accessibility",
                                            "score":  3,
                                            "dist_to_highway_m":  292.1,
                                            "dist_to_vital_facility_m":  180.7,
                                            "area_sq_km":  0.712,
                                            "color":  "#2e7d32",
                                            "engineering_implication":  "High mobility \u0026 rapid emergency response (\u003c5 min)"
                                        },
                         "geometry":  {
                                          "type":  "Polygon",
                                          "coordinates":  [
                                                              [
                                                                  85.168,
                                                                  25.584
                                                              ],
                                                              [
                                                                  85.176,
                                                                  25.584
                                                              ],
                                                              [
                                                                  85.176,
                                                                  25.592
                                                              ],
                                                              [
                                                                  85.168,
                                                                  25.592
                                                              ],
                                                              [
                                                                  85.168,
                                                                  25.584
                                                              ]
                                                          ]
                                      }
                     },
                     {
                         "type":  "Feature",
                         "properties":  {
                                            "zone_id":  "ZONE-0096",
                                            "accessibility_class":  "High Accessibility",
                                            "score":  3,
                                            "dist_to_highway_m":  288.3,
                                            "dist_to_vital_facility_m":  103.9,
                                            "area_sq_km":  0.712,
                                            "color":  "#2e7d32",
                                            "engineering_implication":  "High mobility \u0026 rapid emergency response (\u003c5 min)"
                                        },
                         "geometry":  {
                                          "type":  "Polygon",
                                          "coordinates":  [
                                                              [
                                                                  85.176,
                                                                  25.584
                                                              ],
                                                              [
                                                                  85.184,
                                                                  25.584
                                                              ],
                                                              [
                                                                  85.184,
                                                                  25.592
                                                              ],
                                                              [
                                                                  85.176,
                                                                  25.592
                                                              ],
                                                              [
                                                                  85.176,
                                                                  25.584
                                                              ]
                                                          ]
                                      }
                     },
                     {
                         "type":  "Feature",
                         "properties":  {
                                            "zone_id":  "ZONE-0097",
                                            "accessibility_class":  "High Accessibility",
                                            "score":  3,
                                            "dist_to_highway_m":  82.4,
                                            "dist_to_vital_facility_m":  690.1,
                                            "area_sq_km":  0.712,
                                            "color":  "#2e7d32",
                                            "engineering_implication":  "High mobility \u0026 rapid emergency response (\u003c5 min)"
                                        },
                         "geometry":  {
                                          "type":  "Polygon",
                                          "coordinates":  [
                                                              [
                                                                  85.184,
                                                                  25.584
                                                              ],
                                                              [
                                                                  85.192,
                                                                  25.584
                                                              ],
                                                              [
                                                                  85.192,
                                                                  25.592
                                                              ],
                                                              [
                                                                  85.184,
                                                                  25.592
                                                              ],
                                                              [
                                                                  85.184,
                                                                  25.584
                                                              ]
                                                          ]
                                      }
                     },
                     {
                         "type":  "Feature",
                         "properties":  {
                                            "zone_id":  "ZONE-0098",
                                            "accessibility_class":  "High Accessibility",
                                            "score":  3,
                                            "dist_to_highway_m":  67.8,
                                            "dist_to_vital_facility_m":  1048.3,
                                            "area_sq_km":  0.712,
                                            "color":  "#2e7d32",
                                            "engineering_implication":  "High mobility \u0026 rapid emergency response (\u003c5 min)"
                                        },
                         "geometry":  {
                                          "type":  "Polygon",
                                          "coordinates":  [
                                                              [
                                                                  85.192,
                                                                  25.584
                                                              ],
                                                              [
                                                                  85.2,
                                                                  25.584
                                                              ],
                                                              [
                                                                  85.2,
                                                                  25.592
                                                              ],
                                                              [
                                                                  85.192,
                                                                  25.592
                                                              ],
                                                              [
                                                                  85.192,
                                                                  25.584
                                                              ]
                                                          ]
                                      }
                     },
                     {
                         "type":  "Feature",
                         "properties":  {
                                            "zone_id":  "ZONE-0099",
                                            "accessibility_class":  "Moderate Accessibility",
                                            "score":  2,
                                            "dist_to_highway_m":  438.9,
                                            "dist_to_vital_facility_m":  1277.5,
                                            "area_sq_km":  0.712,
                                            "color":  "#f9a825",
                                            "engineering_implication":  "Moderate mobility; accessible via feeder roads (5-15 min)"
                                        },
                         "geometry":  {
                                          "type":  "Polygon",
                                          "coordinates":  [
                                                              [
                                                                  85.2,
                                                                  25.584
                                                              ],
                                                              [
                                                                  85.208,
                                                                  25.584
                                                              ],
                                                              [
                                                                  85.208,
                                                                  25.592
                                                              ],
                                                              [
                                                                  85.2,
                                                                  25.592
                                                              ],
                                                              [
                                                                  85.2,
                                                                  25.584
                                                              ]
                                                          ]
                                      }
                     },
                     {
                         "type":  "Feature",
                         "properties":  {
                                            "zone_id":  "ZONE-0100",
                                            "accessibility_class":  "Moderate Accessibility",
                                            "score":  2,
                                            "dist_to_highway_m":  595.1,
                                            "dist_to_vital_facility_m":  1317.8,
                                            "area_sq_km":  0.712,
                                            "color":  "#f9a825",
                                            "engineering_implication":  "Moderate mobility; accessible via feeder roads (5-15 min)"
                                        },
                         "geometry":  {
                                          "type":  "Polygon",
                                          "coordinates":  [
                                                              [
                                                                  85.208,
                                                                  25.584
                                                              ],
                                                              [
                                                                  85.216,
                                                                  25.584
                                                              ],
                                                              [
                                                                  85.216,
                                                                  25.592
                                                              ],
                                                              [
                                                                  85.208,
                                                                  25.592
                                                              ],
                                                              [
                                                                  85.208,
                                                                  25.584
                                                              ]
                                                          ]
                                      }
                     },
                     {
                         "type":  "Feature",
                         "properties":  {
                                            "zone_id":  "ZONE-0101",
                                            "accessibility_class":  "Moderate Accessibility",
                                            "score":  2,
                                            "dist_to_highway_m":  799,
                                            "dist_to_vital_facility_m":  1349,
                                            "area_sq_km":  0.712,
                                            "color":  "#f9a825",
                                            "engineering_implication":  "Moderate mobility; accessible via feeder roads (5-15 min)"
                                        },
                         "geometry":  {
                                          "type":  "Polygon",
                                          "coordinates":  [
                                                              [
                                                                  85.216,
                                                                  25.584
                                                              ],
                                                              [
                                                                  85.224,
                                                                  25.584
                                                              ],
                                                              [
                                                                  85.224,
                                                                  25.592
                                                              ],
                                                              [
                                                                  85.216,
                                                                  25.592
                                                              ],
                                                              [
                                                                  85.216,
                                                                  25.584
                                                              ]
                                                          ]
                                      }
                     },
                     {
                         "type":  "Feature",
                         "properties":  {
                                            "zone_id":  "ZONE-0102",
                                            "accessibility_class":  "High Accessibility",
                                            "score":  3,
                                            "dist_to_highway_m":  731.1,
                                            "dist_to_vital_facility_m":  1132.7,
                                            "area_sq_km":  0.712,
                                            "color":  "#2e7d32",
                                            "engineering_implication":  "High mobility \u0026 rapid emergency response (\u003c5 min)"
                                        },
                         "geometry":  {
                                          "type":  "Polygon",
                                          "coordinates":  [
                                                              [
                                                                  85.224,
                                                                  25.584
                                                              ],
                                                              [
                                                                  85.232,
                                                                  25.584
                                                              ],
                                                              [
                                                                  85.232,
                                                                  25.592
                                                              ],
                                                              [
                                                                  85.224,
                                                                  25.592
                                                              ],
                                                              [
                                                                  85.224,
                                                                  25.584
                                                              ]
                                                          ]
                                      }
                     },
                     {
                         "type":  "Feature",
                         "properties":  {
                                            "zone_id":  "ZONE-0103",
                                            "accessibility_class":  "Moderate Accessibility",
                                            "score":  2,
                                            "dist_to_highway_m":  140.6,
                                            "dist_to_vital_facility_m":  1426,
                                            "area_sq_km":  0.712,
                                            "color":  "#f9a825",
                                            "engineering_implication":  "Moderate mobility; accessible via feeder roads (5-15 min)"
                                        },
                         "geometry":  {
                                          "type":  "Polygon",
                                          "coordinates":  [
                                                              [
                                                                  85.232,
                                                                  25.584
                                                              ],
                                                              [
                                                                  85.24,
                                                                  25.584
                                                              ],
                                                              [
                                                                  85.24,
                                                                  25.592
                                                              ],
                                                              [
                                                                  85.232,
                                                                  25.592
                                                              ],
                                                              [
                                                                  85.232,
                                                                  25.584
                                                              ]
                                                          ]
                                      }
                     },
                     {
                         "type":  "Feature",
                         "properties":  {
                                            "zone_id":  "ZONE-0104",
                                            "accessibility_class":  "Moderate Accessibility",
                                            "score":  2,
                                            "dist_to_highway_m":  238,
                                            "dist_to_vital_facility_m":  2017.8,
                                            "area_sq_km":  0.712,
                                            "color":  "#f9a825",
                                            "engineering_implication":  "Moderate mobility; accessible via feeder roads (5-15 min)"
                                        },
                         "geometry":  {
                                          "type":  "Polygon",
                                          "coordinates":  [
                                                              [
                                                                  85.24,
                                                                  25.584
                                                              ],
                                                              [
                                                                  85.248,
                                                                  25.584
                                                              ],
                                                              [
                                                                  85.248,
                                                                  25.592
                                                              ],
                                                              [
                                                                  85.24,
                                                                  25.592
                                                              ],
                                                              [
                                                                  85.24,
                                                                  25.584
                                                              ]
                                                          ]
                                      }
                     },
                     {
                         "type":  "Feature",
                         "properties":  {
                                            "zone_id":  "ZONE-0105",
                                            "accessibility_class":  "Moderate Accessibility",
                                            "score":  2,
                                            "dist_to_highway_m":  1425.4,
                                            "dist_to_vital_facility_m":  1370.3,
                                            "area_sq_km":  0.712,
                                            "color":  "#f9a825",
                                            "engineering_implication":  "Moderate mobility; accessible via feeder roads (5-15 min)"
                                        },
                         "geometry":  {
                                          "type":  "Polygon",
                                          "coordinates":  [
                                                              [
                                                                  85.04,
                                                                  25.592
                                                              ],
                                                              [
                                                                  85.048,
                                                                  25.592
                                                              ],
                                                              [
                                                                  85.048,
                                                                  25.6
                                                              ],
                                                              [
                                                                  85.04,
                                                                  25.6
                                                              ],
                                                              [
                                                                  85.04,
                                                                  25.592
                                                              ]
                                                          ]
                                      }
                     },
                     {
                         "type":  "Feature",
                         "properties":  {
                                            "zone_id":  "ZONE-0106",
                                            "accessibility_class":  "Moderate Accessibility",
                                            "score":  2,
                                            "dist_to_highway_m":  1348.9,
                                            "dist_to_vital_facility_m":  910.8,
                                            "area_sq_km":  0.712,
                                            "color":  "#f9a825",
                                            "engineering_implication":  "Moderate mobility; accessible via feeder roads (5-15 min)"
                                        },
                         "geometry":  {
                                          "type":  "Polygon",
                                          "coordinates":  [
                                                              [
                                                                  85.048,
                                                                  25.592
                                                              ],
                                                              [
                                                                  85.056,
                                                                  25.592
                                                              ],
                                                              [
                                                                  85.056,
                                                                  25.6
                                                              ],
                                                              [
                                                                  85.048,
                                                                  25.6
                                                              ],
                                                              [
                                                                  85.048,
                                                                  25.592
                                                              ]
                                                          ]
                                      }
                     },
                     {
                         "type":  "Feature",
                         "properties":  {
                                            "zone_id":  "ZONE-0107",
                                            "accessibility_class":  "Moderate Accessibility",
                                            "score":  2,
                                            "dist_to_highway_m":  1444.9,
                                            "dist_to_vital_facility_m":  1033.8,
                                            "area_sq_km":  0.712,
                                            "color":  "#f9a825",
                                            "engineering_implication":  "Moderate mobility; accessible via feeder roads (5-15 min)"
                                        },
                         "geometry":  {
                                          "type":  "Polygon",
                                          "coordinates":  [
                                                              [
                                                                  85.056,
                                                                  25.592
                                                              ],
                                                              [
                                                                  85.064,
                                                                  25.592
                                                              ],
                                                              [
                                                                  85.064,
                                                                  25.6
                                                              ],
                                                              [
                                                                  85.056,
                                                                  25.6
                                                              ],
                                                              [
                                                                  85.056,
                                                                  25.592
                                                              ]
                                                          ]
                                      }
                     },
                     {
                         "type":  "Feature",
                         "properties":  {
                                            "zone_id":  "ZONE-0108",
                                            "accessibility_class":  "Moderate Accessibility",
                                            "score":  2,
                                            "dist_to_highway_m":  1178.1,
                                            "dist_to_vital_facility_m":  1249,
                                            "area_sq_km":  0.712,
                                            "color":  "#f9a825",
                                            "engineering_implication":  "Moderate mobility; accessible via feeder roads (5-15 min)"
                                        },
                         "geometry":  {
                                          "type":  "Polygon",
                                          "coordinates":  [
                                                              [
                                                                  85.064,
                                                                  25.592
                                                              ],
                                                              [
                                                                  85.072,
                                                                  25.592
                                                              ],
                                                              [
                                                                  85.072,
                                                                  25.6
                                                              ],
                                                              [
                                                                  85.064,
                                                                  25.6
                                                              ],
                                                              [
                                                                  85.064,
                                                                  25.592
                                                              ]
                                                          ]
                                      }
                     },
                     {
                         "type":  "Feature",
                         "properties":  {
                                            "zone_id":  "ZONE-0109",
                                            "accessibility_class":  "Moderate Accessibility",
                                            "score":  2,
                                            "dist_to_highway_m":  1078.7,
                                            "dist_to_vital_facility_m":  912,
                                            "area_sq_km":  0.712,
                                            "color":  "#f9a825",
                                            "engineering_implication":  "Moderate mobility; accessible via feeder roads (5-15 min)"
                                        },
                         "geometry":  {
                                          "type":  "Polygon",
                                          "coordinates":  [
                                                              [
                                                                  85.072,
                                                                  25.592
                                                              ],
                                                              [
                                                                  85.08,
                                                                  25.592
                                                              ],
                                                              [
                                                                  85.08,
                                                                  25.6
                                                              ],
                                                              [
                                                                  85.072,
                                                                  25.6
                                                              ],
                                                              [
                                                                  85.072,
                                                                  25.592
                                                              ]
                                                          ]
                                      }
                     },
                     {
                         "type":  "Feature",
                         "properties":  {
                                            "zone_id":  "ZONE-0110",
                                            "accessibility_class":  "High Accessibility",
                                            "score":  3,
                                            "dist_to_highway_m":  981.9,
                                            "dist_to_vital_facility_m":  937.5,
                                            "area_sq_km":  0.712,
                                            "color":  "#2e7d32",
                                            "engineering_implication":  "High mobility \u0026 rapid emergency response (\u003c5 min)"
                                        },
                         "geometry":  {
                                          "type":  "Polygon",
                                          "coordinates":  [
                                                              [
                                                                  85.08,
                                                                  25.592
                                                              ],
                                                              [
                                                                  85.088,
                                                                  25.592
                                                              ],
                                                              [
                                                                  85.088,
                                                                  25.6
                                                              ],
                                                              [
                                                                  85.08,
                                                                  25.6
                                                              ],
                                                              [
                                                                  85.08,
                                                                  25.592
                                                              ]
                                                          ]
                                      }
                     },
                     {
                         "type":  "Feature",
                         "properties":  {
                                            "zone_id":  "ZONE-0111",
                                            "accessibility_class":  "High Accessibility",
                                            "score":  3,
                                            "dist_to_highway_m":  930.7,
                                            "dist_to_vital_facility_m":  964.5,
                                            "area_sq_km":  0.712,
                                            "color":  "#2e7d32",
                                            "engineering_implication":  "High mobility \u0026 rapid emergency response (\u003c5 min)"
                                        },
                         "geometry":  {
                                          "type":  "Polygon",
                                          "coordinates":  [
                                                              [
                                                                  85.088,
                                                                  25.592
                                                              ],
                                                              [
                                                                  85.096,
                                                                  25.592
                                                              ],
                                                              [
                                                                  85.096,
                                                                  25.6
                                                              ],
                                                              [
                                                                  85.088,
                                                                  25.6
                                                              ],
                                                              [
                                                                  85.088,
                                                                  25.592
                                                              ]
                                                          ]
                                      }
                     },
                     {
                         "type":  "Feature",
                         "properties":  {
                                            "zone_id":  "ZONE-0112",
                                            "accessibility_class":  "Moderate Accessibility",
                                            "score":  2,
                                            "dist_to_highway_m":  230.2,
                                            "dist_to_vital_facility_m":  1202,
                                            "area_sq_km":  0.712,
                                            "color":  "#f9a825",
                                            "engineering_implication":  "Moderate mobility; accessible via feeder roads (5-15 min)"
                                        },
                         "geometry":  {
                                          "type":  "Polygon",
                                          "coordinates":  [
                                                              [
                                                                  85.096,
                                                                  25.592
                                                              ],
                                                              [
                                                                  85.104,
                                                                  25.592
                                                              ],
                                                              [
                                                                  85.104,
                                                                  25.6
                                                              ],
                                                              [
                                                                  85.096,
                                                                  25.6
                                                              ],
                                                              [
                                                                  85.096,
                                                                  25.592
                                                              ]
                                                          ]
                                      }
                     },
                     {
                         "type":  "Feature",
                         "properties":  {
                                            "zone_id":  "ZONE-0113",
                                            "accessibility_class":  "Moderate Accessibility",
                                            "score":  2,
                                            "dist_to_highway_m":  182.4,
                                            "dist_to_vital_facility_m":  1242.9,
                                            "area_sq_km":  0.712,
                                            "color":  "#f9a825",
                                            "engineering_implication":  "Moderate mobility; accessible via feeder roads (5-15 min)"
                                        },
                         "geometry":  {
                                          "type":  "Polygon",
                                          "coordinates":  [
                                                              [
                                                                  85.104,
                                                                  25.592
                                                              ],
                                                              [
                                                                  85.112,
                                                                  25.592
                                                              ],
                                                              [
                                                                  85.112,
                                                                  25.6
                                                              ],
                                                              [
                                                                  85.104,
                                                                  25.6
                                                              ],
                                                              [
                                                                  85.104,
                                                                  25.592
                                                              ]
                                                          ]
                                      }
                     },
                     {
                         "type":  "Feature",
                         "properties":  {
                                            "zone_id":  "ZONE-0114",
                                            "accessibility_class":  "High Accessibility",
                                            "score":  3,
                                            "dist_to_highway_m":  79.7,
                                            "dist_to_vital_facility_m":  454.7,
                                            "area_sq_km":  0.712,
                                            "color":  "#2e7d32",
                                            "engineering_implication":  "High mobility \u0026 rapid emergency response (\u003c5 min)"
                                        },
                         "geometry":  {
                                          "type":  "Polygon",
                                          "coordinates":  [
                                                              [
                                                                  85.112,
                                                                  25.592
                                                              ],
                                                              [
                                                                  85.12,
                                                                  25.592
                                                              ],
                                                              [
                                                                  85.12,
                                                                  25.6
                                                              ],
                                                              [
                                                                  85.112,
                                                                  25.6
                                                              ],
                                                              [
                                                                  85.112,
                                                                  25.592
                                                              ]
                                                          ]
                                      }
                     },
                     {
                         "type":  "Feature",
                         "properties":  {
                                            "zone_id":  "ZONE-0115",
                                            "accessibility_class":  "High Accessibility",
                                            "score":  3,
                                            "dist_to_highway_m":  192.5,
                                            "dist_to_vital_facility_m":  222.7,
                                            "area_sq_km":  0.712,
                                            "color":  "#2e7d32",
                                            "engineering_implication":  "High mobility \u0026 rapid emergency response (\u003c5 min)"
                                        },
                         "geometry":  {
                                          "type":  "Polygon",
                                          "coordinates":  [
                                                              [
                                                                  85.12,
                                                                  25.592
                                                              ],
                                                              [
                                                                  85.128,
                                                                  25.592
                                                              ],
                                                              [
                                                                  85.128,
                                                                  25.6
                                                              ],
                                                              [
                                                                  85.12,
                                                                  25.6
                                                              ],
                                                              [
                                                                  85.12,
                                                                  25.592
                                                              ]
                                                          ]
                                      }
                     },
                     {
                         "type":  "Feature",
                         "properties":  {
                                            "zone_id":  "ZONE-0116",
                                            "accessibility_class":  "High Accessibility",
                                            "score":  3,
                                            "dist_to_highway_m":  400.6,
                                            "dist_to_vital_facility_m":  477.5,
                                            "area_sq_km":  0.712,
                                            "color":  "#2e7d32",
                                            "engineering_implication":  "High mobility \u0026 rapid emergency response (\u003c5 min)"
                                        },
                         "geometry":  {
                                          "type":  "Polygon",
                                          "coordinates":  [
                                                              [
                                                                  85.128,
                                                                  25.592
                                                              ],
                                                              [
                                                                  85.136,
                                                                  25.592
                                                              ],
                                                              [
                                                                  85.136,
                                                                  25.6
                                                              ],
                                                              [
                                                                  85.128,
                                                                  25.6
                                                              ],
                                                              [
                                                                  85.128,
                                                                  25.592
                                                              ]
                                                          ]
                                      }
                     },
                     {
                         "type":  "Feature",
                         "properties":  {
                                            "zone_id":  "ZONE-0117",
                                            "accessibility_class":  "High Accessibility",
                                            "score":  3,
                                            "dist_to_highway_m":  290.3,
                                            "dist_to_vital_facility_m":  281.8,
                                            "area_sq_km":  0.712,
                                            "color":  "#2e7d32",
                                            "engineering_implication":  "High mobility \u0026 rapid emergency response (\u003c5 min)"
                                        },
                         "geometry":  {
                                          "type":  "Polygon",
                                          "coordinates":  [
                                                              [
                                                                  85.136,
                                                                  25.592
                                                              ],
                                                              [
                                                                  85.144,
                                                                  25.592
                                                              ],
                                                              [
                                                                  85.144,
                                                                  25.6
                                                              ],
                                                              [
                                                                  85.136,
                                                                  25.6
                                                              ],
                                                              [
                                                                  85.136,
                                                                  25.592
                                                              ]
                                                          ]
                                      }
                     },
                     {
                         "type":  "Feature",
                         "properties":  {
                                            "zone_id":  "ZONE-0118",
                                            "accessibility_class":  "High Accessibility",
                                            "score":  3,
                                            "dist_to_highway_m":  787.4,
                                            "dist_to_vital_facility_m":  159.8,
                                            "area_sq_km":  0.712,
                                            "color":  "#2e7d32",
                                            "engineering_implication":  "High mobility \u0026 rapid emergency response (\u003c5 min)"
                                        },
                         "geometry":  {
                                          "type":  "Polygon",
                                          "coordinates":  [
                                                              [
                                                                  85.144,
                                                                  25.592
                                                              ],
                                                              [
                                                                  85.152,
                                                                  25.592
                                                              ],
                                                              [
                                                                  85.152,
                                                                  25.6
                                                              ],
                                                              [
                                                                  85.144,
                                                                  25.6
                                                              ],
                                                              [
                                                                  85.144,
                                                                  25.592
                                                              ]
                                                          ]
                                      }
                     },
                     {
                         "type":  "Feature",
                         "properties":  {
                                            "zone_id":  "ZONE-0119",
                                            "accessibility_class":  "High Accessibility",
                                            "score":  3,
                                            "dist_to_highway_m":  758.7,
                                            "dist_to_vital_facility_m":  77,
                                            "area_sq_km":  0.712,
                                            "color":  "#2e7d32",
                                            "engineering_implication":  "High mobility \u0026 rapid emergency response (\u003c5 min)"
                                        },
                         "geometry":  {
                                          "type":  "Polygon",
                                          "coordinates":  [
                                                              [
                                                                  85.152,
                                                                  25.592
                                                              ],
                                                              [
                                                                  85.16,
                                                                  25.592
                                                              ],
                                                              [
                                                                  85.16,
                                                                  25.6
                                                              ],
                                                              [
                                                                  85.152,
                                                                  25.6
                                                              ],
                                                              [
                                                                  85.152,
                                                                  25.592
                                                              ]
                                                          ]
                                      }
                     },
                     {
                         "type":  "Feature",
                         "properties":  {
                                            "zone_id":  "ZONE-0120",
                                            "accessibility_class":  "High Accessibility",
                                            "score":  3,
                                            "dist_to_highway_m":  669.9,
                                            "dist_to_vital_facility_m":  124.5,
                                            "area_sq_km":  0.712,
                                            "color":  "#2e7d32",
                                            "engineering_implication":  "High mobility \u0026 rapid emergency response (\u003c5 min)"
                                        },
                         "geometry":  {
                                          "type":  "Polygon",
                                          "coordinates":  [
                                                              [
                                                                  85.16,
                                                                  25.592
                                                              ],
                                                              [
                                                                  85.168,
                                                                  25.592
                                                              ],
                                                              [
                                                                  85.168,
                                                                  25.6
                                                              ],
                                                              [
                                                                  85.16,
                                                                  25.6
                                                              ],
                                                              [
                                                                  85.16,
                                                                  25.592
                                                              ]
                                                          ]
                                      }
                     },
                     {
                         "type":  "Feature",
                         "properties":  {
                                            "zone_id":  "ZONE-0121",
                                            "accessibility_class":  "High Accessibility",
                                            "score":  3,
                                            "dist_to_highway_m":  589.8,
                                            "dist_to_vital_facility_m":  183.5,
                                            "area_sq_km":  0.712,
                                            "color":  "#2e7d32",
                                            "engineering_implication":  "High mobility \u0026 rapid emergency response (\u003c5 min)"
                                        },
                         "geometry":  {
                                          "type":  "Polygon",
                                          "coordinates":  [
                                                              [
                                                                  85.168,
                                                                  25.592
                                                              ],
                                                              [
                                                                  85.176,
                                                                  25.592
                                                              ],
                                                              [
                                                                  85.176,
                                                                  25.6
                                                              ],
                                                              [
                                                                  85.168,
                                                                  25.6
                                                              ],
                                                              [
                                                                  85.168,
                                                                  25.592
                                                              ]
                                                          ]
                                      }
                     },
                     {
                         "type":  "Feature",
                         "properties":  {
                                            "zone_id":  "ZONE-0122",
                                            "accessibility_class":  "High Accessibility",
                                            "score":  3,
                                            "dist_to_highway_m":  531.3,
                                            "dist_to_vital_facility_m":  245.4,
                                            "area_sq_km":  0.712,
                                            "color":  "#2e7d32",
                                            "engineering_implication":  "High mobility \u0026 rapid emergency response (\u003c5 min)"
                                        },
                         "geometry":  {
                                          "type":  "Polygon",
                                          "coordinates":  [
                                                              [
                                                                  85.176,
                                                                  25.592
                                                              ],
                                                              [
                                                                  85.184,
                                                                  25.592
                                                              ],
                                                              [
                                                                  85.184,
                                                                  25.6
                                                              ],
                                                              [
                                                                  85.176,
                                                                  25.6
                                                              ],
                                                              [
                                                                  85.176,
                                                                  25.592
                                                              ]
                                                          ]
                                      }
                     },
                     {
                         "type":  "Feature",
                         "properties":  {
                                            "zone_id":  "ZONE-0123",
                                            "accessibility_class":  "High Accessibility",
                                            "score":  3,
                                            "dist_to_highway_m":  457.5,
                                            "dist_to_vital_facility_m":  200,
                                            "area_sq_km":  0.712,
                                            "color":  "#2e7d32",
                                            "engineering_implication":  "High mobility \u0026 rapid emergency response (\u003c5 min)"
                                        },
                         "geometry":  {
                                          "type":  "Polygon",
                                          "coordinates":  [
                                                              [
                                                                  85.184,
                                                                  25.592
                                                              ],
                                                              [
                                                                  85.192,
                                                                  25.592
                                                              ],
                                                              [
                                                                  85.192,
                                                                  25.6
                                                              ],
                                                              [
                                                                  85.184,
                                                                  25.6
                                                              ],
                                                              [
                                                                  85.184,
                                                                  25.592
                                                              ]
                                                          ]
                                      }
                     },
                     {
                         "type":  "Feature",
                         "properties":  {
                                            "zone_id":  "ZONE-0124",
                                            "accessibility_class":  "High Accessibility",
                                            "score":  3,
                                            "dist_to_highway_m":  136,
                                            "dist_to_vital_facility_m":  358.7,
                                            "area_sq_km":  0.712,
                                            "color":  "#2e7d32",
                                            "engineering_implication":  "High mobility \u0026 rapid emergency response (\u003c5 min)"
                                        },
                         "geometry":  {
                                          "type":  "Polygon",
                                          "coordinates":  [
                                                              [
                                                                  85.192,
                                                                  25.592
                                                              ],
                                                              [
                                                                  85.2,
                                                                  25.592
                                                              ],
                                                              [
                                                                  85.2,
                                                                  25.6
                                                              ],
                                                              [
                                                                  85.192,
                                                                  25.6
                                                              ],
                                                              [
                                                                  85.192,
                                                                  25.592
                                                              ]
                                                          ]
                                      }
                     },
                     {
                         "type":  "Feature",
                         "properties":  {
                                            "zone_id":  "ZONE-0125",
                                            "accessibility_class":  "High Accessibility",
                                            "score":  3,
                                            "dist_to_highway_m":  657.2,
                                            "dist_to_vital_facility_m":  613.9,
                                            "area_sq_km":  0.712,
                                            "color":  "#2e7d32",
                                            "engineering_implication":  "High mobility \u0026 rapid emergency response (\u003c5 min)"
                                        },
                         "geometry":  {
                                          "type":  "Polygon",
                                          "coordinates":  [
                                                              [
                                                                  85.2,
                                                                  25.592
                                                              ],
                                                              [
                                                                  85.208,
                                                                  25.592
                                                              ],
                                                              [
                                                                  85.208,
                                                                  25.6
                                                              ],
                                                              [
                                                                  85.2,
                                                                  25.6
                                                              ],
                                                              [
                                                                  85.2,
                                                                  25.592
                                                              ]
                                                          ]
                                      }
                     },
                     {
                         "type":  "Feature",
                         "properties":  {
                                            "zone_id":  "ZONE-0126",
                                            "accessibility_class":  "High Accessibility",
                                            "score":  3,
                                            "dist_to_highway_m":  602.7,
                                            "dist_to_vital_facility_m":  466.8,
                                            "area_sq_km":  0.712,
                                            "color":  "#2e7d32",
                                            "engineering_implication":  "High mobility \u0026 rapid emergency response (\u003c5 min)"
                                        },
                         "geometry":  {
                                          "type":  "Polygon",
                                          "coordinates":  [
                                                              [
                                                                  85.208,
                                                                  25.592
                                                              ],
                                                              [
                                                                  85.216,
                                                                  25.592
                                                              ],
                                                              [
                                                                  85.216,
                                                                  25.6
                                                              ],
                                                              [
                                                                  85.208,
                                                                  25.6
                                                              ],
                                                              [
                                                                  85.208,
                                                                  25.592
                                                              ]
                                                          ]
                                      }
                     },
                     {
                         "type":  "Feature",
                         "properties":  {
                                            "zone_id":  "ZONE-0127",
                                            "accessibility_class":  "High Accessibility",
                                            "score":  3,
                                            "dist_to_highway_m":  476.1,
                                            "dist_to_vital_facility_m":  707.1,
                                            "area_sq_km":  0.712,
                                            "color":  "#2e7d32",
                                            "engineering_implication":  "High mobility \u0026 rapid emergency response (\u003c5 min)"
                                        },
                         "geometry":  {
                                          "type":  "Polygon",
                                          "coordinates":  [
                                                              [
                                                                  85.216,
                                                                  25.592
                                                              ],
                                                              [
                                                                  85.224,
                                                                  25.592
                                                              ],
                                                              [
                                                                  85.224,
                                                                  25.6
                                                              ],
                                                              [
                                                                  85.216,
                                                                  25.6
                                                              ],
                                                              [
                                                                  85.216,
                                                                  25.592
                                                              ]
                                                          ]
                                      }
                     },
                     {
                         "type":  "Feature",
                         "properties":  {
                                            "zone_id":  "ZONE-0128",
                                            "accessibility_class":  "High Accessibility",
                                            "score":  3,
                                            "dist_to_highway_m":  185,
                                            "dist_to_vital_facility_m":  250.2,
                                            "area_sq_km":  0.712,
                                            "color":  "#2e7d32",
                                            "engineering_implication":  "High mobility \u0026 rapid emergency response (\u003c5 min)"
                                        },
                         "geometry":  {
                                          "type":  "Polygon",
                                          "coordinates":  [
                                                              [
                                                                  85.224,
                                                                  25.592
                                                              ],
                                                              [
                                                                  85.232,
                                                                  25.592
                                                              ],
                                                              [
                                                                  85.232,
                                                                  25.6
                                                              ],
                                                              [
                                                                  85.224,
                                                                  25.6
                                                              ],
                                                              [
                                                                  85.224,
                                                                  25.592
                                                              ]
                                                          ]
                                      }
                     },
                     {
                         "type":  "Feature",
                         "properties":  {
                                            "zone_id":  "ZONE-0129",
                                            "accessibility_class":  "High Accessibility",
                                            "score":  3,
                                            "dist_to_highway_m":  369.9,
                                            "dist_to_vital_facility_m":  901.7,
                                            "area_sq_km":  0.712,
                                            "color":  "#2e7d32",
                                            "engineering_implication":  "High mobility \u0026 rapid emergency response (\u003c5 min)"
                                        },
                         "geometry":  {
                                          "type":  "Polygon",
                                          "coordinates":  [
                                                              [
                                                                  85.232,
                                                                  25.592
                                                              ],
                                                              [
                                                                  85.24,
                                                                  25.592
                                                              ],
                                                              [
                                                                  85.24,
                                                                  25.6
                                                              ],
                                                              [
                                                                  85.232,
                                                                  25.6
                                                              ],
                                                              [
                                                                  85.232,
                                                                  25.592
                                                              ]
                                                          ]
                                      }
                     },
                     {
                         "type":  "Feature",
                         "properties":  {
                                            "zone_id":  "ZONE-0130",
                                            "accessibility_class":  "Moderate Accessibility",
                                            "score":  2,
                                            "dist_to_highway_m":  997.6,
                                            "dist_to_vital_facility_m":  1688.4,
                                            "area_sq_km":  0.712,
                                            "color":  "#f9a825",
                                            "engineering_implication":  "Moderate mobility; accessible via feeder roads (5-15 min)"
                                        },
                         "geometry":  {
                                          "type":  "Polygon",
                                          "coordinates":  [
                                                              [
                                                                  85.24,
                                                                  25.592
                                                              ],
                                                              [
                                                                  85.248,
                                                                  25.592
                                                              ],
                                                              [
                                                                  85.248,
                                                                  25.6
                                                              ],
                                                              [
                                                                  85.24,
                                                                  25.6
                                                              ],
                                                              [
                                                                  85.24,
                                                                  25.592
                                                              ]
                                                          ]
                                      }
                     },
                     {
                         "type":  "Feature",
                         "properties":  {
                                            "zone_id":  "ZONE-0131",
                                            "accessibility_class":  "Moderate Accessibility",
                                            "score":  2,
                                            "dist_to_highway_m":  1453.8,
                                            "dist_to_vital_facility_m":  1534.1,
                                            "area_sq_km":  0.712,
                                            "color":  "#f9a825",
                                            "engineering_implication":  "Moderate mobility; accessible via feeder roads (5-15 min)"
                                        },
                         "geometry":  {
                                          "type":  "Polygon",
                                          "coordinates":  [
                                                              [
                                                                  85.04,
                                                                  25.6
                                                              ],
                                                              [
                                                                  85.048,
                                                                  25.6
                                                              ],
                                                              [
                                                                  85.048,
                                                                  25.608
                                                              ],
                                                              [
                                                                  85.04,
                                                                  25.608
                                                              ],
                                                              [
                                                                  85.04,
                                                                  25.6
                                                              ]
                                                          ]
                                      }
                     },
                     {
                         "type":  "Feature",
                         "properties":  {
                                            "zone_id":  "ZONE-0132",
                                            "accessibility_class":  "High Accessibility",
                                            "score":  3,
                                            "dist_to_highway_m":  949.7,
                                            "dist_to_vital_facility_m":  896.6,
                                            "area_sq_km":  0.712,
                                            "color":  "#2e7d32",
                                            "engineering_implication":  "High mobility \u0026 rapid emergency response (\u003c5 min)"
                                        },
                         "geometry":  {
                                          "type":  "Polygon",
                                          "coordinates":  [
                                                              [
                                                                  85.048,
                                                                  25.6
                                                              ],
                                                              [
                                                                  85.056,
                                                                  25.6
                                                              ],
                                                              [
                                                                  85.056,
                                                                  25.608
                                                              ],
                                                              [
                                                                  85.048,
                                                                  25.608
                                                              ],
                                                              [
                                                                  85.048,
                                                                  25.6
                                                              ]
                                                          ]
                                      }
                     },
                     {
                         "type":  "Feature",
                         "properties":  {
                                            "zone_id":  "ZONE-0133",
                                            "accessibility_class":  "High Accessibility",
                                            "score":  3,
                                            "dist_to_highway_m":  615.7,
                                            "dist_to_vital_facility_m":  735.6,
                                            "area_sq_km":  0.712,
                                            "color":  "#2e7d32",
                                            "engineering_implication":  "High mobility \u0026 rapid emergency response (\u003c5 min)"
                                        },
                         "geometry":  {
                                          "type":  "Polygon",
                                          "coordinates":  [
                                                              [
                                                                  85.056,
                                                                  25.6
                                                              ],
                                                              [
                                                                  85.064,
                                                                  25.6
                                                              ],
                                                              [
                                                                  85.064,
                                                                  25.608
                                                              ],
                                                              [
                                                                  85.056,
                                                                  25.608
                                                              ],
                                                              [
                                                                  85.056,
                                                                  25.6
                                                              ]
                                                          ]
                                      }
                     },
                     {
                         "type":  "Feature",
                         "properties":  {
                                            "zone_id":  "ZONE-0134",
                                            "accessibility_class":  "High Accessibility",
                                            "score":  3,
                                            "dist_to_highway_m":  329,
                                            "dist_to_vital_facility_m":  855.2,
                                            "area_sq_km":  0.712,
                                            "color":  "#2e7d32",
                                            "engineering_implication":  "High mobility \u0026 rapid emergency response (\u003c5 min)"
                                        },
                         "geometry":  {
                                          "type":  "Polygon",
                                          "coordinates":  [
                                                              [
                                                                  85.064,
                                                                  25.6
                                                              ],
                                                              [
                                                                  85.072,
                                                                  25.6
                                                              ],
                                                              [
                                                                  85.072,
                                                                  25.608
                                                              ],
                                                              [
                                                                  85.064,
                                                                  25.608
                                                              ],
                                                              [
                                                                  85.064,
                                                                  25.6
                                                              ]
                                                          ]
                                      }
                     },
                     {
                         "type":  "Feature",
                         "properties":  {
                                            "zone_id":  "ZONE-0135",
                                            "accessibility_class":  "High Accessibility",
                                            "score":  3,
                                            "dist_to_highway_m":  199.1,
                                            "dist_to_vital_facility_m":  56.8,
                                            "area_sq_km":  0.712,
                                            "color":  "#2e7d32",
                                            "engineering_implication":  "High mobility \u0026 rapid emergency response (\u003c5 min)"
                                        },
                         "geometry":  {
                                          "type":  "Polygon",
                                          "coordinates":  [
                                                              [
                                                                  85.072,
                                                                  25.6
                                                              ],
                                                              [
                                                                  85.08,
                                                                  25.6
                                                              ],
                                                              [
                                                                  85.08,
                                                                  25.608
                                                              ],
                                                              [
                                                                  85.072,
                                                                  25.608
                                                              ],
                                                              [
                                                                  85.072,
                                                                  25.6
                                                              ]
                                                          ]
                                      }
                     },
                     {
                         "type":  "Feature",
                         "properties":  {
                                            "zone_id":  "ZONE-0136",
                                            "accessibility_class":  "High Accessibility",
                                            "score":  3,
                                            "dist_to_highway_m":  101.8,
                                            "dist_to_vital_facility_m":  65.5,
                                            "area_sq_km":  0.712,
                                            "color":  "#2e7d32",
                                            "engineering_implication":  "High mobility \u0026 rapid emergency response (\u003c5 min)"
                                        },
                         "geometry":  {
                                          "type":  "Polygon",
                                          "coordinates":  [
                                                              [
                                                                  85.08,
                                                                  25.6
                                                              ],
                                                              [
                                                                  85.088,
                                                                  25.6
                                                              ],
                                                              [
                                                                  85.088,
                                                                  25.608
                                                              ],
                                                              [
                                                                  85.08,
                                                                  25.608
                                                              ],
                                                              [
                                                                  85.08,
                                                                  25.6
                                                              ]
                                                          ]
                                      }
                     },
                     {
                         "type":  "Feature",
                         "properties":  {
                                            "zone_id":  "ZONE-0137",
                                            "accessibility_class":  "High Accessibility",
                                            "score":  3,
                                            "dist_to_highway_m":  45.4,
                                            "dist_to_vital_facility_m":  90.9,
                                            "area_sq_km":  0.712,
                                            "color":  "#2e7d32",
                                            "engineering_implication":  "High mobility \u0026 rapid emergency response (\u003c5 min)"
                                        },
                         "geometry":  {
                                          "type":  "Polygon",
                                          "coordinates":  [
                                                              [
                                                                  85.088,
                                                                  25.6
                                                              ],
                                                              [
                                                                  85.096,
                                                                  25.6
                                                              ],
                                                              [
                                                                  85.096,
                                                                  25.608
                                                              ],
                                                              [
                                                                  85.088,
                                                                  25.608
                                                              ],
                                                              [
                                                                  85.088,
                                                                  25.6
                                                              ]
                                                          ]
                                      }
                     },
                     {
                         "type":  "Feature",
                         "properties":  {
                                            "zone_id":  "ZONE-0138",
                                            "accessibility_class":  "High Accessibility",
                                            "score":  3,
                                            "dist_to_highway_m":  10.1,
                                            "dist_to_vital_facility_m":  568.4,
                                            "area_sq_km":  0.712,
                                            "color":  "#2e7d32",
                                            "engineering_implication":  "High mobility \u0026 rapid emergency response (\u003c5 min)"
                                        },
                         "geometry":  {
                                          "type":  "Polygon",
                                          "coordinates":  [
                                                              [
                                                                  85.096,
                                                                  25.6
                                                              ],
                                                              [
                                                                  85.104,
                                                                  25.6
                                                              ],
                                                              [
                                                                  85.104,
                                                                  25.608
                                                              ],
                                                              [
                                                                  85.096,
                                                                  25.608
                                                              ],
                                                              [
                                                                  85.096,
                                                                  25.6
                                                              ]
                                                          ]
                                      }
                     },
                     {
                         "type":  "Feature",
                         "properties":  {
                                            "zone_id":  "ZONE-0139",
                                            "accessibility_class":  "High Accessibility",
                                            "score":  3,
                                            "dist_to_highway_m":  9.1,
                                            "dist_to_vital_facility_m":  982.4,
                                            "area_sq_km":  0.712,
                                            "color":  "#2e7d32",
                                            "engineering_implication":  "High mobility \u0026 rapid emergency response (\u003c5 min)"
                                        },
                         "geometry":  {
                                          "type":  "Polygon",
                                          "coordinates":  [
                                                              [
                                                                  85.104,
                                                                  25.6
                                                              ],
                                                              [
                                                                  85.112,
                                                                  25.6
                                                              ],
                                                              [
                                                                  85.112,
                                                                  25.608
                                                              ],
                                                              [
                                                                  85.104,
                                                                  25.608
                                                              ],
                                                              [
                                                                  85.104,
                                                                  25.6
                                                              ]
                                                          ]
                                      }
                     },
                     {
                         "type":  "Feature",
                         "properties":  {
                                            "zone_id":  "ZONE-0140",
                                            "accessibility_class":  "High Accessibility",
                                            "score":  3,
                                            "dist_to_highway_m":  186.1,
                                            "dist_to_vital_facility_m":  502.2,
                                            "area_sq_km":  0.712,
                                            "color":  "#2e7d32",
                                            "engineering_implication":  "High mobility \u0026 rapid emergency response (\u003c5 min)"
                                        },
                         "geometry":  {
                                          "type":  "Polygon",
                                          "coordinates":  [
                                                              [
                                                                  85.112,
                                                                  25.6
                                                              ],
                                                              [
                                                                  85.12,
                                                                  25.6
                                                              ],
                                                              [
                                                                  85.12,
                                                                  25.608
                                                              ],
                                                              [
                                                                  85.112,
                                                                  25.608
                                                              ],
                                                              [
                                                                  85.112,
                                                                  25.6
                                                              ]
                                                          ]
                                      }
                     },
                     {
                         "type":  "Feature",
                         "properties":  {
                                            "zone_id":  "ZONE-0141",
                                            "accessibility_class":  "High Accessibility",
                                            "score":  3,
                                            "dist_to_highway_m":  330.8,
                                            "dist_to_vital_facility_m":  724.9,
                                            "area_sq_km":  0.712,
                                            "color":  "#2e7d32",
                                            "engineering_implication":  "High mobility \u0026 rapid emergency response (\u003c5 min)"
                                        },
                         "geometry":  {
                                          "type":  "Polygon",
                                          "coordinates":  [
                                                              [
                                                                  85.12,
                                                                  25.6
                                                              ],
                                                              [
                                                                  85.128,
                                                                  25.6
                                                              ],
                                                              [
                                                                  85.128,
                                                                  25.608
                                                              ],
                                                              [
                                                                  85.12,
                                                                  25.608
                                                              ],
                                                              [
                                                                  85.12,
                                                                  25.6
                                                              ]
                                                          ]
                                      }
                     },
                     {
                         "type":  "Feature",
                         "properties":  {
                                            "zone_id":  "ZONE-0142",
                                            "accessibility_class":  "High Accessibility",
                                            "score":  3,
                                            "dist_to_highway_m":  174.7,
                                            "dist_to_vital_facility_m":  426.4,
                                            "area_sq_km":  0.712,
                                            "color":  "#2e7d32",
                                            "engineering_implication":  "High mobility \u0026 rapid emergency response (\u003c5 min)"
                                        },
                         "geometry":  {
                                          "type":  "Polygon",
                                          "coordinates":  [
                                                              [
                                                                  85.128,
                                                                  25.6
                                                              ],
                                                              [
                                                                  85.136,
                                                                  25.6
                                                              ],
                                                              [
                                                                  85.136,
                                                                  25.608
                                                              ],
                                                              [
                                                                  85.128,
                                                                  25.608
                                                              ],
                                                              [
                                                                  85.128,
                                                                  25.6
                                                              ]
                                                          ]
                                      }
                     },
                     {
                         "type":  "Feature",
                         "properties":  {
                                            "zone_id":  "ZONE-0143",
                                            "accessibility_class":  "High Accessibility",
                                            "score":  3,
                                            "dist_to_highway_m":  165.8,
                                            "dist_to_vital_facility_m":  388.1,
                                            "area_sq_km":  0.712,
                                            "color":  "#2e7d32",
                                            "engineering_implication":  "High mobility \u0026 rapid emergency response (\u003c5 min)"
                                        },
                         "geometry":  {
                                          "type":  "Polygon",
                                          "coordinates":  [
                                                              [
                                                                  85.136,
                                                                  25.6
                                                              ],
                                                              [
                                                                  85.144,
                                                                  25.6
                                                              ],
                                                              [
                                                                  85.144,
                                                                  25.608
                                                              ],
                                                              [
                                                                  85.136,
                                                                  25.608
                                                              ],
                                                              [
                                                                  85.136,
                                                                  25.6
                                                              ]
                                                          ]
                                      }
                     },
                     {
                         "type":  "Feature",
                         "properties":  {
                                            "zone_id":  "ZONE-0144",
                                            "accessibility_class":  "High Accessibility",
                                            "score":  3,
                                            "dist_to_highway_m":  83.8,
                                            "dist_to_vital_facility_m":  194.2,
                                            "area_sq_km":  0.712,
                                            "color":  "#2e7d32",
                                            "engineering_implication":  "High mobility \u0026 rapid emergency response (\u003c5 min)"
                                        },
                         "geometry":  {
                                          "type":  "Polygon",
                                          "coordinates":  [
                                                              [
                                                                  85.144,
                                                                  25.6
                                                              ],
                                                              [
                                                                  85.152,
                                                                  25.6
                                                              ],
                                                              [
                                                                  85.152,
                                                                  25.608
                                                              ],
                                                              [
                                                                  85.144,
                                                                  25.608
                                                              ],
                                                              [
                                                                  85.144,
                                                                  25.6
                                                              ]
                                                          ]
                                      }
                     },
                     {
                         "type":  "Feature",
                         "properties":  {
                                            "zone_id":  "ZONE-0145",
                                            "accessibility_class":  "High Accessibility",
                                            "score":  3,
                                            "dist_to_highway_m":  117.4,
                                            "dist_to_vital_facility_m":  212.7,
                                            "area_sq_km":  0.712,
                                            "color":  "#2e7d32",
                                            "engineering_implication":  "High mobility \u0026 rapid emergency response (\u003c5 min)"
                                        },
                         "geometry":  {
                                          "type":  "Polygon",
                                          "coordinates":  [
                                                              [
                                                                  85.152,
                                                                  25.6
                                                              ],
                                                              [
                                                                  85.16,
                                                                  25.6
                                                              ],
                                                              [
                                                                  85.16,
                                                                  25.608
                                                              ],
                                                              [
                                                                  85.152,
                                                                  25.608
                                                              ],
                                                              [
                                                                  85.152,
                                                                  25.6
                                                              ]
                                                          ]
                                      }
                     },
                     {
                         "type":  "Feature",
                         "properties":  {
                                            "zone_id":  "ZONE-0146",
                                            "accessibility_class":  "High Accessibility",
                                            "score":  3,
                                            "dist_to_highway_m":  196.4,
                                            "dist_to_vital_facility_m":  216.1,
                                            "area_sq_km":  0.712,
                                            "color":  "#2e7d32",
                                            "engineering_implication":  "High mobility \u0026 rapid emergency response (\u003c5 min)"
                                        },
                         "geometry":  {
                                          "type":  "Polygon",
                                          "coordinates":  [
                                                              [
                                                                  85.16,
                                                                  25.6
                                                              ],
                                                              [
                                                                  85.168,
                                                                  25.6
                                                              ],
                                                              [
                                                                  85.168,
                                                                  25.608
                                                              ],
                                                              [
                                                                  85.16,
                                                                  25.608
                                                              ],
                                                              [
                                                                  85.16,
                                                                  25.6
                                                              ]
                                                          ]
                                      }
                     },
                     {
                         "type":  "Feature",
                         "properties":  {
                                            "zone_id":  "ZONE-0147",
                                            "accessibility_class":  "High Accessibility",
                                            "score":  3,
                                            "dist_to_highway_m":  281.5,
                                            "dist_to_vital_facility_m":  191.8,
                                            "area_sq_km":  0.712,
                                            "color":  "#2e7d32",
                                            "engineering_implication":  "High mobility \u0026 rapid emergency response (\u003c5 min)"
                                        },
                         "geometry":  {
                                          "type":  "Polygon",
                                          "coordinates":  [
                                                              [
                                                                  85.168,
                                                                  25.6
                                                              ],
                                                              [
                                                                  85.176,
                                                                  25.6
                                                              ],
                                                              [
                                                                  85.176,
                                                                  25.608
                                                              ],
                                                              [
                                                                  85.168,
                                                                  25.608
                                                              ],
                                                              [
                                                                  85.168,
                                                                  25.6
                                                              ]
                                                          ]
                                      }
                     },
                     {
                         "type":  "Feature",
                         "properties":  {
                                            "zone_id":  "ZONE-0148",
                                            "accessibility_class":  "High Accessibility",
                                            "score":  3,
                                            "dist_to_highway_m":  343.4,
                                            "dist_to_vital_facility_m":  639.9,
                                            "area_sq_km":  0.712,
                                            "color":  "#2e7d32",
                                            "engineering_implication":  "High mobility \u0026 rapid emergency response (\u003c5 min)"
                                        },
                         "geometry":  {
                                          "type":  "Polygon",
                                          "coordinates":  [
                                                              [
                                                                  85.176,
                                                                  25.6
                                                              ],
                                                              [
                                                                  85.184,
                                                                  25.6
                                                              ],
                                                              [
                                                                  85.184,
                                                                  25.608
                                                              ],
                                                              [
                                                                  85.176,
                                                                  25.608
                                                              ],
                                                              [
                                                                  85.176,
                                                                  25.6
                                                              ]
                                                          ]
                                      }
                     },
                     {
                         "type":  "Feature",
                         "properties":  {
                                            "zone_id":  "ZONE-0149",
                                            "accessibility_class":  "High Accessibility",
                                            "score":  3,
                                            "dist_to_highway_m":  399.4,
                                            "dist_to_vital_facility_m":  294.5,
                                            "area_sq_km":  0.712,
                                            "color":  "#2e7d32",
                                            "engineering_implication":  "High mobility \u0026 rapid emergency response (\u003c5 min)"
                                        },
                         "geometry":  {
                                          "type":  "Polygon",
                                          "coordinates":  [
                                                              [
                                                                  85.184,
                                                                  25.6
                                                              ],
                                                              [
                                                                  85.192,
                                                                  25.6
                                                              ],
                                                              [
                                                                  85.192,
                                                                  25.608
                                                              ],
                                                              [
                                                                  85.184,
                                                                  25.608
                                                              ],
                                                              [
                                                                  85.184,
                                                                  25.6
                                                              ]
                                                          ]
                                      }
                     },
                     {
                         "type":  "Feature",
                         "properties":  {
                                            "zone_id":  "ZONE-0150",
                                            "accessibility_class":  "High Accessibility",
                                            "score":  3,
                                            "dist_to_highway_m":  110.1,
                                            "dist_to_vital_facility_m":  121.6,
                                            "area_sq_km":  0.712,
                                            "color":  "#2e7d32",
                                            "engineering_implication":  "High mobility \u0026 rapid emergency response (\u003c5 min)"
                                        },
                         "geometry":  {
                                          "type":  "Polygon",
                                          "coordinates":  [
                                                              [
                                                                  85.192,
                                                                  25.6
                                                              ],
                                                              [
                                                                  85.2,
                                                                  25.6
                                                              ],
                                                              [
                                                                  85.2,
                                                                  25.608
                                                              ],
                                                              [
                                                                  85.192,
                                                                  25.608
                                                              ],
                                                              [
                                                                  85.192,
                                                                  25.6
                                                              ]
                                                          ]
                                      }
                     },
                     {
                         "type":  "Feature",
                         "properties":  {
                                            "zone_id":  "ZONE-0151",
                                            "accessibility_class":  "High Accessibility",
                                            "score":  3,
                                            "dist_to_highway_m":  505.9,
                                            "dist_to_vital_facility_m":  581.9,
                                            "area_sq_km":  0.712,
                                            "color":  "#2e7d32",
                                            "engineering_implication":  "High mobility \u0026 rapid emergency response (\u003c5 min)"
                                        },
                         "geometry":  {
                                          "type":  "Polygon",
                                          "coordinates":  [
                                                              [
                                                                  85.2,
                                                                  25.6
                                                              ],
                                                              [
                                                                  85.208,
                                                                  25.6
                                                              ],
                                                              [
                                                                  85.208,
                                                                  25.608
                                                              ],
                                                              [
                                                                  85.2,
                                                                  25.608
                                                              ],
                                                              [
                                                                  85.2,
                                                                  25.6
                                                              ]
                                                          ]
                                      }
                     },
                     {
                         "type":  "Feature",
                         "properties":  {
                                            "zone_id":  "ZONE-0152",
                                            "accessibility_class":  "High Accessibility",
                                            "score":  3,
                                            "dist_to_highway_m":  276.3,
                                            "dist_to_vital_facility_m":  282.1,
                                            "area_sq_km":  0.712,
                                            "color":  "#2e7d32",
                                            "engineering_implication":  "High mobility \u0026 rapid emergency response (\u003c5 min)"
                                        },
                         "geometry":  {
                                          "type":  "Polygon",
                                          "coordinates":  [
                                                              [
                                                                  85.208,
                                                                  25.6
                                                              ],
                                                              [
                                                                  85.216,
                                                                  25.6
                                                              ],
                                                              [
                                                                  85.216,
                                                                  25.608
                                                              ],
                                                              [
                                                                  85.208,
                                                                  25.608
                                                              ],
                                                              [
                                                                  85.208,
                                                                  25.6
                                                              ]
                                                          ]
                                      }
                     },
                     {
                         "type":  "Feature",
                         "properties":  {
                                            "zone_id":  "ZONE-0153",
                                            "accessibility_class":  "High Accessibility",
                                            "score":  3,
                                            "dist_to_highway_m":  356.7,
                                            "dist_to_vital_facility_m":  593.9,
                                            "area_sq_km":  0.712,
                                            "color":  "#2e7d32",
                                            "engineering_implication":  "High mobility \u0026 rapid emergency response (\u003c5 min)"
                                        },
                         "geometry":  {
                                          "type":  "Polygon",
                                          "coordinates":  [
                                                              [
                                                                  85.216,
                                                                  25.6
                                                              ],
                                                              [
                                                                  85.224,
                                                                  25.6
                                                              ],
                                                              [
                                                                  85.224,
                                                                  25.608
                                                              ],
                                                              [
                                                                  85.216,
                                                                  25.608
                                                              ],
                                                              [
                                                                  85.216,
                                                                  25.6
                                                              ]
                                                          ]
                                      }
                     },
                     {
                         "type":  "Feature",
                         "properties":  {
                                            "zone_id":  "ZONE-0154",
                                            "accessibility_class":  "High Accessibility",
                                            "score":  3,
                                            "dist_to_highway_m":  564.5,
                                            "dist_to_vital_facility_m":  567.1,
                                            "area_sq_km":  0.712,
                                            "color":  "#2e7d32",
                                            "engineering_implication":  "High mobility \u0026 rapid emergency response (\u003c5 min)"
                                        },
                         "geometry":  {
                                          "type":  "Polygon",
                                          "coordinates":  [
                                                              [
                                                                  85.224,
                                                                  25.6
                                                              ],
                                                              [
                                                                  85.232,
                                                                  25.6
                                                              ],
                                                              [
                                                                  85.232,
                                                                  25.608
                                                              ],
                                                              [
                                                                  85.224,
                                                                  25.608
                                                              ],
                                                              [
                                                                  85.224,
                                                                  25.6
                                                              ]
                                                          ]
                                      }
                     },
                     {
                         "type":  "Feature",
                         "properties":  {
                                            "zone_id":  "ZONE-0155",
                                            "accessibility_class":  "High Accessibility",
                                            "score":  3,
                                            "dist_to_highway_m":  963.3,
                                            "dist_to_vital_facility_m":  1034.2,
                                            "area_sq_km":  0.712,
                                            "color":  "#2e7d32",
                                            "engineering_implication":  "High mobility \u0026 rapid emergency response (\u003c5 min)"
                                        },
                         "geometry":  {
                                          "type":  "Polygon",
                                          "coordinates":  [
                                                              [
                                                                  85.232,
                                                                  25.6
                                                              ],
                                                              [
                                                                  85.24,
                                                                  25.6
                                                              ],
                                                              [
                                                                  85.24,
                                                                  25.608
                                                              ],
                                                              [
                                                                  85.232,
                                                                  25.608
                                                              ],
                                                              [
                                                                  85.232,
                                                                  25.6
                                                              ]
                                                          ]
                                      }
                     },
                     {
                         "type":  "Feature",
                         "properties":  {
                                            "zone_id":  "ZONE-0156",
                                            "accessibility_class":  "Moderate Accessibility",
                                            "score":  2,
                                            "dist_to_highway_m":  1487.5,
                                            "dist_to_vital_facility_m":  1762,
                                            "area_sq_km":  0.712,
                                            "color":  "#f9a825",
                                            "engineering_implication":  "Moderate mobility; accessible via feeder roads (5-15 min)"
                                        },
                         "geometry":  {
                                          "type":  "Polygon",
                                          "coordinates":  [
                                                              [
                                                                  85.24,
                                                                  25.6
                                                              ],
                                                              [
                                                                  85.248,
                                                                  25.6
                                                              ],
                                                              [
                                                                  85.248,
                                                                  25.608
                                                              ],
                                                              [
                                                                  85.24,
                                                                  25.608
                                                              ],
                                                              [
                                                                  85.24,
                                                                  25.6
                                                              ]
                                                          ]
                                      }
                     },
                     {
                         "type":  "Feature",
                         "properties":  {
                                            "zone_id":  "ZONE-0157",
                                            "accessibility_class":  "High Accessibility",
                                            "score":  3,
                                            "dist_to_highway_m":  761.5,
                                            "dist_to_vital_facility_m":  692.2,
                                            "area_sq_km":  0.712,
                                            "color":  "#2e7d32",
                                            "engineering_implication":  "High mobility \u0026 rapid emergency response (\u003c5 min)"
                                        },
                         "geometry":  {
                                          "type":  "Polygon",
                                          "coordinates":  [
                                                              [
                                                                  85.04,
                                                                  25.608
                                                              ],
                                                              [
                                                                  85.048,
                                                                  25.608
                                                              ],
                                                              [
                                                                  85.048,
                                                                  25.616
                                                              ],
                                                              [
                                                                  85.04,
                                                                  25.616
                                                              ],
                                                              [
                                                                  85.04,
                                                                  25.608
                                                              ]
                                                          ]
                                      }
                     },
                     {
                         "type":  "Feature",
                         "properties":  {
                                            "zone_id":  "ZONE-0158",
                                            "accessibility_class":  "High Accessibility",
                                            "score":  3,
                                            "dist_to_highway_m":  257.8,
                                            "dist_to_vital_facility_m":  561,
                                            "area_sq_km":  0.712,
                                            "color":  "#2e7d32",
                                            "engineering_implication":  "High mobility \u0026 rapid emergency response (\u003c5 min)"
                                        },
                         "geometry":  {
                                          "type":  "Polygon",
                                          "coordinates":  [
                                                              [
                                                                  85.048,
                                                                  25.608
                                                              ],
                                                              [
                                                                  85.056,
                                                                  25.608
                                                              ],
                                                              [
                                                                  85.056,
                                                                  25.616
                                                              ],
                                                              [
                                                                  85.048,
                                                                  25.616
                                                              ],
                                                              [
                                                                  85.048,
                                                                  25.608
                                                              ]
                                                          ]
                                      }
                     },
                     {
                         "type":  "Feature",
                         "properties":  {
                                            "zone_id":  "ZONE-0159",
                                            "accessibility_class":  "High Accessibility",
                                            "score":  3,
                                            "dist_to_highway_m":  176.8,
                                            "dist_to_vital_facility_m":  266.3,
                                            "area_sq_km":  0.712,
                                            "color":  "#2e7d32",
                                            "engineering_implication":  "High mobility \u0026 rapid emergency response (\u003c5 min)"
                                        },
                         "geometry":  {
                                          "type":  "Polygon",
                                          "coordinates":  [
                                                              [
                                                                  85.056,
                                                                  25.608
                                                              ],
                                                              [
                                                                  85.064,
                                                                  25.608
                                                              ],
                                                              [
                                                                  85.064,
                                                                  25.616
                                                              ],
                                                              [
                                                                  85.056,
                                                                  25.616
                                                              ],
                                                              [
                                                                  85.056,
                                                                  25.608
                                                              ]
                                                          ]
                                      }
                     },
                     {
                         "type":  "Feature",
                         "properties":  {
                                            "zone_id":  "ZONE-0160",
                                            "accessibility_class":  "High Accessibility",
                                            "score":  3,
                                            "dist_to_highway_m":  482.5,
                                            "dist_to_vital_facility_m":  455.4,
                                            "area_sq_km":  0.712,
                                            "color":  "#2e7d32",
                                            "engineering_implication":  "High mobility \u0026 rapid emergency response (\u003c5 min)"
                                        },
                         "geometry":  {
                                          "type":  "Polygon",
                                          "coordinates":  [
                                                              [
                                                                  85.064,
                                                                  25.608
                                                              ],
                                                              [
                                                                  85.072,
                                                                  25.608
                                                              ],
                                                              [
                                                                  85.072,
                                                                  25.616
                                                              ],
                                                              [
                                                                  85.064,
                                                                  25.616
                                                              ],
                                                              [
                                                                  85.064,
                                                                  25.608
                                                              ]
                                                          ]
                                      }
                     },
                     {
                         "type":  "Feature",
                         "properties":  {
                                            "zone_id":  "ZONE-0161",
                                            "accessibility_class":  "High Accessibility",
                                            "score":  3,
                                            "dist_to_highway_m":  674.1,
                                            "dist_to_vital_facility_m":  82.8,
                                            "area_sq_km":  0.712,
                                            "color":  "#2e7d32",
                                            "engineering_implication":  "High mobility \u0026 rapid emergency response (\u003c5 min)"
                                        },
                         "geometry":  {
                                          "type":  "Polygon",
                                          "coordinates":  [
                                                              [
                                                                  85.072,
                                                                  25.608
                                                              ],
                                                              [
                                                                  85.08,
                                                                  25.608
                                                              ],
                                                              [
                                                                  85.08,
                                                                  25.616
                                                              ],
                                                              [
                                                                  85.072,
                                                                  25.616
                                                              ],
                                                              [
                                                                  85.072,
                                                                  25.608
                                                              ]
                                                          ]
                                      }
                     },
                     {
                         "type":  "Feature",
                         "properties":  {
                                            "zone_id":  "ZONE-0162",
                                            "accessibility_class":  "High Accessibility",
                                            "score":  3,
                                            "dist_to_highway_m":  770.1,
                                            "dist_to_vital_facility_m":  728.3,
                                            "area_sq_km":  0.712,
                                            "color":  "#2e7d32",
                                            "engineering_implication":  "High mobility \u0026 rapid emergency response (\u003c5 min)"
                                        },
                         "geometry":  {
                                          "type":  "Polygon",
                                          "coordinates":  [
                                                              [
                                                                  85.08,
                                                                  25.608
                                                              ],
                                                              [
                                                                  85.088,
                                                                  25.608
                                                              ],
                                                              [
                                                                  85.088,
                                                                  25.616
                                                              ],
                                                              [
                                                                  85.08,
                                                                  25.616
                                                              ],
                                                              [
                                                                  85.08,
                                                                  25.608
                                                              ]
                                                          ]
                                      }
                     },
                     {
                         "type":  "Feature",
                         "properties":  {
                                            "zone_id":  "ZONE-0163",
                                            "accessibility_class":  "High Accessibility",
                                            "score":  3,
                                            "dist_to_highway_m":  831.6,
                                            "dist_to_vital_facility_m":  274.9,
                                            "area_sq_km":  0.712,
                                            "color":  "#2e7d32",
                                            "engineering_implication":  "High mobility \u0026 rapid emergency response (\u003c5 min)"
                                        },
                         "geometry":  {
                                          "type":  "Polygon",
                                          "coordinates":  [
                                                              [
                                                                  85.088,
                                                                  25.608
                                                              ],
                                                              [
                                                                  85.096,
                                                                  25.608
                                                              ],
                                                              [
                                                                  85.096,
                                                                  25.616
                                                              ],
                                                              [
                                                                  85.088,
                                                                  25.616
                                                              ],
                                                              [
                                                                  85.088,
                                                                  25.608
                                                              ]
                                                          ]
                                      }
                     },
                     {
                         "type":  "Feature",
                         "properties":  {
                                            "zone_id":  "ZONE-0164",
                                            "accessibility_class":  "High Accessibility",
                                            "score":  3,
                                            "dist_to_highway_m":  865.6,
                                            "dist_to_vital_facility_m":  885.3,
                                            "area_sq_km":  0.712,
                                            "color":  "#2e7d32",
                                            "engineering_implication":  "High mobility \u0026 rapid emergency response (\u003c5 min)"
                                        },
                         "geometry":  {
                                          "type":  "Polygon",
                                          "coordinates":  [
                                                              [
                                                                  85.096,
                                                                  25.608
                                                              ],
                                                              [
                                                                  85.104,
                                                                  25.608
                                                              ],
                                                              [
                                                                  85.104,
                                                                  25.616
                                                              ],
                                                              [
                                                                  85.096,
                                                                  25.616
                                                              ],
                                                              [
                                                                  85.096,
                                                                  25.608
                                                              ]
                                                          ]
                                      }
                     },
                     {
                         "type":  "Feature",
                         "properties":  {
                                            "zone_id":  "ZONE-0165",
                                            "accessibility_class":  "High Accessibility",
                                            "score":  3,
                                            "dist_to_highway_m":  440.1,
                                            "dist_to_vital_facility_m":  549.3,
                                            "area_sq_km":  0.712,
                                            "color":  "#2e7d32",
                                            "engineering_implication":  "High mobility \u0026 rapid emergency response (\u003c5 min)"
                                        },
                         "geometry":  {
                                          "type":  "Polygon",
                                          "coordinates":  [
                                                              [
                                                                  85.104,
                                                                  25.608
                                                              ],
                                                              [
                                                                  85.112,
                                                                  25.608
                                                              ],
                                                              [
                                                                  85.112,
                                                                  25.616
                                                              ],
                                                              [
                                                                  85.104,
                                                                  25.616
                                                              ],
                                                              [
                                                                  85.104,
                                                                  25.608
                                                              ]
                                                          ]
                                      }
                     },
                     {
                         "type":  "Feature",
                         "properties":  {
                                            "zone_id":  "ZONE-0166",
                                            "accessibility_class":  "High Accessibility",
                                            "score":  3,
                                            "dist_to_highway_m":  222.7,
                                            "dist_to_vital_facility_m":  80,
                                            "area_sq_km":  0.712,
                                            "color":  "#2e7d32",
                                            "engineering_implication":  "High mobility \u0026 rapid emergency response (\u003c5 min)"
                                        },
                         "geometry":  {
                                          "type":  "Polygon",
                                          "coordinates":  [
                                                              [
                                                                  85.112,
                                                                  25.608
                                                              ],
                                                              [
                                                                  85.12,
                                                                  25.608
                                                              ],
                                                              [
                                                                  85.12,
                                                                  25.616
                                                              ],
                                                              [
                                                                  85.112,
                                                                  25.616
                                                              ],
                                                              [
                                                                  85.112,
                                                                  25.608
                                                              ]
                                                          ]
                                      }
                     },
                     {
                         "type":  "Feature",
                         "properties":  {
                                            "zone_id":  "ZONE-0167",
                                            "accessibility_class":  "High Accessibility",
                                            "score":  3,
                                            "dist_to_highway_m":  203.7,
                                            "dist_to_vital_facility_m":  451.4,
                                            "area_sq_km":  0.712,
                                            "color":  "#2e7d32",
                                            "engineering_implication":  "High mobility \u0026 rapid emergency response (\u003c5 min)"
                                        },
                         "geometry":  {
                                          "type":  "Polygon",
                                          "coordinates":  [
                                                              [
                                                                  85.12,
                                                                  25.608
                                                              ],
                                                              [
                                                                  85.128,
                                                                  25.608
                                                              ],
                                                              [
                                                                  85.128,
                                                                  25.616
                                                              ],
                                                              [
                                                                  85.12,
                                                                  25.616
                                                              ],
                                                              [
                                                                  85.12,
                                                                  25.608
                                                              ]
                                                          ]
                                      }
                     },
                     {
                         "type":  "Feature",
                         "properties":  {
                                            "zone_id":  "ZONE-0168",
                                            "accessibility_class":  "High Accessibility",
                                            "score":  3,
                                            "dist_to_highway_m":  126.4,
                                            "dist_to_vital_facility_m":  145,
                                            "area_sq_km":  0.712,
                                            "color":  "#2e7d32",
                                            "engineering_implication":  "High mobility \u0026 rapid emergency response (\u003c5 min)"
                                        },
                         "geometry":  {
                                          "type":  "Polygon",
                                          "coordinates":  [
                                                              [
                                                                  85.128,
                                                                  25.608
                                                              ],
                                                              [
                                                                  85.136,
                                                                  25.608
                                                              ],
                                                              [
                                                                  85.136,
                                                                  25.616
                                                              ],
                                                              [
                                                                  85.128,
                                                                  25.616
                                                              ],
                                                              [
                                                                  85.128,
                                                                  25.608
                                                              ]
                                                          ]
                                      }
                     },
                     {
                         "type":  "Feature",
                         "properties":  {
                                            "zone_id":  "ZONE-0169",
                                            "accessibility_class":  "High Accessibility",
                                            "score":  3,
                                            "dist_to_highway_m":  67.5,
                                            "dist_to_vital_facility_m":  98.1,
                                            "area_sq_km":  0.712,
                                            "color":  "#2e7d32",
                                            "engineering_implication":  "High mobility \u0026 rapid emergency response (\u003c5 min)"
                                        },
                         "geometry":  {
                                          "type":  "Polygon",
                                          "coordinates":  [
                                                              [
                                                                  85.136,
                                                                  25.608
                                                              ],
                                                              [
                                                                  85.144,
                                                                  25.608
                                                              ],
                                                              [
                                                                  85.144,
                                                                  25.616
                                                              ],
                                                              [
                                                                  85.136,
                                                                  25.616
                                                              ],
                                                              [
                                                                  85.136,
                                                                  25.608
                                                              ]
                                                          ]
                                      }
                     },
                     {
                         "type":  "Feature",
                         "properties":  {
                                            "zone_id":  "ZONE-0170",
                                            "accessibility_class":  "High Accessibility",
                                            "score":  3,
                                            "dist_to_highway_m":  513.6,
                                            "dist_to_vital_facility_m":  374.1,
                                            "area_sq_km":  0.712,
                                            "color":  "#2e7d32",
                                            "engineering_implication":  "High mobility \u0026 rapid emergency response (\u003c5 min)"
                                        },
                         "geometry":  {
                                          "type":  "Polygon",
                                          "coordinates":  [
                                                              [
                                                                  85.144,
                                                                  25.608
                                                              ],
                                                              [
                                                                  85.152,
                                                                  25.608
                                                              ],
                                                              [
                                                                  85.152,
                                                                  25.616
                                                              ],
                                                              [
                                                                  85.144,
                                                                  25.616
                                                              ],
                                                              [
                                                                  85.144,
                                                                  25.608
                                                              ]
                                                          ]
                                      }
                     },
                     {
                         "type":  "Feature",
                         "properties":  {
                                            "zone_id":  "ZONE-0171",
                                            "accessibility_class":  "High Accessibility",
                                            "score":  3,
                                            "dist_to_highway_m":  834.2,
                                            "dist_to_vital_facility_m":  77.4,
                                            "area_sq_km":  0.712,
                                            "color":  "#2e7d32",
                                            "engineering_implication":  "High mobility \u0026 rapid emergency response (\u003c5 min)"
                                        },
                         "geometry":  {
                                          "type":  "Polygon",
                                          "coordinates":  [
                                                              [
                                                                  85.152,
                                                                  25.608
                                                              ],
                                                              [
                                                                  85.16,
                                                                  25.608
                                                              ],
                                                              [
                                                                  85.16,
                                                                  25.616
                                                              ],
                                                              [
                                                                  85.152,
                                                                  25.616
                                                              ],
                                                              [
                                                                  85.152,
                                                                  25.608
                                                              ]
                                                          ]
                                      }
                     },
                     {
                         "type":  "Feature",
                         "properties":  {
                                            "zone_id":  "ZONE-0172",
                                            "accessibility_class":  "High Accessibility",
                                            "score":  3,
                                            "dist_to_highway_m":  719.6,
                                            "dist_to_vital_facility_m":  425.7,
                                            "area_sq_km":  0.712,
                                            "color":  "#2e7d32",
                                            "engineering_implication":  "High mobility \u0026 rapid emergency response (\u003c5 min)"
                                        },
                         "geometry":  {
                                          "type":  "Polygon",
                                          "coordinates":  [
                                                              [
                                                                  85.16,
                                                                  25.608
                                                              ],
                                                              [
                                                                  85.168,
                                                                  25.608
                                                              ],
                                                              [
                                                                  85.168,
                                                                  25.616
                                                              ],
                                                              [
                                                                  85.16,
                                                                  25.616
                                                              ],
                                                              [
                                                                  85.16,
                                                                  25.608
                                                              ]
                                                          ]
                                      }
                     },
                     {
                         "type":  "Feature",
                         "properties":  {
                                            "zone_id":  "ZONE-0173",
                                            "accessibility_class":  "High Accessibility",
                                            "score":  3,
                                            "dist_to_highway_m":  520,
                                            "dist_to_vital_facility_m":  390.9,
                                            "area_sq_km":  0.712,
                                            "color":  "#2e7d32",
                                            "engineering_implication":  "High mobility \u0026 rapid emergency response (\u003c5 min)"
                                        },
                         "geometry":  {
                                          "type":  "Polygon",
                                          "coordinates":  [
                                                              [
                                                                  85.168,
                                                                  25.608
                                                              ],
                                                              [
                                                                  85.176,
                                                                  25.608
                                                              ],
                                                              [
                                                                  85.176,
                                                                  25.616
                                                              ],
                                                              [
                                                                  85.168,
                                                                  25.616
                                                              ],
                                                              [
                                                                  85.168,
                                                                  25.608
                                                              ]
                                                          ]
                                      }
                     },
                     {
                         "type":  "Feature",
                         "properties":  {
                                            "zone_id":  "ZONE-0174",
                                            "accessibility_class":  "High Accessibility",
                                            "score":  3,
                                            "dist_to_highway_m":  446.6,
                                            "dist_to_vital_facility_m":  457.6,
                                            "area_sq_km":  0.712,
                                            "color":  "#2e7d32",
                                            "engineering_implication":  "High mobility \u0026 rapid emergency response (\u003c5 min)"
                                        },
                         "geometry":  {
                                          "type":  "Polygon",
                                          "coordinates":  [
                                                              [
                                                                  85.176,
                                                                  25.608
                                                              ],
                                                              [
                                                                  85.184,
                                                                  25.608
                                                              ],
                                                              [
                                                                  85.184,
                                                                  25.616
                                                              ],
                                                              [
                                                                  85.176,
                                                                  25.616
                                                              ],
                                                              [
                                                                  85.176,
                                                                  25.608
                                                              ]
                                                          ]
                                      }
                     },
                     {
                         "type":  "Feature",
                         "properties":  {
                                            "zone_id":  "ZONE-0175",
                                            "accessibility_class":  "High Accessibility",
                                            "score":  3,
                                            "dist_to_highway_m":  232.3,
                                            "dist_to_vital_facility_m":  316.6,
                                            "area_sq_km":  0.712,
                                            "color":  "#2e7d32",
                                            "engineering_implication":  "High mobility \u0026 rapid emergency response (\u003c5 min)"
                                        },
                         "geometry":  {
                                          "type":  "Polygon",
                                          "coordinates":  [
                                                              [
                                                                  85.184,
                                                                  25.608
                                                              ],
                                                              [
                                                                  85.192,
                                                                  25.608
                                                              ],
                                                              [
                                                                  85.192,
                                                                  25.616
                                                              ],
                                                              [
                                                                  85.184,
                                                                  25.616
                                                              ],
                                                              [
                                                                  85.184,
                                                                  25.608
                                                              ]
                                                          ]
                                      }
                     },
                     {
                         "type":  "Feature",
                         "properties":  {
                                            "zone_id":  "ZONE-0176",
                                            "accessibility_class":  "High Accessibility",
                                            "score":  3,
                                            "dist_to_highway_m":  96.3,
                                            "dist_to_vital_facility_m":  645.1,
                                            "area_sq_km":  0.712,
                                            "color":  "#2e7d32",
                                            "engineering_implication":  "High mobility \u0026 rapid emergency response (\u003c5 min)"
                                        },
                         "geometry":  {
                                          "type":  "Polygon",
                                          "coordinates":  [
                                                              [
                                                                  85.192,
                                                                  25.608
                                                              ],
                                                              [
                                                                  85.2,
                                                                  25.608
                                                              ],
                                                              [
                                                                  85.2,
                                                                  25.616
                                                              ],
                                                              [
                                                                  85.192,
                                                                  25.616
                                                              ],
                                                              [
                                                                  85.192,
                                                                  25.608
                                                              ]
                                                          ]
                                      }
                     },
                     {
                         "type":  "Feature",
                         "properties":  {
                                            "zone_id":  "ZONE-0177",
                                            "accessibility_class":  "High Accessibility",
                                            "score":  3,
                                            "dist_to_highway_m":  184.6,
                                            "dist_to_vital_facility_m":  300.4,
                                            "area_sq_km":  0.712,
                                            "color":  "#2e7d32",
                                            "engineering_implication":  "High mobility \u0026 rapid emergency response (\u003c5 min)"
                                        },
                         "geometry":  {
                                          "type":  "Polygon",
                                          "coordinates":  [
                                                              [
                                                                  85.2,
                                                                  25.608
                                                              ],
                                                              [
                                                                  85.208,
                                                                  25.608
                                                              ],
                                                              [
                                                                  85.208,
                                                                  25.616
                                                              ],
                                                              [
                                                                  85.2,
                                                                  25.616
                                                              ],
                                                              [
                                                                  85.2,
                                                                  25.608
                                                              ]
                                                          ]
                                      }
                     },
                     {
                         "type":  "Feature",
                         "properties":  {
                                            "zone_id":  "ZONE-0178",
                                            "accessibility_class":  "High Accessibility",
                                            "score":  3,
                                            "dist_to_highway_m":  564.5,
                                            "dist_to_vital_facility_m":  607.6,
                                            "area_sq_km":  0.712,
                                            "color":  "#2e7d32",
                                            "engineering_implication":  "High mobility \u0026 rapid emergency response (\u003c5 min)"
                                        },
                         "geometry":  {
                                          "type":  "Polygon",
                                          "coordinates":  [
                                                              [
                                                                  85.208,
                                                                  25.608
                                                              ],
                                                              [
                                                                  85.216,
                                                                  25.608
                                                              ],
                                                              [
                                                                  85.216,
                                                                  25.616
                                                              ],
                                                              [
                                                                  85.208,
                                                                  25.616
                                                              ],
                                                              [
                                                                  85.208,
                                                                  25.608
                                                              ]
                                                          ]
                                      }
                     },
                     {
                         "type":  "Feature",
                         "properties":  {
                                            "zone_id":  "ZONE-0179",
                                            "accessibility_class":  "Moderate Accessibility",
                                            "score":  2,
                                            "dist_to_highway_m":  1208.4,
                                            "dist_to_vital_facility_m":  1271.7,
                                            "area_sq_km":  0.712,
                                            "color":  "#f9a825",
                                            "engineering_implication":  "Moderate mobility; accessible via feeder roads (5-15 min)"
                                        },
                         "geometry":  {
                                          "type":  "Polygon",
                                          "coordinates":  [
                                                              [
                                                                  85.216,
                                                                  25.608
                                                              ],
                                                              [
                                                                  85.224,
                                                                  25.608
                                                              ],
                                                              [
                                                                  85.224,
                                                                  25.616
                                                              ],
                                                              [
                                                                  85.216,
                                                                  25.616
                                                              ],
                                                              [
                                                                  85.216,
                                                                  25.608
                                                              ]
                                                          ]
                                      }
                     },
                     {
                         "type":  "Feature",
                         "properties":  {
                                            "zone_id":  "ZONE-0180",
                                            "accessibility_class":  "Moderate Accessibility",
                                            "score":  2,
                                            "dist_to_highway_m":  1414.8,
                                            "dist_to_vital_facility_m":  1454.3,
                                            "area_sq_km":  0.712,
                                            "color":  "#f9a825",
                                            "engineering_implication":  "Moderate mobility; accessible via feeder roads (5-15 min)"
                                        },
                         "geometry":  {
                                          "type":  "Polygon",
                                          "coordinates":  [
                                                              [
                                                                  85.224,
                                                                  25.608
                                                              ],
                                                              [
                                                                  85.232,
                                                                  25.608
                                                              ],
                                                              [
                                                                  85.232,
                                                                  25.616
                                                              ],
                                                              [
                                                                  85.224,
                                                                  25.616
                                                              ],
                                                              [
                                                                  85.224,
                                                                  25.608
                                                              ]
                                                          ]
                                      }
                     },
                     {
                         "type":  "Feature",
                         "properties":  {
                                            "zone_id":  "ZONE-0181",
                                            "accessibility_class":  "Moderate Accessibility",
                                            "score":  2,
                                            "dist_to_highway_m":  1732.6,
                                            "dist_to_vital_facility_m":  1692.1,
                                            "area_sq_km":  0.712,
                                            "color":  "#f9a825",
                                            "engineering_implication":  "Moderate mobility; accessible via feeder roads (5-15 min)"
                                        },
                         "geometry":  {
                                          "type":  "Polygon",
                                          "coordinates":  [
                                                              [
                                                                  85.232,
                                                                  25.608
                                                              ],
                                                              [
                                                                  85.24,
                                                                  25.608
                                                              ],
                                                              [
                                                                  85.24,
                                                                  25.616
                                                              ],
                                                              [
                                                                  85.232,
                                                                  25.616
                                                              ],
                                                              [
                                                                  85.232,
                                                                  25.608
                                                              ]
                                                          ]
                                      }
                     },
                     {
                         "type":  "Feature",
                         "properties":  {
                                            "zone_id":  "ZONE-0182",
                                            "accessibility_class":  "Moderate Accessibility",
                                            "score":  2,
                                            "dist_to_highway_m":  2136.8,
                                            "dist_to_vital_facility_m":  2213.2,
                                            "area_sq_km":  0.712,
                                            "color":  "#f9a825",
                                            "engineering_implication":  "Moderate mobility; accessible via feeder roads (5-15 min)"
                                        },
                         "geometry":  {
                                          "type":  "Polygon",
                                          "coordinates":  [
                                                              [
                                                                  85.24,
                                                                  25.608
                                                              ],
                                                              [
                                                                  85.248,
                                                                  25.608
                                                              ],
                                                              [
                                                                  85.248,
                                                                  25.616
                                                              ],
                                                              [
                                                                  85.24,
                                                                  25.616
                                                              ],
                                                              [
                                                                  85.24,
                                                                  25.608
                                                              ]
                                                          ]
                                      }
                     },
                     {
                         "type":  "Feature",
                         "properties":  {
                                            "zone_id":  "ZONE-0183",
                                            "accessibility_class":  "High Accessibility",
                                            "score":  3,
                                            "dist_to_highway_m":  114.4,
                                            "dist_to_vital_facility_m":  68.9,
                                            "area_sq_km":  0.712,
                                            "color":  "#2e7d32",
                                            "engineering_implication":  "High mobility \u0026 rapid emergency response (\u003c5 min)"
                                        },
                         "geometry":  {
                                          "type":  "Polygon",
                                          "coordinates":  [
                                                              [
                                                                  85.04,
                                                                  25.616
                                                              ],
                                                              [
                                                                  85.048,
                                                                  25.616
                                                              ],
                                                              [
                                                                  85.048,
                                                                  25.624
                                                              ],
                                                              [
                                                                  85.04,
                                                                  25.624
                                                              ],
                                                              [
                                                                  85.04,
                                                                  25.616
                                                              ]
                                                          ]
                                      }
                     },
                     {
                         "type":  "Feature",
                         "properties":  {
                                            "zone_id":  "ZONE-0184",
                                            "accessibility_class":  "High Accessibility",
                                            "score":  3,
                                            "dist_to_highway_m":  397.3,
                                            "dist_to_vital_facility_m":  576,
                                            "area_sq_km":  0.712,
                                            "color":  "#2e7d32",
                                            "engineering_implication":  "High mobility \u0026 rapid emergency response (\u003c5 min)"
                                        },
                         "geometry":  {
                                          "type":  "Polygon",
                                          "coordinates":  [
                                                              [
                                                                  85.048,
                                                                  25.616
                                                              ],
                                                              [
                                                                  85.056,
                                                                  25.616
                                                              ],
                                                              [
                                                                  85.056,
                                                                  25.624
                                                              ],
                                                              [
                                                                  85.048,
                                                                  25.624
                                                              ],
                                                              [
                                                                  85.048,
                                                                  25.616
                                                              ]
                                                          ]
                                      }
                     },
                     {
                         "type":  "Feature",
                         "properties":  {
                                            "zone_id":  "ZONE-0185",
                                            "accessibility_class":  "High Accessibility",
                                            "score":  3,
                                            "dist_to_highway_m":  909,
                                            "dist_to_vital_facility_m":  749.7,
                                            "area_sq_km":  0.712,
                                            "color":  "#2e7d32",
                                            "engineering_implication":  "High mobility \u0026 rapid emergency response (\u003c5 min)"
                                        },
                         "geometry":  {
                                          "type":  "Polygon",
                                          "coordinates":  [
                                                              [
                                                                  85.056,
                                                                  25.616
                                                              ],
                                                              [
                                                                  85.064,
                                                                  25.616
                                                              ],
                                                              [
                                                                  85.064,
                                                                  25.624
                                                              ],
                                                              [
                                                                  85.056,
                                                                  25.624
                                                              ],
                                                              [
                                                                  85.056,
                                                                  25.616
                                                              ]
                                                          ]
                                      }
                     },
                     {
                         "type":  "Feature",
                         "properties":  {
                                            "zone_id":  "ZONE-0186",
                                            "accessibility_class":  "Moderate Accessibility",
                                            "score":  2,
                                            "dist_to_highway_m":  1318.9,
                                            "dist_to_vital_facility_m":  975.7,
                                            "area_sq_km":  0.712,
                                            "color":  "#f9a825",
                                            "engineering_implication":  "Moderate mobility; accessible via feeder roads (5-15 min)"
                                        },
                         "geometry":  {
                                          "type":  "Polygon",
                                          "coordinates":  [
                                                              [
                                                                  85.064,
                                                                  25.616
                                                              ],
                                                              [
                                                                  85.072,
                                                                  25.616
                                                              ],
                                                              [
                                                                  85.072,
                                                                  25.624
                                                              ],
                                                              [
                                                                  85.064,
                                                                  25.624
                                                              ],
                                                              [
                                                                  85.064,
                                                                  25.616
                                                              ]
                                                          ]
                                      }
                     },
                     {
                         "type":  "Feature",
                         "properties":  {
                                            "zone_id":  "ZONE-0187",
                                            "accessibility_class":  "Moderate Accessibility",
                                            "score":  2,
                                            "dist_to_highway_m":  1553.7,
                                            "dist_to_vital_facility_m":  776.5,
                                            "area_sq_km":  0.712,
                                            "color":  "#f9a825",
                                            "engineering_implication":  "Moderate mobility; accessible via feeder roads (5-15 min)"
                                        },
                         "geometry":  {
                                          "type":  "Polygon",
                                          "coordinates":  [
                                                              [
                                                                  85.072,
                                                                  25.616
                                                              ],
                                                              [
                                                                  85.08,
                                                                  25.616
                                                              ],
                                                              [
                                                                  85.08,
                                                                  25.624
                                                              ],
                                                              [
                                                                  85.072,
                                                                  25.624
                                                              ],
                                                              [
                                                                  85.072,
                                                                  25.616
                                                              ]
                                                          ]
                                      }
                     },
                     {
                         "type":  "Feature",
                         "properties":  {
                                            "zone_id":  "ZONE-0188",
                                            "accessibility_class":  "Moderate Accessibility",
                                            "score":  2,
                                            "dist_to_highway_m":  1649.9,
                                            "dist_to_vital_facility_m":  113.7,
                                            "area_sq_km":  0.712,
                                            "color":  "#f9a825",
                                            "engineering_implication":  "Moderate mobility; accessible via feeder roads (5-15 min)"
                                        },
                         "geometry":  {
                                          "type":  "Polygon",
                                          "coordinates":  [
                                                              [
                                                                  85.08,
                                                                  25.616
                                                              ],
                                                              [
                                                                  85.088,
                                                                  25.616
                                                              ],
                                                              [
                                                                  85.088,
                                                                  25.624
                                                              ],
                                                              [
                                                                  85.08,
                                                                  25.624
                                                              ],
                                                              [
                                                                  85.08,
                                                                  25.616
                                                              ]
                                                          ]
                                      }
                     },
                     {
                         "type":  "Feature",
                         "properties":  {
                                            "zone_id":  "ZONE-0189",
                                            "accessibility_class":  "Moderate Accessibility",
                                            "score":  2,
                                            "dist_to_highway_m":  1325.2,
                                            "dist_to_vital_facility_m":  372.2,
                                            "area_sq_km":  0.712,
                                            "color":  "#f9a825",
                                            "engineering_implication":  "Moderate mobility; accessible via feeder roads (5-15 min)"
                                        },
                         "geometry":  {
                                          "type":  "Polygon",
                                          "coordinates":  [
                                                              [
                                                                  85.088,
                                                                  25.616
                                                              ],
                                                              [
                                                                  85.096,
                                                                  25.616
                                                              ],
                                                              [
                                                                  85.096,
                                                                  25.624
                                                              ],
                                                              [
                                                                  85.088,
                                                                  25.624
                                                              ],
                                                              [
                                                                  85.088,
                                                                  25.616
                                                              ]
                                                          ]
                                      }
                     },
                     {
                         "type":  "Feature",
                         "properties":  {
                                            "zone_id":  "ZONE-0190",
                                            "accessibility_class":  "High Accessibility",
                                            "score":  3,
                                            "dist_to_highway_m":  644.8,
                                            "dist_to_vital_facility_m":  467.7,
                                            "area_sq_km":  0.712,
                                            "color":  "#2e7d32",
                                            "engineering_implication":  "High mobility \u0026 rapid emergency response (\u003c5 min)"
                                        },
                         "geometry":  {
                                          "type":  "Polygon",
                                          "coordinates":  [
                                                              [
                                                                  85.096,
                                                                  25.616
                                                              ],
                                                              [
                                                                  85.104,
                                                                  25.616
                                                              ],
                                                              [
                                                                  85.104,
                                                                  25.624
                                                              ],
                                                              [
                                                                  85.096,
                                                                  25.624
                                                              ],
                                                              [
                                                                  85.096,
                                                                  25.616
                                                              ]
                                                          ]
                                      }
                     },
                     {
                         "type":  "Feature",
                         "properties":  {
                                            "zone_id":  "ZONE-0191",
                                            "accessibility_class":  "High Accessibility",
                                            "score":  3,
                                            "dist_to_highway_m":  19.5,
                                            "dist_to_vital_facility_m":  213.9,
                                            "area_sq_km":  0.712,
                                            "color":  "#2e7d32",
                                            "engineering_implication":  "High mobility \u0026 rapid emergency response (\u003c5 min)"
                                        },
                         "geometry":  {
                                          "type":  "Polygon",
                                          "coordinates":  [
                                                              [
                                                                  85.104,
                                                                  25.616
                                                              ],
                                                              [
                                                                  85.112,
                                                                  25.616
                                                              ],
                                                              [
                                                                  85.112,
                                                                  25.624
                                                              ],
                                                              [
                                                                  85.104,
                                                                  25.624
                                                              ],
                                                              [
                                                                  85.104,
                                                                  25.616
                                                              ]
                                                          ]
                                      }
                     },
                     {
                         "type":  "Feature",
                         "properties":  {
                                            "zone_id":  "ZONE-0192",
                                            "accessibility_class":  "High Accessibility",
                                            "score":  3,
                                            "dist_to_highway_m":  701.4,
                                            "dist_to_vital_facility_m":  89.5,
                                            "area_sq_km":  0.712,
                                            "color":  "#2e7d32",
                                            "engineering_implication":  "High mobility \u0026 rapid emergency response (\u003c5 min)"
                                        },
                         "geometry":  {
                                          "type":  "Polygon",
                                          "coordinates":  [
                                                              [
                                                                  85.112,
                                                                  25.616
                                                              ],
                                                              [
                                                                  85.12,
                                                                  25.616
                                                              ],
                                                              [
                                                                  85.12,
                                                                  25.624
                                                              ],
                                                              [
                                                                  85.112,
                                                                  25.624
                                                              ],
                                                              [
                                                                  85.112,
                                                                  25.616
                                                              ]
                                                          ]
                                      }
                     },
                     {
                         "type":  "Feature",
                         "properties":  {
                                            "zone_id":  "ZONE-0193",
                                            "accessibility_class":  "High Accessibility",
                                            "score":  3,
                                            "dist_to_highway_m":  410.2,
                                            "dist_to_vital_facility_m":  47.4,
                                            "area_sq_km":  0.712,
                                            "color":  "#2e7d32",
                                            "engineering_implication":  "High mobility \u0026 rapid emergency response (\u003c5 min)"
                                        },
                         "geometry":  {
                                          "type":  "Polygon",
                                          "coordinates":  [
                                                              [
                                                                  85.12,
                                                                  25.616
                                                              ],
                                                              [
                                                                  85.128,
                                                                  25.616
                                                              ],
                                                              [
                                                                  85.128,
                                                                  25.624
                                                              ],
                                                              [
                                                                  85.12,
                                                                  25.624
                                                              ],
                                                              [
                                                                  85.12,
                                                                  25.616
                                                              ]
                                                          ]
                                      }
                     },
                     {
                         "type":  "Feature",
                         "properties":  {
                                            "zone_id":  "ZONE-0194",
                                            "accessibility_class":  "High Accessibility",
                                            "score":  3,
                                            "dist_to_highway_m":  316.4,
                                            "dist_to_vital_facility_m":  599.4,
                                            "area_sq_km":  0.712,
                                            "color":  "#2e7d32",
                                            "engineering_implication":  "High mobility \u0026 rapid emergency response (\u003c5 min)"
                                        },
                         "geometry":  {
                                          "type":  "Polygon",
                                          "coordinates":  [
                                                              [
                                                                  85.128,
                                                                  25.616
                                                              ],
                                                              [
                                                                  85.136,
                                                                  25.616
                                                              ],
                                                              [
                                                                  85.136,
                                                                  25.624
                                                              ],
                                                              [
                                                                  85.128,
                                                                  25.624
                                                              ],
                                                              [
                                                                  85.128,
                                                                  25.616
                                                              ]
                                                          ]
                                      }
                     },
                     {
                         "type":  "Feature",
                         "properties":  {
                                            "zone_id":  "ZONE-0195",
                                            "accessibility_class":  "High Accessibility",
                                            "score":  3,
                                            "dist_to_highway_m":  64.7,
                                            "dist_to_vital_facility_m":  754.7,
                                            "area_sq_km":  0.712,
                                            "color":  "#2e7d32",
                                            "engineering_implication":  "High mobility \u0026 rapid emergency response (\u003c5 min)"
                                        },
                         "geometry":  {
                                          "type":  "Polygon",
                                          "coordinates":  [
                                                              [
                                                                  85.136,
                                                                  25.616
                                                              ],
                                                              [
                                                                  85.144,
                                                                  25.616
                                                              ],
                                                              [
                                                                  85.144,
                                                                  25.624
                                                              ],
                                                              [
                                                                  85.136,
                                                                  25.624
                                                              ],
                                                              [
                                                                  85.136,
                                                                  25.616
                                                              ]
                                                          ]
                                      }
                     },
                     {
                         "type":  "Feature",
                         "properties":  {
                                            "zone_id":  "ZONE-0196",
                                            "accessibility_class":  "High Accessibility",
                                            "score":  3,
                                            "dist_to_highway_m":  125.6,
                                            "dist_to_vital_facility_m":  338.2,
                                            "area_sq_km":  0.712,
                                            "color":  "#2e7d32",
                                            "engineering_implication":  "High mobility \u0026 rapid emergency response (\u003c5 min)"
                                        },
                         "geometry":  {
                                          "type":  "Polygon",
                                          "coordinates":  [
                                                              [
                                                                  85.144,
                                                                  25.616
                                                              ],
                                                              [
                                                                  85.152,
                                                                  25.616
                                                              ],
                                                              [
                                                                  85.152,
                                                                  25.624
                                                              ],
                                                              [
                                                                  85.144,
                                                                  25.624
                                                              ],
                                                              [
                                                                  85.144,
                                                                  25.616
                                                              ]
                                                          ]
                                      }
                     },
                     {
                         "type":  "Feature",
                         "properties":  {
                                            "zone_id":  "ZONE-0197",
                                            "accessibility_class":  "High Accessibility",
                                            "score":  3,
                                            "dist_to_highway_m":  25.8,
                                            "dist_to_vital_facility_m":  57.7,
                                            "area_sq_km":  0.712,
                                            "color":  "#2e7d32",
                                            "engineering_implication":  "High mobility \u0026 rapid emergency response (\u003c5 min)"
                                        },
                         "geometry":  {
                                          "type":  "Polygon",
                                          "coordinates":  [
                                                              [
                                                                  85.152,
                                                                  25.616
                                                              ],
                                                              [
                                                                  85.16,
                                                                  25.616
                                                              ],
                                                              [
                                                                  85.16,
                                                                  25.624
                                                              ],
                                                              [
                                                                  85.152,
                                                                  25.624
                                                              ],
                                                              [
                                                                  85.152,
                                                                  25.616
                                                              ]
                                                          ]
                                      }
                     },
                     {
                         "type":  "Feature",
                         "properties":  {
                                            "zone_id":  "ZONE-0198",
                                            "accessibility_class":  "High Accessibility",
                                            "score":  3,
                                            "dist_to_highway_m":  124.6,
                                            "dist_to_vital_facility_m":  179.1,
                                            "area_sq_km":  0.712,
                                            "color":  "#2e7d32",
                                            "engineering_implication":  "High mobility \u0026 rapid emergency response (\u003c5 min)"
                                        },
                         "geometry":  {
                                          "type":  "Polygon",
                                          "coordinates":  [
                                                              [
                                                                  85.16,
                                                                  25.616
                                                              ],
                                                              [
                                                                  85.168,
                                                                  25.616
                                                              ],
                                                              [
                                                                  85.168,
                                                                  25.624
                                                              ],
                                                              [
                                                                  85.16,
                                                                  25.624
                                                              ],
                                                              [
                                                                  85.16,
                                                                  25.616
                                                              ]
                                                          ]
                                      }
                     },
                     {
                         "type":  "Feature",
                         "properties":  {
                                            "zone_id":  "ZONE-0199",
                                            "accessibility_class":  "High Accessibility",
                                            "score":  3,
                                            "dist_to_highway_m":  337.7,
                                            "dist_to_vital_facility_m":  761.5,
                                            "area_sq_km":  0.712,
                                            "color":  "#2e7d32",
                                            "engineering_implication":  "High mobility \u0026 rapid emergency response (\u003c5 min)"
                                        },
                         "geometry":  {
                                          "type":  "Polygon",
                                          "coordinates":  [
                                                              [
                                                                  85.168,
                                                                  25.616
                                                              ],
                                                              [
                                                                  85.176,
                                                                  25.616
                                                              ],
                                                              [
                                                                  85.176,
                                                                  25.624
                                                              ],
                                                              [
                                                                  85.168,
                                                                  25.624
                                                              ],
                                                              [
                                                                  85.168,
                                                                  25.616
                                                              ]
                                                          ]
                                      }
                     },
                     {
                         "type":  "Feature",
                         "properties":  {
                                            "zone_id":  "ZONE-0200",
                                            "accessibility_class":  "High Accessibility",
                                            "score":  3,
                                            "dist_to_highway_m":  427,
                                            "dist_to_vital_facility_m":  1196.6,
                                            "area_sq_km":  0.712,
                                            "color":  "#2e7d32",
                                            "engineering_implication":  "High mobility \u0026 rapid emergency response (\u003c5 min)"
                                        },
                         "geometry":  {
                                          "type":  "Polygon",
                                          "coordinates":  [
                                                              [
                                                                  85.176,
                                                                  25.616
                                                              ],
                                                              [
                                                                  85.184,
                                                                  25.616
                                                              ],
                                                              [
                                                                  85.184,
                                                                  25.624
                                                              ],
                                                              [
                                                                  85.176,
                                                                  25.624
                                                              ],
                                                              [
                                                                  85.176,
                                                                  25.616
                                                              ]
                                                          ]
                                      }
                     },
                     {
                         "type":  "Feature",
                         "properties":  {
                                            "zone_id":  "ZONE-0201",
                                            "accessibility_class":  "High Accessibility",
                                            "score":  3,
                                            "dist_to_highway_m":  604.4,
                                            "dist_to_vital_facility_m":  678.9,
                                            "area_sq_km":  0.712,
                                            "color":  "#2e7d32",
                                            "engineering_implication":  "High mobility \u0026 rapid emergency response (\u003c5 min)"
                                        },
                         "geometry":  {
                                          "type":  "Polygon",
                                          "coordinates":  [
                                                              [
                                                                  85.184,
                                                                  25.616
                                                              ],
                                                              [
                                                                  85.192,
                                                                  25.616
                                                              ],
                                                              [
                                                                  85.192,
                                                                  25.624
                                                              ],
                                                              [
                                                                  85.184,
                                                                  25.624
                                                              ],
                                                              [
                                                                  85.184,
                                                                  25.616
                                                              ]
                                                          ]
                                      }
                     },
                     {
                         "type":  "Feature",
                         "properties":  {
                                            "zone_id":  "ZONE-0202",
                                            "accessibility_class":  "High Accessibility",
                                            "score":  3,
                                            "dist_to_highway_m":  738.3,
                                            "dist_to_vital_facility_m":  881.4,
                                            "area_sq_km":  0.712,
                                            "color":  "#2e7d32",
                                            "engineering_implication":  "High mobility \u0026 rapid emergency response (\u003c5 min)"
                                        },
                         "geometry":  {
                                          "type":  "Polygon",
                                          "coordinates":  [
                                                              [
                                                                  85.192,
                                                                  25.616
                                                              ],
                                                              [
                                                                  85.2,
                                                                  25.616
                                                              ],
                                                              [
                                                                  85.2,
                                                                  25.624
                                                              ],
                                                              [
                                                                  85.192,
                                                                  25.624
                                                              ],
                                                              [
                                                                  85.192,
                                                                  25.616
                                                              ]
                                                          ]
                                      }
                     },
                     {
                         "type":  "Feature",
                         "properties":  {
                                            "zone_id":  "ZONE-0203",
                                            "accessibility_class":  "High Accessibility",
                                            "score":  3,
                                            "dist_to_highway_m":  193.6,
                                            "dist_to_vital_facility_m":  1109.7,
                                            "area_sq_km":  0.712,
                                            "color":  "#2e7d32",
                                            "engineering_implication":  "High mobility \u0026 rapid emergency response (\u003c5 min)"
                                        },
                         "geometry":  {
                                          "type":  "Polygon",
                                          "coordinates":  [
                                                              [
                                                                  85.2,
                                                                  25.616
                                                              ],
                                                              [
                                                                  85.208,
                                                                  25.616
                                                              ],
                                                              [
                                                                  85.208,
                                                                  25.624
                                                              ],
                                                              [
                                                                  85.2,
                                                                  25.624
                                                              ],
                                                              [
                                                                  85.2,
                                                                  25.616
                                                              ]
                                                          ]
                                      }
                     },
                     {
                         "type":  "Feature",
                         "properties":  {
                                            "zone_id":  "ZONE-0204",
                                            "accessibility_class":  "Moderate Accessibility",
                                            "score":  2,
                                            "dist_to_highway_m":  522.5,
                                            "dist_to_vital_facility_m":  1228.9,
                                            "area_sq_km":  0.712,
                                            "color":  "#f9a825",
                                            "engineering_implication":  "Moderate mobility; accessible via feeder roads (5-15 min)"
                                        },
                         "geometry":  {
                                          "type":  "Polygon",
                                          "coordinates":  [
                                                              [
                                                                  85.208,
                                                                  25.616
                                                              ],
                                                              [
                                                                  85.216,
                                                                  25.616
                                                              ],
                                                              [
                                                                  85.216,
                                                                  25.624
                                                              ],
                                                              [
                                                                  85.208,
                                                                  25.624
                                                              ],
                                                              [
                                                                  85.208,
                                                                  25.616
                                                              ]
                                                          ]
                                      }
                     },
                     {
                         "type":  "Feature",
                         "properties":  {
                                            "zone_id":  "ZONE-0205",
                                            "accessibility_class":  "Moderate Accessibility",
                                            "score":  2,
                                            "dist_to_highway_m":  1246.5,
                                            "dist_to_vital_facility_m":  1753.9,
                                            "area_sq_km":  0.712,
                                            "color":  "#f9a825",
                                            "engineering_implication":  "Moderate mobility; accessible via feeder roads (5-15 min)"
                                        },
                         "geometry":  {
                                          "type":  "Polygon",
                                          "coordinates":  [
                                                              [
                                                                  85.216,
                                                                  25.616
                                                              ],
                                                              [
                                                                  85.224,
                                                                  25.616
                                                              ],
                                                              [
                                                                  85.224,
                                                                  25.624
                                                              ],
                                                              [
                                                                  85.216,
                                                                  25.624
                                                              ],
                                                              [
                                                                  85.216,
                                                                  25.616
                                                              ]
                                                          ]
                                      }
                     },
                     {
                         "type":  "Feature",
                         "properties":  {
                                            "zone_id":  "ZONE-0206",
                                            "accessibility_class":  "Moderate Accessibility",
                                            "score":  2,
                                            "dist_to_highway_m":  1970.6,
                                            "dist_to_vital_facility_m":  2343.3,
                                            "area_sq_km":  0.712,
                                            "color":  "#f9a825",
                                            "engineering_implication":  "Moderate mobility; accessible via feeder roads (5-15 min)"
                                        },
                         "geometry":  {
                                          "type":  "Polygon",
                                          "coordinates":  [
                                                              [
                                                                  85.224,
                                                                  25.616
                                                              ],
                                                              [
                                                                  85.232,
                                                                  25.616
                                                              ],
                                                              [
                                                                  85.232,
                                                                  25.624
                                                              ],
                                                              [
                                                                  85.224,
                                                                  25.624
                                                              ],
                                                              [
                                                                  85.224,
                                                                  25.616
                                                              ]
                                                          ]
                                      }
                     },
                     {
                         "type":  "Feature",
                         "properties":  {
                                            "zone_id":  "ZONE-0207",
                                            "accessibility_class":  "Moderate Accessibility",
                                            "score":  2,
                                            "dist_to_highway_m":  2510.7,
                                            "dist_to_vital_facility_m":  2497.8,
                                            "area_sq_km":  0.712,
                                            "color":  "#f9a825",
                                            "engineering_implication":  "Moderate mobility; accessible via feeder roads (5-15 min)"
                                        },
                         "geometry":  {
                                          "type":  "Polygon",
                                          "coordinates":  [
                                                              [
                                                                  85.232,
                                                                  25.616
                                                              ],
                                                              [
                                                                  85.24,
                                                                  25.616
                                                              ],
                                                              [
                                                                  85.24,
                                                                  25.624
                                                              ],
                                                              [
                                                                  85.232,
                                                                  25.624
                                                              ],
                                                              [
                                                                  85.232,
                                                                  25.616
                                                              ]
                                                          ]
                                      }
                     },
                     {
                         "type":  "Feature",
                         "properties":  {
                                            "zone_id":  "ZONE-0208",
                                            "accessibility_class":  "Low Accessibility",
                                            "score":  1,
                                            "dist_to_highway_m":  2907.5,
                                            "dist_to_vital_facility_m":  2876.5,
                                            "area_sq_km":  0.712,
                                            "color":  "#c62828",
                                            "engineering_implication":  "Low accessibility deficit zone; distant from major corridors (\u003e15 min)"
                                        },
                         "geometry":  {
                                          "type":  "Polygon",
                                          "coordinates":  [
                                                              [
                                                                  85.24,
                                                                  25.616
                                                              ],
                                                              [
                                                                  85.248,
                                                                  25.616
                                                              ],
                                                              [
                                                                  85.248,
                                                                  25.624
                                                              ],
                                                              [
                                                                  85.24,
                                                                  25.624
                                                              ],
                                                              [
                                                                  85.24,
                                                                  25.616
                                                              ]
                                                          ]
                                      }
                     },
                     {
                         "type":  "Feature",
                         "properties":  {
                                            "zone_id":  "ZONE-0209",
                                            "accessibility_class":  "High Accessibility",
                                            "score":  3,
                                            "dist_to_highway_m":  276.3,
                                            "dist_to_vital_facility_m":  203.8,
                                            "area_sq_km":  0.712,
                                            "color":  "#2e7d32",
                                            "engineering_implication":  "High mobility \u0026 rapid emergency response (\u003c5 min)"
                                        },
                         "geometry":  {
                                          "type":  "Polygon",
                                          "coordinates":  [
                                                              [
                                                                  85.04,
                                                                  25.624
                                                              ],
                                                              [
                                                                  85.048,
                                                                  25.624
                                                              ],
                                                              [
                                                                  85.048,
                                                                  25.632
                                                              ],
                                                              [
                                                                  85.04,
                                                                  25.632
                                                              ],
                                                              [
                                                                  85.04,
                                                                  25.624
                                                              ]
                                                          ]
                                      }
                     },
                     {
                         "type":  "Feature",
                         "properties":  {
                                            "zone_id":  "ZONE-0210",
                                            "accessibility_class":  "Moderate Accessibility",
                                            "score":  2,
                                            "dist_to_highway_m":  1062.4,
                                            "dist_to_vital_facility_m":  262.8,
                                            "area_sq_km":  0.712,
                                            "color":  "#f9a825",
                                            "engineering_implication":  "Moderate mobility; accessible via feeder roads (5-15 min)"
                                        },
                         "geometry":  {
                                          "type":  "Polygon",
                                          "coordinates":  [
                                                              [
                                                                  85.048,
                                                                  25.624
                                                              ],
                                                              [
                                                                  85.056,
                                                                  25.624
                                                              ],
                                                              [
                                                                  85.056,
                                                                  25.632
                                                              ],
                                                              [
                                                                  85.048,
                                                                  25.632
                                                              ],
                                                              [
                                                                  85.048,
                                                                  25.624
                                                              ]
                                                          ]
                                      }
                     },
                     {
                         "type":  "Feature",
                         "properties":  {
                                            "zone_id":  "ZONE-0211",
                                            "accessibility_class":  "Moderate Accessibility",
                                            "score":  2,
                                            "dist_to_highway_m":  1364,
                                            "dist_to_vital_facility_m":  186.8,
                                            "area_sq_km":  0.712,
                                            "color":  "#f9a825",
                                            "engineering_implication":  "Moderate mobility; accessible via feeder roads (5-15 min)"
                                        },
                         "geometry":  {
                                          "type":  "Polygon",
                                          "coordinates":  [
                                                              [
                                                                  85.056,
                                                                  25.624
                                                              ],
                                                              [
                                                                  85.064,
                                                                  25.624
                                                              ],
                                                              [
                                                                  85.064,
                                                                  25.632
                                                              ],
                                                              [
                                                                  85.056,
                                                                  25.632
                                                              ],
                                                              [
                                                                  85.056,
                                                                  25.624
                                                              ]
                                                          ]
                                      }
                     },
                     {
                         "type":  "Feature",
                         "properties":  {
                                            "zone_id":  "ZONE-0212",
                                            "accessibility_class":  "Moderate Accessibility",
                                            "score":  2,
                                            "dist_to_highway_m":  1700.4,
                                            "dist_to_vital_facility_m":  890.7,
                                            "area_sq_km":  0.712,
                                            "color":  "#f9a825",
                                            "engineering_implication":  "Moderate mobility; accessible via feeder roads (5-15 min)"
                                        },
                         "geometry":  {
                                          "type":  "Polygon",
                                          "coordinates":  [
                                                              [
                                                                  85.064,
                                                                  25.624
                                                              ],
                                                              [
                                                                  85.072,
                                                                  25.624
                                                              ],
                                                              [
                                                                  85.072,
                                                                  25.632
                                                              ],
                                                              [
                                                                  85.064,
                                                                  25.632
                                                              ],
                                                              [
                                                                  85.064,
                                                                  25.624
                                                              ]
                                                          ]
                                      }
                     },
                     {
                         "type":  "Feature",
                         "properties":  {
                                            "zone_id":  "ZONE-0213",
                                            "accessibility_class":  "Moderate Accessibility",
                                            "score":  2,
                                            "dist_to_highway_m":  2210,
                                            "dist_to_vital_facility_m":  1287,
                                            "area_sq_km":  0.712,
                                            "color":  "#f9a825",
                                            "engineering_implication":  "Moderate mobility; accessible via feeder roads (5-15 min)"
                                        },
                         "geometry":  {
                                          "type":  "Polygon",
                                          "coordinates":  [
                                                              [
                                                                  85.072,
                                                                  25.624
                                                              ],
                                                              [
                                                                  85.08,
                                                                  25.624
                                                              ],
                                                              [
                                                                  85.08,
                                                                  25.632
                                                              ],
                                                              [
                                                                  85.072,
                                                                  25.632
                                                              ],
                                                              [
                                                                  85.072,
                                                                  25.624
                                                              ]
                                                          ]
                                      }
                     },
                     {
                         "type":  "Feature",
                         "properties":  {
                                            "zone_id":  "ZONE-0214",
                                            "accessibility_class":  "Moderate Accessibility",
                                            "score":  2,
                                            "dist_to_highway_m":  1530.8,
                                            "dist_to_vital_facility_m":  800.6,
                                            "area_sq_km":  0.712,
                                            "color":  "#f9a825",
                                            "engineering_implication":  "Moderate mobility; accessible via feeder roads (5-15 min)"
                                        },
                         "geometry":  {
                                          "type":  "Polygon",
                                          "coordinates":  [
                                                              [
                                                                  85.08,
                                                                  25.624
                                                              ],
                                                              [
                                                                  85.088,
                                                                  25.624
                                                              ],
                                                              [
                                                                  85.088,
                                                                  25.632
                                                              ],
                                                              [
                                                                  85.08,
                                                                  25.632
                                                              ],
                                                              [
                                                                  85.08,
                                                                  25.624
                                                              ]
                                                          ]
                                      }
                     },
                     {
                         "type":  "Feature",
                         "properties":  {
                                            "zone_id":  "ZONE-0215",
                                            "accessibility_class":  "High Accessibility",
                                            "score":  3,
                                            "dist_to_highway_m":  853.2,
                                            "dist_to_vital_facility_m":  592.3,
                                            "area_sq_km":  0.712,
                                            "color":  "#2e7d32",
                                            "engineering_implication":  "High mobility \u0026 rapid emergency response (\u003c5 min)"
                                        },
                         "geometry":  {
                                          "type":  "Polygon",
                                          "coordinates":  [
                                                              [
                                                                  85.088,
                                                                  25.624
                                                              ],
                                                              [
                                                                  85.096,
                                                                  25.624
                                                              ],
                                                              [
                                                                  85.096,
                                                                  25.632
                                                              ],
                                                              [
                                                                  85.088,
                                                                  25.632
                                                              ],
                                                              [
                                                                  85.088,
                                                                  25.624
                                                              ]
                                                          ]
                                      }
                     },
                     {
                         "type":  "Feature",
                         "properties":  {
                                            "zone_id":  "ZONE-0216",
                                            "accessibility_class":  "High Accessibility",
                                            "score":  3,
                                            "dist_to_highway_m":  174.2,
                                            "dist_to_vital_facility_m":  213.5,
                                            "area_sq_km":  0.712,
                                            "color":  "#2e7d32",
                                            "engineering_implication":  "High mobility \u0026 rapid emergency response (\u003c5 min)"
                                        },
                         "geometry":  {
                                          "type":  "Polygon",
                                          "coordinates":  [
                                                              [
                                                                  85.096,
                                                                  25.624
                                                              ],
                                                              [
                                                                  85.104,
                                                                  25.624
                                                              ],
                                                              [
                                                                  85.104,
                                                                  25.632
                                                              ],
                                                              [
                                                                  85.096,
                                                                  25.632
                                                              ],
                                                              [
                                                                  85.096,
                                                                  25.624
                                                              ]
                                                          ]
                                      }
                     },
                     {
                         "type":  "Feature",
                         "properties":  {
                                            "zone_id":  "ZONE-0217",
                                            "accessibility_class":  "High Accessibility",
                                            "score":  3,
                                            "dist_to_highway_m":  493.8,
                                            "dist_to_vital_facility_m":  125,
                                            "area_sq_km":  0.712,
                                            "color":  "#2e7d32",
                                            "engineering_implication":  "High mobility \u0026 rapid emergency response (\u003c5 min)"
                                        },
                         "geometry":  {
                                          "type":  "Polygon",
                                          "coordinates":  [
                                                              [
                                                                  85.104,
                                                                  25.624
                                                              ],
                                                              [
                                                                  85.112,
                                                                  25.624
                                                              ],
                                                              [
                                                                  85.112,
                                                                  25.632
                                                              ],
                                                              [
                                                                  85.104,
                                                                  25.632
                                                              ],
                                                              [
                                                                  85.104,
                                                                  25.624
                                                              ]
                                                          ]
                                      }
                     },
                     {
                         "type":  "Feature",
                         "properties":  {
                                            "zone_id":  "ZONE-0218",
                                            "accessibility_class":  "High Accessibility",
                                            "score":  3,
                                            "dist_to_highway_m":  390.7,
                                            "dist_to_vital_facility_m":  304.1,
                                            "area_sq_km":  0.712,
                                            "color":  "#2e7d32",
                                            "engineering_implication":  "High mobility \u0026 rapid emergency response (\u003c5 min)"
                                        },
                         "geometry":  {
                                          "type":  "Polygon",
                                          "coordinates":  [
                                                              [
                                                                  85.112,
                                                                  25.624
                                                              ],
                                                              [
                                                                  85.12,
                                                                  25.624
                                                              ],
                                                              [
                                                                  85.12,
                                                                  25.632
                                                              ],
                                                              [
                                                                  85.112,
                                                                  25.632
                                                              ],
                                                              [
                                                                  85.112,
                                                                  25.624
                                                              ]
                                                          ]
                                      }
                     },
                     {
                         "type":  "Feature",
                         "properties":  {
                                            "zone_id":  "ZONE-0219",
                                            "accessibility_class":  "High Accessibility",
                                            "score":  3,
                                            "dist_to_highway_m":  156.5,
                                            "dist_to_vital_facility_m":  705.7,
                                            "area_sq_km":  0.712,
                                            "color":  "#2e7d32",
                                            "engineering_implication":  "High mobility \u0026 rapid emergency response (\u003c5 min)"
                                        },
                         "geometry":  {
                                          "type":  "Polygon",
                                          "coordinates":  [
                                                              [
                                                                  85.12,
                                                                  25.624
                                                              ],
                                                              [
                                                                  85.128,
                                                                  25.624
                                                              ],
                                                              [
                                                                  85.128,
                                                                  25.632
                                                              ],
                                                              [
                                                                  85.12,
                                                                  25.632
                                                              ],
                                                              [
                                                                  85.12,
                                                                  25.624
                                                              ]
                                                          ]
                                      }
                     },
                     {
                         "type":  "Feature",
                         "properties":  {
                                            "zone_id":  "ZONE-0220",
                                            "accessibility_class":  "High Accessibility",
                                            "score":  3,
                                            "dist_to_highway_m":  496,
                                            "dist_to_vital_facility_m":  1106.3,
                                            "area_sq_km":  0.712,
                                            "color":  "#2e7d32",
                                            "engineering_implication":  "High mobility \u0026 rapid emergency response (\u003c5 min)"
                                        },
                         "geometry":  {
                                          "type":  "Polygon",
                                          "coordinates":  [
                                                              [
                                                                  85.128,
                                                                  25.624
                                                              ],
                                                              [
                                                                  85.136,
                                                                  25.624
                                                              ],
                                                              [
                                                                  85.136,
                                                                  25.632
                                                              ],
                                                              [
                                                                  85.128,
                                                                  25.632
                                                              ],
                                                              [
                                                                  85.128,
                                                                  25.624
                                                              ]
                                                          ]
                                      }
                     },
                     {
                         "type":  "Feature",
                         "properties":  {
                                            "zone_id":  "ZONE-0221",
                                            "accessibility_class":  "Moderate Accessibility",
                                            "score":  2,
                                            "dist_to_highway_m":  409,
                                            "dist_to_vital_facility_m":  1535.8,
                                            "area_sq_km":  0.712,
                                            "color":  "#f9a825",
                                            "engineering_implication":  "Moderate mobility; accessible via feeder roads (5-15 min)"
                                        },
                         "geometry":  {
                                          "type":  "Polygon",
                                          "coordinates":  [
                                                              [
                                                                  85.136,
                                                                  25.624
                                                              ],
                                                              [
                                                                  85.144,
                                                                  25.624
                                                              ],
                                                              [
                                                                  85.144,
                                                                  25.632
                                                              ],
                                                              [
                                                                  85.136,
                                                                  25.632
                                                              ],
                                                              [
                                                                  85.136,
                                                                  25.624
                                                              ]
                                                          ]
                                      }
                     },
                     {
                         "type":  "Feature",
                         "properties":  {
                                            "zone_id":  "ZONE-0222",
                                            "accessibility_class":  "High Accessibility",
                                            "score":  3,
                                            "dist_to_highway_m":  865.5,
                                            "dist_to_vital_facility_m":  1156.4,
                                            "area_sq_km":  0.712,
                                            "color":  "#2e7d32",
                                            "engineering_implication":  "High mobility \u0026 rapid emergency response (\u003c5 min)"
                                        },
                         "geometry":  {
                                          "type":  "Polygon",
                                          "coordinates":  [
                                                              [
                                                                  85.144,
                                                                  25.624
                                                              ],
                                                              [
                                                                  85.152,
                                                                  25.624
                                                              ],
                                                              [
                                                                  85.152,
                                                                  25.632
                                                              ],
                                                              [
                                                                  85.144,
                                                                  25.632
                                                              ],
                                                              [
                                                                  85.144,
                                                                  25.624
                                                              ]
                                                          ]
                                      }
                     },
                     {
                         "type":  "Feature",
                         "properties":  {
                                            "zone_id":  "ZONE-0223",
                                            "accessibility_class":  "High Accessibility",
                                            "score":  3,
                                            "dist_to_highway_m":  910.8,
                                            "dist_to_vital_facility_m":  899.1,
                                            "area_sq_km":  0.712,
                                            "color":  "#2e7d32",
                                            "engineering_implication":  "High mobility \u0026 rapid emergency response (\u003c5 min)"
                                        },
                         "geometry":  {
                                          "type":  "Polygon",
                                          "coordinates":  [
                                                              [
                                                                  85.152,
                                                                  25.624
                                                              ],
                                                              [
                                                                  85.16,
                                                                  25.624
                                                              ],
                                                              [
                                                                  85.16,
                                                                  25.632
                                                              ],
                                                              [
                                                                  85.152,
                                                                  25.632
                                                              ],
                                                              [
                                                                  85.152,
                                                                  25.624
                                                              ]
                                                          ]
                                      }
                     },
                     {
                         "type":  "Feature",
                         "properties":  {
                                            "zone_id":  "ZONE-0224",
                                            "accessibility_class":  "High Accessibility",
                                            "score":  3,
                                            "dist_to_highway_m":  997.3,
                                            "dist_to_vital_facility_m":  1054.6,
                                            "area_sq_km":  0.712,
                                            "color":  "#2e7d32",
                                            "engineering_implication":  "High mobility \u0026 rapid emergency response (\u003c5 min)"
                                        },
                         "geometry":  {
                                          "type":  "Polygon",
                                          "coordinates":  [
                                                              [
                                                                  85.16,
                                                                  25.624
                                                              ],
                                                              [
                                                                  85.168,
                                                                  25.624
                                                              ],
                                                              [
                                                                  85.168,
                                                                  25.632
                                                              ],
                                                              [
                                                                  85.16,
                                                                  25.632
                                                              ],
                                                              [
                                                                  85.16,
                                                                  25.624
                                                              ]
                                                          ]
                                      }
                     },
                     {
                         "type":  "Feature",
                         "properties":  {
                                            "zone_id":  "ZONE-0225",
                                            "accessibility_class":  "Moderate Accessibility",
                                            "score":  2,
                                            "dist_to_highway_m":  1186.3,
                                            "dist_to_vital_facility_m":  1338.2,
                                            "area_sq_km":  0.712,
                                            "color":  "#f9a825",
                                            "engineering_implication":  "Moderate mobility; accessible via feeder roads (5-15 min)"
                                        },
                         "geometry":  {
                                          "type":  "Polygon",
                                          "coordinates":  [
                                                              [
                                                                  85.168,
                                                                  25.624
                                                              ],
                                                              [
                                                                  85.176,
                                                                  25.624
                                                              ],
                                                              [
                                                                  85.176,
                                                                  25.632
                                                              ],
                                                              [
                                                                  85.168,
                                                                  25.632
                                                              ],
                                                              [
                                                                  85.168,
                                                                  25.624
                                                              ]
                                                          ]
                                      }
                     },
                     {
                         "type":  "Feature",
                         "properties":  {
                                            "zone_id":  "ZONE-0226",
                                            "accessibility_class":  "Moderate Accessibility",
                                            "score":  2,
                                            "dist_to_highway_m":  1299.3,
                                            "dist_to_vital_facility_m":  1837.1,
                                            "area_sq_km":  0.712,
                                            "color":  "#f9a825",
                                            "engineering_implication":  "Moderate mobility; accessible via feeder roads (5-15 min)"
                                        },
                         "geometry":  {
                                          "type":  "Polygon",
                                          "coordinates":  [
                                                              [
                                                                  85.176,
                                                                  25.624
                                                              ],
                                                              [
                                                                  85.184,
                                                                  25.624
                                                              ],
                                                              [
                                                                  85.184,
                                                                  25.632
                                                              ],
                                                              [
                                                                  85.176,
                                                                  25.632
                                                              ],
                                                              [
                                                                  85.176,
                                                                  25.624
                                                              ]
                                                          ]
                                      }
                     },
                     {
                         "type":  "Feature",
                         "properties":  {
                                            "zone_id":  "ZONE-0227",
                                            "accessibility_class":  "Moderate Accessibility",
                                            "score":  2,
                                            "dist_to_highway_m":  1450.1,
                                            "dist_to_vital_facility_m":  1550.6,
                                            "area_sq_km":  0.712,
                                            "color":  "#f9a825",
                                            "engineering_implication":  "Moderate mobility; accessible via feeder roads (5-15 min)"
                                        },
                         "geometry":  {
                                          "type":  "Polygon",
                                          "coordinates":  [
                                                              [
                                                                  85.184,
                                                                  25.624
                                                              ],
                                                              [
                                                                  85.192,
                                                                  25.624
                                                              ],
                                                              [
                                                                  85.192,
                                                                  25.632
                                                              ],
                                                              [
                                                                  85.184,
                                                                  25.632
                                                              ],
                                                              [
                                                                  85.184,
                                                                  25.624
                                                              ]
                                                          ]
                                      }
                     },
                     {
                         "type":  "Feature",
                         "properties":  {
                                            "zone_id":  "ZONE-0228",
                                            "accessibility_class":  "Moderate Accessibility",
                                            "score":  2,
                                            "dist_to_highway_m":  1301.4,
                                            "dist_to_vital_facility_m":  1649.3,
                                            "area_sq_km":  0.712,
                                            "color":  "#f9a825",
                                            "engineering_implication":  "Moderate mobility; accessible via feeder roads (5-15 min)"
                                        },
                         "geometry":  {
                                          "type":  "Polygon",
                                          "coordinates":  [
                                                              [
                                                                  85.192,
                                                                  25.624
                                                              ],
                                                              [
                                                                  85.2,
                                                                  25.624
                                                              ],
                                                              [
                                                                  85.2,
                                                                  25.632
                                                              ],
                                                              [
                                                                  85.192,
                                                                  25.632
                                                              ],
                                                              [
                                                                  85.192,
                                                                  25.624
                                                              ]
                                                          ]
                                      }
                     },
                     {
                         "type":  "Feature",
                         "properties":  {
                                            "zone_id":  "ZONE-0229",
                                            "accessibility_class":  "Moderate Accessibility",
                                            "score":  2,
                                            "dist_to_highway_m":  577.5,
                                            "dist_to_vital_facility_m":  1988.7,
                                            "area_sq_km":  0.712,
                                            "color":  "#f9a825",
                                            "engineering_implication":  "Moderate mobility; accessible via feeder roads (5-15 min)"
                                        },
                         "geometry":  {
                                          "type":  "Polygon",
                                          "coordinates":  [
                                                              [
                                                                  85.2,
                                                                  25.624
                                                              ],
                                                              [
                                                                  85.208,
                                                                  25.624
                                                              ],
                                                              [
                                                                  85.208,
                                                                  25.632
                                                              ],
                                                              [
                                                                  85.2,
                                                                  25.632
                                                              ],
                                                              [
                                                                  85.2,
                                                                  25.624
                                                              ]
                                                          ]
                                      }
                     },
                     {
                         "type":  "Feature",
                         "properties":  {
                                            "zone_id":  "ZONE-0230",
                                            "accessibility_class":  "Moderate Accessibility",
                                            "score":  2,
                                            "dist_to_highway_m":  138.7,
                                            "dist_to_vital_facility_m":  2057.7,
                                            "area_sq_km":  0.712,
                                            "color":  "#f9a825",
                                            "engineering_implication":  "Moderate mobility; accessible via feeder roads (5-15 min)"
                                        },
                         "geometry":  {
                                          "type":  "Polygon",
                                          "coordinates":  [
                                                              [
                                                                  85.208,
                                                                  25.624
                                                              ],
                                                              [
                                                                  85.216,
                                                                  25.624
                                                              ],
                                                              [
                                                                  85.216,
                                                                  25.632
                                                              ],
                                                              [
                                                                  85.208,
                                                                  25.632
                                                              ],
                                                              [
                                                                  85.208,
                                                                  25.624
                                                              ]
                                                          ]
                                      }
                     },
                     {
                         "type":  "Feature",
                         "properties":  {
                                            "zone_id":  "ZONE-0231",
                                            "accessibility_class":  "Moderate Accessibility",
                                            "score":  2,
                                            "dist_to_highway_m":  862.6,
                                            "dist_to_vital_facility_m":  2408.2,
                                            "area_sq_km":  0.712,
                                            "color":  "#f9a825",
                                            "engineering_implication":  "Moderate mobility; accessible via feeder roads (5-15 min)"
                                        },
                         "geometry":  {
                                          "type":  "Polygon",
                                          "coordinates":  [
                                                              [
                                                                  85.216,
                                                                  25.624
                                                              ],
                                                              [
                                                                  85.224,
                                                                  25.624
                                                              ],
                                                              [
                                                                  85.224,
                                                                  25.632
                                                              ],
                                                              [
                                                                  85.216,
                                                                  25.632
                                                              ],
                                                              [
                                                                  85.216,
                                                                  25.624
                                                              ]
                                                          ]
                                      }
                     },
                     {
                         "type":  "Feature",
                         "properties":  {
                                            "zone_id":  "ZONE-0232",
                                            "accessibility_class":  "Moderate Accessibility",
                                            "score":  2,
                                            "dist_to_highway_m":  1586.4,
                                            "dist_to_vital_facility_m":  2941.4,
                                            "area_sq_km":  0.712,
                                            "color":  "#f9a825",
                                            "engineering_implication":  "Moderate mobility; accessible via feeder roads (5-15 min)"
                                        },
                         "geometry":  {
                                          "type":  "Polygon",
                                          "coordinates":  [
                                                              [
                                                                  85.224,
                                                                  25.624
                                                              ],
                                                              [
                                                                  85.232,
                                                                  25.624
                                                              ],
                                                              [
                                                                  85.232,
                                                                  25.632
                                                              ],
                                                              [
                                                                  85.224,
                                                                  25.632
                                                              ],
                                                              [
                                                                  85.224,
                                                                  25.624
                                                              ]
                                                          ]
                                      }
                     },
                     {
                         "type":  "Feature",
                         "properties":  {
                                            "zone_id":  "ZONE-0233",
                                            "accessibility_class":  "Moderate Accessibility",
                                            "score":  2,
                                            "dist_to_highway_m":  2310,
                                            "dist_to_vital_facility_m":  3346.3,
                                            "area_sq_km":  0.712,
                                            "color":  "#f9a825",
                                            "engineering_implication":  "Moderate mobility; accessible via feeder roads (5-15 min)"
                                        },
                         "geometry":  {
                                          "type":  "Polygon",
                                          "coordinates":  [
                                                              [
                                                                  85.232,
                                                                  25.624
                                                              ],
                                                              [
                                                                  85.24,
                                                                  25.624
                                                              ],
                                                              [
                                                                  85.24,
                                                                  25.632
                                                              ],
                                                              [
                                                                  85.232,
                                                                  25.632
                                                              ],
                                                              [
                                                                  85.232,
                                                                  25.624
                                                              ]
                                                          ]
                                      }
                     },
                     {
                         "type":  "Feature",
                         "properties":  {
                                            "zone_id":  "ZONE-0234",
                                            "accessibility_class":  "Low Accessibility",
                                            "score":  1,
                                            "dist_to_highway_m":  3033.6,
                                            "dist_to_vital_facility_m":  3637.7,
                                            "area_sq_km":  0.712,
                                            "color":  "#c62828",
                                            "engineering_implication":  "Low accessibility deficit zone; distant from major corridors (\u003e15 min)"
                                        },
                         "geometry":  {
                                          "type":  "Polygon",
                                          "coordinates":  [
                                                              [
                                                                  85.24,
                                                                  25.624
                                                              ],
                                                              [
                                                                  85.248,
                                                                  25.624
                                                              ],
                                                              [
                                                                  85.248,
                                                                  25.632
                                                              ],
                                                              [
                                                                  85.24,
                                                                  25.632
                                                              ],
                                                              [
                                                                  85.24,
                                                                  25.624
                                                              ]
                                                          ]
                                      }
                     },
                     {
                         "type":  "Feature",
                         "properties":  {
                                            "zone_id":  "ZONE-0235",
                                            "accessibility_class":  "High Accessibility",
                                            "score":  3,
                                            "dist_to_highway_m":  146.1,
                                            "dist_to_vital_facility_m":  232.7,
                                            "area_sq_km":  0.712,
                                            "color":  "#2e7d32",
                                            "engineering_implication":  "High mobility \u0026 rapid emergency response (\u003c5 min)"
                                        },
                         "geometry":  {
                                          "type":  "Polygon",
                                          "coordinates":  [
                                                              [
                                                                  85.04,
                                                                  25.632
                                                              ],
                                                              [
                                                                  85.048,
                                                                  25.632
                                                              ],
                                                              [
                                                                  85.048,
                                                                  25.64
                                                              ],
                                                              [
                                                                  85.04,
                                                                  25.64
                                                              ],
                                                              [
                                                                  85.04,
                                                                  25.632
                                                              ]
                                                          ]
                                      }
                     },
                     {
                         "type":  "Feature",
                         "properties":  {
                                            "zone_id":  "ZONE-0236",
                                            "accessibility_class":  "High Accessibility",
                                            "score":  3,
                                            "dist_to_highway_m":  293,
                                            "dist_to_vital_facility_m":  642.6,
                                            "area_sq_km":  0.712,
                                            "color":  "#2e7d32",
                                            "engineering_implication":  "High mobility \u0026 rapid emergency response (\u003c5 min)"
                                        },
                         "geometry":  {
                                          "type":  "Polygon",
                                          "coordinates":  [
                                                              [
                                                                  85.048,
                                                                  25.632
                                                              ],
                                                              [
                                                                  85.056,
                                                                  25.632
                                                              ],
                                                              [
                                                                  85.056,
                                                                  25.64
                                                              ],
                                                              [
                                                                  85.048,
                                                                  25.64
                                                              ],
                                                              [
                                                                  85.048,
                                                                  25.632
                                                              ]
                                                          ]
                                      }
                     },
                     {
                         "type":  "Feature",
                         "properties":  {
                                            "zone_id":  "ZONE-0237",
                                            "accessibility_class":  "High Accessibility",
                                            "score":  3,
                                            "dist_to_highway_m":  545,
                                            "dist_to_vital_facility_m":  720.6,
                                            "area_sq_km":  0.712,
                                            "color":  "#2e7d32",
                                            "engineering_implication":  "High mobility \u0026 rapid emergency response (\u003c5 min)"
                                        },
                         "geometry":  {
                                          "type":  "Polygon",
                                          "coordinates":  [
                                                              [
                                                                  85.056,
                                                                  25.632
                                                              ],
                                                              [
                                                                  85.064,
                                                                  25.632
                                                              ],
                                                              [
                                                                  85.064,
                                                                  25.64
                                                              ],
                                                              [
                                                                  85.056,
                                                                  25.64
                                                              ],
                                                              [
                                                                  85.056,
                                                                  25.632
                                                              ]
                                                          ]
                                      }
                     },
                     {
                         "type":  "Feature",
                         "properties":  {
                                            "zone_id":  "ZONE-0238",
                                            "accessibility_class":  "Moderate Accessibility",
                                            "score":  2,
                                            "dist_to_highway_m":  1027.2,
                                            "dist_to_vital_facility_m":  1130.3,
                                            "area_sq_km":  0.712,
                                            "color":  "#f9a825",
                                            "engineering_implication":  "Moderate mobility; accessible via feeder roads (5-15 min)"
                                        },
                         "geometry":  {
                                          "type":  "Polygon",
                                          "coordinates":  [
                                                              [
                                                                  85.064,
                                                                  25.632
                                                              ],
                                                              [
                                                                  85.072,
                                                                  25.632
                                                              ],
                                                              [
                                                                  85.072,
                                                                  25.64
                                                              ],
                                                              [
                                                                  85.064,
                                                                  25.64
                                                              ],
                                                              [
                                                                  85.064,
                                                                  25.632
                                                              ]
                                                          ]
                                      }
                     },
                     {
                         "type":  "Feature",
                         "properties":  {
                                            "zone_id":  "ZONE-0239",
                                            "accessibility_class":  "Moderate Accessibility",
                                            "score":  2,
                                            "dist_to_highway_m":  1733.6,
                                            "dist_to_vital_facility_m":  1822.7,
                                            "area_sq_km":  0.712,
                                            "color":  "#f9a825",
                                            "engineering_implication":  "Moderate mobility; accessible via feeder roads (5-15 min)"
                                        },
                         "geometry":  {
                                          "type":  "Polygon",
                                          "coordinates":  [
                                                              [
                                                                  85.072,
                                                                  25.632
                                                              ],
                                                              [
                                                                  85.08,
                                                                  25.632
                                                              ],
                                                              [
                                                                  85.08,
                                                                  25.64
                                                              ],
                                                              [
                                                                  85.072,
                                                                  25.64
                                                              ],
                                                              [
                                                                  85.072,
                                                                  25.632
                                                              ]
                                                          ]
                                      }
                     },
                     {
                         "type":  "Feature",
                         "properties":  {
                                            "zone_id":  "ZONE-0240",
                                            "accessibility_class":  "Moderate Accessibility",
                                            "score":  2,
                                            "dist_to_highway_m":  1067,
                                            "dist_to_vital_facility_m":  1648.7,
                                            "area_sq_km":  0.712,
                                            "color":  "#f9a825",
                                            "engineering_implication":  "Moderate mobility; accessible via feeder roads (5-15 min)"
                                        },
                         "geometry":  {
                                          "type":  "Polygon",
                                          "coordinates":  [
                                                              [
                                                                  85.08,
                                                                  25.632
                                                              ],
                                                              [
                                                                  85.088,
                                                                  25.632
                                                              ],
                                                              [
                                                                  85.088,
                                                                  25.64
                                                              ],
                                                              [
                                                                  85.08,
                                                                  25.64
                                                              ],
                                                              [
                                                                  85.08,
                                                                  25.632
                                                              ]
                                                          ]
                                      }
                     },
                     {
                         "type":  "Feature",
                         "properties":  {
                                            "zone_id":  "ZONE-0241",
                                            "accessibility_class":  "High Accessibility",
                                            "score":  3,
                                            "dist_to_highway_m":  378.4,
                                            "dist_to_vital_facility_m":  1077.7,
                                            "area_sq_km":  0.712,
                                            "color":  "#2e7d32",
                                            "engineering_implication":  "High mobility \u0026 rapid emergency response (\u003c5 min)"
                                        },
                         "geometry":  {
                                          "type":  "Polygon",
                                          "coordinates":  [
                                                              [
                                                                  85.088,
                                                                  25.632
                                                              ],
                                                              [
                                                                  85.096,
                                                                  25.632
                                                              ],
                                                              [
                                                                  85.096,
                                                                  25.64
                                                              ],
                                                              [
                                                                  85.088,
                                                                  25.64
                                                              ],
                                                              [
                                                                  85.088,
                                                                  25.632
                                                              ]
                                                          ]
                                      }
                     },
                     {
                         "type":  "Feature",
                         "properties":  {
                                            "zone_id":  "ZONE-0242",
                                            "accessibility_class":  "High Accessibility",
                                            "score":  3,
                                            "dist_to_highway_m":  288.5,
                                            "dist_to_vital_facility_m":  571.2,
                                            "area_sq_km":  0.712,
                                            "color":  "#2e7d32",
                                            "engineering_implication":  "High mobility \u0026 rapid emergency response (\u003c5 min)"
                                        },
                         "geometry":  {
                                          "type":  "Polygon",
                                          "coordinates":  [
                                                              [
                                                                  85.096,
                                                                  25.632
                                                              ],
                                                              [
                                                                  85.104,
                                                                  25.632
                                                              ],
                                                              [
                                                                  85.104,
                                                                  25.64
                                                              ],
                                                              [
                                                                  85.096,
                                                                  25.64
                                                              ],
                                                              [
                                                                  85.096,
                                                                  25.632
                                                              ]
                                                          ]
                                      }
                     },
                     {
                         "type":  "Feature",
                         "properties":  {
                                            "zone_id":  "ZONE-0243",
                                            "accessibility_class":  "High Accessibility",
                                            "score":  3,
                                            "dist_to_highway_m":  318.6,
                                            "dist_to_vital_facility_m":  288.9,
                                            "area_sq_km":  0.712,
                                            "color":  "#2e7d32",
                                            "engineering_implication":  "High mobility \u0026 rapid emergency response (\u003c5 min)"
                                        },
                         "geometry":  {
                                          "type":  "Polygon",
                                          "coordinates":  [
                                                              [
                                                                  85.104,
                                                                  25.632
                                                              ],
                                                              [
                                                                  85.112,
                                                                  25.632
                                                              ],
                                                              [
                                                                  85.112,
                                                                  25.64
                                                              ],
                                                              [
                                                                  85.104,
                                                                  25.64
                                                              ],
                                                              [
                                                                  85.104,
                                                                  25.632
                                                              ]
                                                          ]
                                      }
                     },
                     {
                         "type":  "Feature",
                         "properties":  {
                                            "zone_id":  "ZONE-0244",
                                            "accessibility_class":  "High Accessibility",
                                            "score":  3,
                                            "dist_to_highway_m":  232.3,
                                            "dist_to_vital_facility_m":  641.4,
                                            "area_sq_km":  0.712,
                                            "color":  "#2e7d32",
                                            "engineering_implication":  "High mobility \u0026 rapid emergency response (\u003c5 min)"
                                        },
                         "geometry":  {
                                          "type":  "Polygon",
                                          "coordinates":  [
                                                              [
                                                                  85.112,
                                                                  25.632
                                                              ],
                                                              [
                                                                  85.12,
                                                                  25.632
                                                              ],
                                                              [
                                                                  85.12,
                                                                  25.64
                                                              ],
                                                              [
                                                                  85.112,
                                                                  25.64
                                                              ],
                                                              [
                                                                  85.112,
                                                                  25.632
                                                              ]
                                                          ]
                                      }
                     },
                     {
                         "type":  "Feature",
                         "properties":  {
                                            "zone_id":  "ZONE-0245",
                                            "accessibility_class":  "High Accessibility",
                                            "score":  3,
                                            "dist_to_highway_m":  495.5,
                                            "dist_to_vital_facility_m":  903.8,
                                            "area_sq_km":  0.712,
                                            "color":  "#2e7d32",
                                            "engineering_implication":  "High mobility \u0026 rapid emergency response (\u003c5 min)"
                                        },
                         "geometry":  {
                                          "type":  "Polygon",
                                          "coordinates":  [
                                                              [
                                                                  85.12,
                                                                  25.632
                                                              ],
                                                              [
                                                                  85.128,
                                                                  25.632
                                                              ],
                                                              [
                                                                  85.128,
                                                                  25.64
                                                              ],
                                                              [
                                                                  85.12,
                                                                  25.64
                                                              ],
                                                              [
                                                                  85.12,
                                                                  25.632
                                                              ]
                                                          ]
                                      }
                     },
                     {
                         "type":  "Feature",
                         "properties":  {
                                            "zone_id":  "ZONE-0246",
                                            "accessibility_class":  "Moderate Accessibility",
                                            "score":  2,
                                            "dist_to_highway_m":  1229.6,
                                            "dist_to_vital_facility_m":  1583.9,
                                            "area_sq_km":  0.712,
                                            "color":  "#f9a825",
                                            "engineering_implication":  "Moderate mobility; accessible via feeder roads (5-15 min)"
                                        },
                         "geometry":  {
                                          "type":  "Polygon",
                                          "coordinates":  [
                                                              [
                                                                  85.128,
                                                                  25.632
                                                              ],
                                                              [
                                                                  85.136,
                                                                  25.632
                                                              ],
                                                              [
                                                                  85.136,
                                                                  25.64
                                                              ],
                                                              [
                                                                  85.128,
                                                                  25.64
                                                              ],
                                                              [
                                                                  85.128,
                                                                  25.632
                                                              ]
                                                          ]
                                      }
                     },
                     {
                         "type":  "Feature",
                         "properties":  {
                                            "zone_id":  "ZONE-0247",
                                            "accessibility_class":  "Moderate Accessibility",
                                            "score":  2,
                                            "dist_to_highway_m":  1283.6,
                                            "dist_to_vital_facility_m":  2272.5,
                                            "area_sq_km":  0.712,
                                            "color":  "#f9a825",
                                            "engineering_implication":  "Moderate mobility; accessible via feeder roads (5-15 min)"
                                        },
                         "geometry":  {
                                          "type":  "Polygon",
                                          "coordinates":  [
                                                              [
                                                                  85.136,
                                                                  25.632
                                                              ],
                                                              [
                                                                  85.144,
                                                                  25.632
                                                              ],
                                                              [
                                                                  85.144,
                                                                  25.64
                                                              ],
                                                              [
                                                                  85.136,
                                                                  25.64
                                                              ],
                                                              [
                                                                  85.136,
                                                                  25.632
                                                              ]
                                                          ]
                                      }
                     },
                     {
                         "type":  "Feature",
                         "properties":  {
                                            "zone_id":  "ZONE-0248",
                                            "accessibility_class":  "Moderate Accessibility",
                                            "score":  2,
                                            "dist_to_highway_m":  1564.1,
                                            "dist_to_vital_facility_m":  1935.8,
                                            "area_sq_km":  0.712,
                                            "color":  "#f9a825",
                                            "engineering_implication":  "Moderate mobility; accessible via feeder roads (5-15 min)"
                                        },
                         "geometry":  {
                                          "type":  "Polygon",
                                          "coordinates":  [
                                                              [
                                                                  85.144,
                                                                  25.632
                                                              ],
                                                              [
                                                                  85.152,
                                                                  25.632
                                                              ],
                                                              [
                                                                  85.152,
                                                                  25.64
                                                              ],
                                                              [
                                                                  85.144,
                                                                  25.64
                                                              ],
                                                              [
                                                                  85.144,
                                                                  25.632
                                                              ]
                                                          ]
                                      }
                     },
                     {
                         "type":  "Feature",
                         "properties":  {
                                            "zone_id":  "ZONE-0249",
                                            "accessibility_class":  "Moderate Accessibility",
                                            "score":  2,
                                            "dist_to_highway_m":  1796.4,
                                            "dist_to_vital_facility_m":  1787.7,
                                            "area_sq_km":  0.712,
                                            "color":  "#f9a825",
                                            "engineering_implication":  "Moderate mobility; accessible via feeder roads (5-15 min)"
                                        },
                         "geometry":  {
                                          "type":  "Polygon",
                                          "coordinates":  [
                                                              [
                                                                  85.152,
                                                                  25.632
                                                              ],
                                                              [
                                                                  85.16,
                                                                  25.632
                                                              ],
                                                              [
                                                                  85.16,
                                                                  25.64
                                                              ],
                                                              [
                                                                  85.152,
                                                                  25.64
                                                              ],
                                                              [
                                                                  85.152,
                                                                  25.632
                                                              ]
                                                          ]
                                      }
                     },
                     {
                         "type":  "Feature",
                         "properties":  {
                                            "zone_id":  "ZONE-0250",
                                            "accessibility_class":  "Moderate Accessibility",
                                            "score":  2,
                                            "dist_to_highway_m":  1871.3,
                                            "dist_to_vital_facility_m":  1942.8,
                                            "area_sq_km":  0.712,
                                            "color":  "#f9a825",
                                            "engineering_implication":  "Moderate mobility; accessible via feeder roads (5-15 min)"
                                        },
                         "geometry":  {
                                          "type":  "Polygon",
                                          "coordinates":  [
                                                              [
                                                                  85.16,
                                                                  25.632
                                                              ],
                                                              [
                                                                  85.168,
                                                                  25.632
                                                              ],
                                                              [
                                                                  85.168,
                                                                  25.64
                                                              ],
                                                              [
                                                                  85.16,
                                                                  25.64
                                                              ],
                                                              [
                                                                  85.16,
                                                                  25.632
                                                              ]
                                                          ]
                                      }
                     },
                     {
                         "type":  "Feature",
                         "properties":  {
                                            "zone_id":  "ZONE-0251",
                                            "accessibility_class":  "Moderate Accessibility",
                                            "score":  2,
                                            "dist_to_highway_m":  2041.6,
                                            "dist_to_vital_facility_m":  2117.4,
                                            "area_sq_km":  0.712,
                                            "color":  "#f9a825",
                                            "engineering_implication":  "Moderate mobility; accessible via feeder roads (5-15 min)"
                                        },
                         "geometry":  {
                                          "type":  "Polygon",
                                          "coordinates":  [
                                                              [
                                                                  85.168,
                                                                  25.632
                                                              ],
                                                              [
                                                                  85.176,
                                                                  25.632
                                                              ],
                                                              [
                                                                  85.176,
                                                                  25.64
                                                              ],
                                                              [
                                                                  85.168,
                                                                  25.64
                                                              ],
                                                              [
                                                                  85.168,
                                                                  25.632
                                                              ]
                                                          ]
                                      }
                     },
                     {
                         "type":  "Feature",
                         "properties":  {
                                            "zone_id":  "ZONE-0252",
                                            "accessibility_class":  "Moderate Accessibility",
                                            "score":  2,
                                            "dist_to_highway_m":  2165,
                                            "dist_to_vital_facility_m":  2533.5,
                                            "area_sq_km":  0.712,
                                            "color":  "#f9a825",
                                            "engineering_implication":  "Moderate mobility; accessible via feeder roads (5-15 min)"
                                        },
                         "geometry":  {
                                          "type":  "Polygon",
                                          "coordinates":  [
                                                              [
                                                                  85.176,
                                                                  25.632
                                                              ],
                                                              [
                                                                  85.184,
                                                                  25.632
                                                              ],
                                                              [
                                                                  85.184,
                                                                  25.64
                                                              ],
                                                              [
                                                                  85.176,
                                                                  25.64
                                                              ],
                                                              [
                                                                  85.176,
                                                                  25.632
                                                              ]
                                                          ]
                                      }
                     },
                     {
                         "type":  "Feature",
                         "properties":  {
                                            "zone_id":  "ZONE-0253",
                                            "accessibility_class":  "Moderate Accessibility",
                                            "score":  2,
                                            "dist_to_highway_m":  2306.1,
                                            "dist_to_vital_facility_m":  2435.2,
                                            "area_sq_km":  0.712,
                                            "color":  "#f9a825",
                                            "engineering_implication":  "Moderate mobility; accessible via feeder roads (5-15 min)"
                                        },
                         "geometry":  {
                                          "type":  "Polygon",
                                          "coordinates":  [
                                                              [
                                                                  85.184,
                                                                  25.632
                                                              ],
                                                              [
                                                                  85.192,
                                                                  25.632
                                                              ],
                                                              [
                                                                  85.192,
                                                                  25.64
                                                              ],
                                                              [
                                                                  85.184,
                                                                  25.64
                                                              ],
                                                              [
                                                                  85.184,
                                                                  25.632
                                                              ]
                                                          ]
                                      }
                     },
                     {
                         "type":  "Feature",
                         "properties":  {
                                            "zone_id":  "ZONE-0254",
                                            "accessibility_class":  "Moderate Accessibility",
                                            "score":  2,
                                            "dist_to_highway_m":  1685.3,
                                            "dist_to_vital_facility_m":  2499.2,
                                            "area_sq_km":  0.712,
                                            "color":  "#f9a825",
                                            "engineering_implication":  "Moderate mobility; accessible via feeder roads (5-15 min)"
                                        },
                         "geometry":  {
                                          "type":  "Polygon",
                                          "coordinates":  [
                                                              [
                                                                  85.192,
                                                                  25.632
                                                              ],
                                                              [
                                                                  85.2,
                                                                  25.632
                                                              ],
                                                              [
                                                                  85.2,
                                                                  25.64
                                                              ],
                                                              [
                                                                  85.192,
                                                                  25.64
                                                              ],
                                                              [
                                                                  85.192,
                                                                  25.632
                                                              ]
                                                          ]
                                      }
                     },
                     {
                         "type":  "Feature",
                         "properties":  {
                                            "zone_id":  "ZONE-0255",
                                            "accessibility_class":  "Moderate Accessibility",
                                            "score":  2,
                                            "dist_to_highway_m":  961.4,
                                            "dist_to_vital_facility_m":  2801.6,
                                            "area_sq_km":  0.712,
                                            "color":  "#f9a825",
                                            "engineering_implication":  "Moderate mobility; accessible via feeder roads (5-15 min)"
                                        },
                         "geometry":  {
                                          "type":  "Polygon",
                                          "coordinates":  [
                                                              [
                                                                  85.2,
                                                                  25.632
                                                              ],
                                                              [
                                                                  85.208,
                                                                  25.632
                                                              ],
                                                              [
                                                                  85.208,
                                                                  25.64
                                                              ],
                                                              [
                                                                  85.2,
                                                                  25.64
                                                              ],
                                                              [
                                                                  85.2,
                                                                  25.632
                                                              ]
                                                          ]
                                      }
                     },
                     {
                         "type":  "Feature",
                         "properties":  {
                                            "zone_id":  "ZONE-0256",
                                            "accessibility_class":  "Moderate Accessibility",
                                            "score":  2,
                                            "dist_to_highway_m":  237.5,
                                            "dist_to_vital_facility_m":  2922.4,
                                            "area_sq_km":  0.712,
                                            "color":  "#f9a825",
                                            "engineering_implication":  "Moderate mobility; accessible via feeder roads (5-15 min)"
                                        },
                         "geometry":  {
                                          "type":  "Polygon",
                                          "coordinates":  [
                                                              [
                                                                  85.208,
                                                                  25.632
                                                              ],
                                                              [
                                                                  85.216,
                                                                  25.632
                                                              ],
                                                              [
                                                                  85.216,
                                                                  25.64
                                                              ],
                                                              [
                                                                  85.208,
                                                                  25.64
                                                              ],
                                                              [
                                                                  85.208,
                                                                  25.632
                                                              ]
                                                          ]
                                      }
                     },
                     {
                         "type":  "Feature",
                         "properties":  {
                                            "zone_id":  "ZONE-0257",
                                            "accessibility_class":  "Moderate Accessibility",
                                            "score":  2,
                                            "dist_to_highway_m":  478,
                                            "dist_to_vital_facility_m":  3179,
                                            "area_sq_km":  0.712,
                                            "color":  "#f9a825",
                                            "engineering_implication":  "Moderate mobility; accessible via feeder roads (5-15 min)"
                                        },
                         "geometry":  {
                                          "type":  "Polygon",
                                          "coordinates":  [
                                                              [
                                                                  85.216,
                                                                  25.632
                                                              ],
                                                              [
                                                                  85.224,
                                                                  25.632
                                                              ],
                                                              [
                                                                  85.224,
                                                                  25.64
                                                              ],
                                                              [
                                                                  85.216,
                                                                  25.64
                                                              ],
                                                              [
                                                                  85.216,
                                                                  25.632
                                                              ]
                                                          ]
                                      }
                     },
                     {
                         "type":  "Feature",
                         "properties":  {
                                            "zone_id":  "ZONE-0258",
                                            "accessibility_class":  "Moderate Accessibility",
                                            "score":  2,
                                            "dist_to_highway_m":  1201.6,
                                            "dist_to_vital_facility_m":  3599.7,
                                            "area_sq_km":  0.712,
                                            "color":  "#f9a825",
                                            "engineering_implication":  "Moderate mobility; accessible via feeder roads (5-15 min)"
                                        },
                         "geometry":  {
                                          "type":  "Polygon",
                                          "coordinates":  [
                                                              [
                                                                  85.224,
                                                                  25.632
                                                              ],
                                                              [
                                                                  85.232,
                                                                  25.632
                                                              ],
                                                              [
                                                                  85.232,
                                                                  25.64
                                                              ],
                                                              [
                                                                  85.224,
                                                                  25.64
                                                              ],
                                                              [
                                                                  85.224,
                                                                  25.632
                                                              ]
                                                          ]
                                      }
                     },
                     {
                         "type":  "Feature",
                         "properties":  {
                                            "zone_id":  "ZONE-0259",
                                            "accessibility_class":  "Moderate Accessibility",
                                            "score":  2,
                                            "dist_to_highway_m":  1925.3,
                                            "dist_to_vital_facility_m":  4134.9,
                                            "area_sq_km":  0.712,
                                            "color":  "#f9a825",
                                            "engineering_implication":  "Moderate mobility; accessible via feeder roads (5-15 min)"
                                        },
                         "geometry":  {
                                          "type":  "Polygon",
                                          "coordinates":  [
                                                              [
                                                                  85.232,
                                                                  25.632
                                                              ],
                                                              [
                                                                  85.24,
                                                                  25.632
                                                              ],
                                                              [
                                                                  85.24,
                                                                  25.64
                                                              ],
                                                              [
                                                                  85.232,
                                                                  25.64
                                                              ],
                                                              [
                                                                  85.232,
                                                                  25.632
                                                              ]
                                                          ]
                                      }
                     },
                     {
                         "type":  "Feature",
                         "properties":  {
                                            "zone_id":  "ZONE-0260",
                                            "accessibility_class":  "Low Accessibility",
                                            "score":  1,
                                            "dist_to_highway_m":  2648.9,
                                            "dist_to_vital_facility_m":  4446.8,
                                            "area_sq_km":  0.712,
                                            "color":  "#c62828",
                                            "engineering_implication":  "Low accessibility deficit zone; distant from major corridors (\u003e15 min)"
                                        },
                         "geometry":  {
                                          "type":  "Polygon",
                                          "coordinates":  [
                                                              [
                                                                  85.24,
                                                                  25.632
                                                              ],
                                                              [
                                                                  85.248,
                                                                  25.632
                                                              ],
                                                              [
                                                                  85.248,
                                                                  25.64
                                                              ],
                                                              [
                                                                  85.24,
                                                                  25.64
                                                              ],
                                                              [
                                                                  85.24,
                                                                  25.632
                                                              ]
                                                          ]
                                      }
                     },
                     {
                         "type":  "Feature",
                         "properties":  {
                                            "zone_id":  "ZONE-0261",
                                            "accessibility_class":  "High Accessibility",
                                            "score":  3,
                                            "dist_to_highway_m":  738,
                                            "dist_to_vital_facility_m":  1055.2,
                                            "area_sq_km":  0.712,
                                            "color":  "#2e7d32",
                                            "engineering_implication":  "High mobility \u0026 rapid emergency response (\u003c5 min)"
                                        },
                         "geometry":  {
                                          "type":  "Polygon",
                                          "coordinates":  [
                                                              [
                                                                  85.04,
                                                                  25.64
                                                              ],
                                                              [
                                                                  85.048,
                                                                  25.64
                                                              ],
                                                              [
                                                                  85.048,
                                                                  25.648
                                                              ],
                                                              [
                                                                  85.04,
                                                                  25.648
                                                              ],
                                                              [
                                                                  85.04,
                                                                  25.64
                                                              ]
                                                          ]
                                      }
                     },
                     {
                         "type":  "Feature",
                         "properties":  {
                                            "zone_id":  "ZONE-0262",
                                            "accessibility_class":  "Moderate Accessibility",
                                            "score":  2,
                                            "dist_to_highway_m":  561.1,
                                            "dist_to_vital_facility_m":  1213.4,
                                            "area_sq_km":  0.712,
                                            "color":  "#f9a825",
                                            "engineering_implication":  "Moderate mobility; accessible via feeder roads (5-15 min)"
                                        },
                         "geometry":  {
                                          "type":  "Polygon",
                                          "coordinates":  [
                                                              [
                                                                  85.048,
                                                                  25.64
                                                              ],
                                                              [
                                                                  85.056,
                                                                  25.64
                                                              ],
                                                              [
                                                                  85.056,
                                                                  25.648
                                                              ],
                                                              [
                                                                  85.048,
                                                                  25.648
                                                              ],
                                                              [
                                                                  85.048,
                                                                  25.64
                                                              ]
                                                          ]
                                      }
                     },
                     {
                         "type":  "Feature",
                         "properties":  {
                                            "zone_id":  "ZONE-0263",
                                            "accessibility_class":  "Moderate Accessibility",
                                            "score":  2,
                                            "dist_to_highway_m":  257.9,
                                            "dist_to_vital_facility_m":  1608.2,
                                            "area_sq_km":  0.712,
                                            "color":  "#f9a825",
                                            "engineering_implication":  "Moderate mobility; accessible via feeder roads (5-15 min)"
                                        },
                         "geometry":  {
                                          "type":  "Polygon",
                                          "coordinates":  [
                                                              [
                                                                  85.056,
                                                                  25.64
                                                              ],
                                                              [
                                                                  85.064,
                                                                  25.64
                                                              ],
                                                              [
                                                                  85.064,
                                                                  25.648
                                                              ],
                                                              [
                                                                  85.056,
                                                                  25.648
                                                              ],
                                                              [
                                                                  85.056,
                                                                  25.64
                                                              ]
                                                          ]
                                      }
                     },
                     {
                         "type":  "Feature",
                         "properties":  {
                                            "zone_id":  "ZONE-0264",
                                            "accessibility_class":  "Moderate Accessibility",
                                            "score":  2,
                                            "dist_to_highway_m":  852.3,
                                            "dist_to_vital_facility_m":  1828.8,
                                            "area_sq_km":  0.712,
                                            "color":  "#f9a825",
                                            "engineering_implication":  "Moderate mobility; accessible via feeder roads (5-15 min)"
                                        },
                         "geometry":  {
                                          "type":  "Polygon",
                                          "coordinates":  [
                                                              [
                                                                  85.064,
                                                                  25.64
                                                              ],
                                                              [
                                                                  85.072,
                                                                  25.64
                                                              ],
                                                              [
                                                                  85.072,
                                                                  25.648
                                                              ],
                                                              [
                                                                  85.064,
                                                                  25.648
                                                              ],
                                                              [
                                                                  85.064,
                                                                  25.64
                                                              ]
                                                          ]
                                      }
                     },
                     {
                         "type":  "Feature",
                         "properties":  {
                                            "zone_id":  "ZONE-0265",
                                            "accessibility_class":  "Moderate Accessibility",
                                            "score":  2,
                                            "dist_to_highway_m":  1636,
                                            "dist_to_vital_facility_m":  2321.5,
                                            "area_sq_km":  0.712,
                                            "color":  "#f9a825",
                                            "engineering_implication":  "Moderate mobility; accessible via feeder roads (5-15 min)"
                                        },
                         "geometry":  {
                                          "type":  "Polygon",
                                          "coordinates":  [
                                                              [
                                                                  85.072,
                                                                  25.64
                                                              ],
                                                              [
                                                                  85.08,
                                                                  25.64
                                                              ],
                                                              [
                                                                  85.08,
                                                                  25.648
                                                              ],
                                                              [
                                                                  85.072,
                                                                  25.648
                                                              ],
                                                              [
                                                                  85.072,
                                                                  25.64
                                                              ]
                                                          ]
                                      }
                     },
                     {
                         "type":  "Feature",
                         "properties":  {
                                            "zone_id":  "ZONE-0266",
                                            "accessibility_class":  "Moderate Accessibility",
                                            "score":  2,
                                            "dist_to_highway_m":  988.4,
                                            "dist_to_vital_facility_m":  2264,
                                            "area_sq_km":  0.712,
                                            "color":  "#f9a825",
                                            "engineering_implication":  "Moderate mobility; accessible via feeder roads (5-15 min)"
                                        },
                         "geometry":  {
                                          "type":  "Polygon",
                                          "coordinates":  [
                                                              [
                                                                  85.08,
                                                                  25.64
                                                              ],
                                                              [
                                                                  85.088,
                                                                  25.64
                                                              ],
                                                              [
                                                                  85.088,
                                                                  25.648
                                                              ],
                                                              [
                                                                  85.08,
                                                                  25.648
                                                              ],
                                                              [
                                                                  85.08,
                                                                  25.64
                                                              ]
                                                          ]
                                      }
                     },
                     {
                         "type":  "Feature",
                         "properties":  {
                                            "zone_id":  "ZONE-0267",
                                            "accessibility_class":  "Moderate Accessibility",
                                            "score":  2,
                                            "dist_to_highway_m":  367.3,
                                            "dist_to_vital_facility_m":  1758.5,
                                            "area_sq_km":  0.712,
                                            "color":  "#f9a825",
                                            "engineering_implication":  "Moderate mobility; accessible via feeder roads (5-15 min)"
                                        },
                         "geometry":  {
                                          "type":  "Polygon",
                                          "coordinates":  [
                                                              [
                                                                  85.088,
                                                                  25.64
                                                              ],
                                                              [
                                                                  85.096,
                                                                  25.64
                                                              ],
                                                              [
                                                                  85.096,
                                                                  25.648
                                                              ],
                                                              [
                                                                  85.088,
                                                                  25.648
                                                              ],
                                                              [
                                                                  85.088,
                                                                  25.64
                                                              ]
                                                          ]
                                      }
                     },
                     {
                         "type":  "Feature",
                         "properties":  {
                                            "zone_id":  "ZONE-0268",
                                            "accessibility_class":  "High Accessibility",
                                            "score":  3,
                                            "dist_to_highway_m":  668.6,
                                            "dist_to_vital_facility_m":  1127.5,
                                            "area_sq_km":  0.712,
                                            "color":  "#2e7d32",
                                            "engineering_implication":  "High mobility \u0026 rapid emergency response (\u003c5 min)"
                                        },
                         "geometry":  {
                                          "type":  "Polygon",
                                          "coordinates":  [
                                                              [
                                                                  85.096,
                                                                  25.64
                                                              ],
                                                              [
                                                                  85.104,
                                                                  25.64
                                                              ],
                                                              [
                                                                  85.104,
                                                                  25.648
                                                              ],
                                                              [
                                                                  85.096,
                                                                  25.648
                                                              ],
                                                              [
                                                                  85.096,
                                                                  25.64
                                                              ]
                                                          ]
                                      }
                     },
                     {
                         "type":  "Feature",
                         "properties":  {
                                            "zone_id":  "ZONE-0269",
                                            "accessibility_class":  "High Accessibility",
                                            "score":  3,
                                            "dist_to_highway_m":  375.6,
                                            "dist_to_vital_facility_m":  631.8,
                                            "area_sq_km":  0.712,
                                            "color":  "#2e7d32",
                                            "engineering_implication":  "High mobility \u0026 rapid emergency response (\u003c5 min)"
                                        },
                         "geometry":  {
                                          "type":  "Polygon",
                                          "coordinates":  [
                                                              [
                                                                  85.104,
                                                                  25.64
                                                              ],
                                                              [
                                                                  85.112,
                                                                  25.64
                                                              ],
                                                              [
                                                                  85.112,
                                                                  25.648
                                                              ],
                                                              [
                                                                  85.104,
                                                                  25.648
                                                              ],
                                                              [
                                                                  85.104,
                                                                  25.64
                                                              ]
                                                          ]
                                      }
                     },
                     {
                         "type":  "Feature",
                         "properties":  {
                                            "zone_id":  "ZONE-0270",
                                            "accessibility_class":  "High Accessibility",
                                            "score":  3,
                                            "dist_to_highway_m":  868.7,
                                            "dist_to_vital_facility_m":  901.7,
                                            "area_sq_km":  0.712,
                                            "color":  "#2e7d32",
                                            "engineering_implication":  "High mobility \u0026 rapid emergency response (\u003c5 min)"
                                        },
                         "geometry":  {
                                          "type":  "Polygon",
                                          "coordinates":  [
                                                              [
                                                                  85.112,
                                                                  25.64
                                                              ],
                                                              [
                                                                  85.12,
                                                                  25.64
                                                              ],
                                                              [
                                                                  85.12,
                                                                  25.648
                                                              ],
                                                              [
                                                                  85.112,
                                                                  25.648
                                                              ],
                                                              [
                                                                  85.112,
                                                                  25.64
                                                              ]
                                                          ]
                                      }
                     },
                     {
                         "type":  "Feature",
                         "properties":  {
                                            "zone_id":  "ZONE-0271",
                                            "accessibility_class":  "Moderate Accessibility",
                                            "score":  2,
                                            "dist_to_highway_m":  1257.2,
                                            "dist_to_vital_facility_m":  1585.4,
                                            "area_sq_km":  0.712,
                                            "color":  "#f9a825",
                                            "engineering_implication":  "Moderate mobility; accessible via feeder roads (5-15 min)"
                                        },
                         "geometry":  {
                                          "type":  "Polygon",
                                          "coordinates":  [
                                                              [
                                                                  85.12,
                                                                  25.64
                                                              ],
                                                              [
                                                                  85.128,
                                                                  25.64
                                                              ],
                                                              [
                                                                  85.128,
                                                                  25.648
                                                              ],
                                                              [
                                                                  85.12,
                                                                  25.648
                                                              ],
                                                              [
                                                                  85.12,
                                                                  25.64
                                                              ]
                                                          ]
                                      }
                     },
                     {
                         "type":  "Feature",
                         "properties":  {
                                            "zone_id":  "ZONE-0272",
                                            "accessibility_class":  "Moderate Accessibility",
                                            "score":  2,
                                            "dist_to_highway_m":  1687.3,
                                            "dist_to_vital_facility_m":  2100,
                                            "area_sq_km":  0.712,
                                            "color":  "#f9a825",
                                            "engineering_implication":  "Moderate mobility; accessible via feeder roads (5-15 min)"
                                        },
                         "geometry":  {
                                          "type":  "Polygon",
                                          "coordinates":  [
                                                              [
                                                                  85.128,
                                                                  25.64
                                                              ],
                                                              [
                                                                  85.136,
                                                                  25.64
                                                              ],
                                                              [
                                                                  85.136,
                                                                  25.648
                                                              ],
                                                              [
                                                                  85.128,
                                                                  25.648
                                                              ],
                                                              [
                                                                  85.128,
                                                                  25.64
                                                              ]
                                                          ]
                                      }
                     },
                     {
                         "type":  "Feature",
                         "properties":  {
                                            "zone_id":  "ZONE-0273",
                                            "accessibility_class":  "Moderate Accessibility",
                                            "score":  2,
                                            "dist_to_highway_m":  2167.9,
                                            "dist_to_vital_facility_m":  2718.1,
                                            "area_sq_km":  0.712,
                                            "color":  "#f9a825",
                                            "engineering_implication":  "Moderate mobility; accessible via feeder roads (5-15 min)"
                                        },
                         "geometry":  {
                                          "type":  "Polygon",
                                          "coordinates":  [
                                                              [
                                                                  85.136,
                                                                  25.64
                                                              ],
                                                              [
                                                                  85.144,
                                                                  25.64
                                                              ],
                                                              [
                                                                  85.144,
                                                                  25.648
                                                              ],
                                                              [
                                                                  85.136,
                                                                  25.648
                                                              ],
                                                              [
                                                                  85.136,
                                                                  25.64
                                                              ]
                                                          ]
                                      }
                     },
                     {
                         "type":  "Feature",
                         "properties":  {
                                            "zone_id":  "ZONE-0274",
                                            "accessibility_class":  "Moderate Accessibility",
                                            "score":  2,
                                            "dist_to_highway_m":  2352.2,
                                            "dist_to_vital_facility_m":  2778.1,
                                            "area_sq_km":  0.712,
                                            "color":  "#f9a825",
                                            "engineering_implication":  "Moderate mobility; accessible via feeder roads (5-15 min)"
                                        },
                         "geometry":  {
                                          "type":  "Polygon",
                                          "coordinates":  [
                                                              [
                                                                  85.144,
                                                                  25.64
                                                              ],
                                                              [
                                                                  85.152,
                                                                  25.64
                                                              ],
                                                              [
                                                                  85.152,
                                                                  25.648
                                                              ],
                                                              [
                                                                  85.144,
                                                                  25.648
                                                              ],
                                                              [
                                                                  85.144,
                                                                  25.64
                                                              ]
                                                          ]
                                      }
                     },
                     {
                         "type":  "Feature",
                         "properties":  {
                                            "zone_id":  "ZONE-0275",
                                            "accessibility_class":  "Low Accessibility",
                                            "score":  1,
                                            "dist_to_highway_m":  2682.5,
                                            "dist_to_vital_facility_m":  2677,
                                            "area_sq_km":  0.712,
                                            "color":  "#c62828",
                                            "engineering_implication":  "Low accessibility deficit zone; distant from major corridors (\u003e15 min)"
                                        },
                         "geometry":  {
                                          "type":  "Polygon",
                                          "coordinates":  [
                                                              [
                                                                  85.152,
                                                                  25.64
                                                              ],
                                                              [
                                                                  85.16,
                                                                  25.64
                                                              ],
                                                              [
                                                                  85.16,
                                                                  25.648
                                                              ],
                                                              [
                                                                  85.152,
                                                                  25.648
                                                              ],
                                                              [
                                                                  85.152,
                                                                  25.64
                                                              ]
                                                          ]
                                      }
                     },
                     {
                         "type":  "Feature",
                         "properties":  {
                                            "zone_id":  "ZONE-0276",
                                            "accessibility_class":  "Low Accessibility",
                                            "score":  1,
                                            "dist_to_highway_m":  2749.4,
                                            "dist_to_vital_facility_m":  2810.9,
                                            "area_sq_km":  0.712,
                                            "color":  "#c62828",
                                            "engineering_implication":  "Low accessibility deficit zone; distant from major corridors (\u003e15 min)"
                                        },
                         "geometry":  {
                                          "type":  "Polygon",
                                          "coordinates":  [
                                                              [
                                                                  85.16,
                                                                  25.64
                                                              ],
                                                              [
                                                                  85.168,
                                                                  25.64
                                                              ],
                                                              [
                                                                  85.168,
                                                                  25.648
                                                              ],
                                                              [
                                                                  85.16,
                                                                  25.648
                                                              ],
                                                              [
                                                                  85.16,
                                                                  25.64
                                                              ]
                                                          ]
                                      }
                     },
                     {
                         "type":  "Feature",
                         "properties":  {
                                            "zone_id":  "ZONE-0277",
                                            "accessibility_class":  "Low Accessibility",
                                            "score":  1,
                                            "dist_to_highway_m":  2893.3,
                                            "dist_to_vital_facility_m":  2959.5,
                                            "area_sq_km":  0.712,
                                            "color":  "#c62828",
                                            "engineering_implication":  "Low accessibility deficit zone; distant from major corridors (\u003e15 min)"
                                        },
                         "geometry":  {
                                          "type":  "Polygon",
                                          "coordinates":  [
                                                              [
                                                                  85.168,
                                                                  25.64
                                                              ],
                                                              [
                                                                  85.176,
                                                                  25.64
                                                              ],
                                                              [
                                                                  85.176,
                                                                  25.648
                                                              ],
                                                              [
                                                                  85.168,
                                                                  25.648
                                                              ],
                                                              [
                                                                  85.168,
                                                                  25.64
                                                              ]
                                                          ]
                                      }
                     },
                     {
                         "type":  "Feature",
                         "properties":  {
                                            "zone_id":  "ZONE-0278",
                                            "accessibility_class":  "Low Accessibility",
                                            "score":  1,
                                            "dist_to_highway_m":  3034.8,
                                            "dist_to_vital_facility_m":  3270.1,
                                            "area_sq_km":  0.712,
                                            "color":  "#c62828",
                                            "engineering_implication":  "Low accessibility deficit zone; distant from major corridors (\u003e15 min)"
                                        },
                         "geometry":  {
                                          "type":  "Polygon",
                                          "coordinates":  [
                                                              [
                                                                  85.176,
                                                                  25.64
                                                              ],
                                                              [
                                                                  85.184,
                                                                  25.64
                                                              ],
                                                              [
                                                                  85.184,
                                                                  25.648
                                                              ],
                                                              [
                                                                  85.176,
                                                                  25.648
                                                              ],
                                                              [
                                                                  85.176,
                                                                  25.64
                                                              ]
                                                          ]
                                      }
                     },
                     {
                         "type":  "Feature",
                         "properties":  {
                                            "zone_id":  "ZONE-0279",
                                            "accessibility_class":  "Low Accessibility",
                                            "score":  1,
                                            "dist_to_highway_m":  2793.3,
                                            "dist_to_vital_facility_m":  3322.5,
                                            "area_sq_km":  0.712,
                                            "color":  "#c62828",
                                            "engineering_implication":  "Low accessibility deficit zone; distant from major corridors (\u003e15 min)"
                                        },
                         "geometry":  {
                                          "type":  "Polygon",
                                          "coordinates":  [
                                                              [
                                                                  85.184,
                                                                  25.64
                                                              ],
                                                              [
                                                                  85.192,
                                                                  25.64
                                                              ],
                                                              [
                                                                  85.192,
                                                                  25.648
                                                              ],
                                                              [
                                                                  85.184,
                                                                  25.648
                                                              ],
                                                              [
                                                                  85.184,
                                                                  25.64
                                                              ]
                                                          ]
                                      }
                     },
                     {
                         "type":  "Feature",
                         "properties":  {
                                            "zone_id":  "ZONE-0280",
                                            "accessibility_class":  "Moderate Accessibility",
                                            "score":  2,
                                            "dist_to_highway_m":  2069.3,
                                            "dist_to_vital_facility_m":  3369.7,
                                            "area_sq_km":  0.712,
                                            "color":  "#f9a825",
                                            "engineering_implication":  "Moderate mobility; accessible via feeder roads (5-15 min)"
                                        },
                         "geometry":  {
                                          "type":  "Polygon",
                                          "coordinates":  [
                                                              [
                                                                  85.192,
                                                                  25.64
                                                              ],
                                                              [
                                                                  85.2,
                                                                  25.64
                                                              ],
                                                              [
                                                                  85.2,
                                                                  25.648
                                                              ],
                                                              [
                                                                  85.192,
                                                                  25.648
                                                              ],
                                                              [
                                                                  85.192,
                                                                  25.64
                                                              ]
                                                          ]
                                      }
                     },
                     {
                         "type":  "Feature",
                         "properties":  {
                                            "zone_id":  "ZONE-0281",
                                            "accessibility_class":  "Moderate Accessibility",
                                            "score":  2,
                                            "dist_to_highway_m":  1345.3,
                                            "dist_to_vital_facility_m":  3599.6,
                                            "area_sq_km":  0.712,
                                            "color":  "#f9a825",
                                            "engineering_implication":  "Moderate mobility; accessible via feeder roads (5-15 min)"
                                        },
                         "geometry":  {
                                          "type":  "Polygon",
                                          "coordinates":  [
                                                              [
                                                                  85.2,
                                                                  25.64
                                                              ],
                                                              [
                                                                  85.208,
                                                                  25.64
                                                              ],
                                                              [
                                                                  85.208,
                                                                  25.648
                                                              ],
                                                              [
                                                                  85.2,
                                                                  25.648
                                                              ],
                                                              [
                                                                  85.2,
                                                                  25.64
                                                              ]
                                                          ]
                                      }
                     },
                     {
                         "type":  "Feature",
                         "properties":  {
                                            "zone_id":  "ZONE-0282",
                                            "accessibility_class":  "Moderate Accessibility",
                                            "score":  2,
                                            "dist_to_highway_m":  621.2,
                                            "dist_to_vital_facility_m":  3798.6,
                                            "area_sq_km":  0.712,
                                            "color":  "#f9a825",
                                            "engineering_implication":  "Moderate mobility; accessible via feeder roads (5-15 min)"
                                        },
                         "geometry":  {
                                          "type":  "Polygon",
                                          "coordinates":  [
                                                              [
                                                                  85.208,
                                                                  25.64
                                                              ],
                                                              [
                                                                  85.216,
                                                                  25.64
                                                              ],
                                                              [
                                                                  85.216,
                                                                  25.648
                                                              ],
                                                              [
                                                                  85.208,
                                                                  25.648
                                                              ],
                                                              [
                                                                  85.208,
                                                                  25.64
                                                              ]
                                                          ]
                                      }
                     },
                     {
                         "type":  "Feature",
                         "properties":  {
                                            "zone_id":  "ZONE-0283",
                                            "accessibility_class":  "Moderate Accessibility",
                                            "score":  2,
                                            "dist_to_highway_m":  93.3,
                                            "dist_to_vital_facility_m":  3999.3,
                                            "area_sq_km":  0.712,
                                            "color":  "#f9a825",
                                            "engineering_implication":  "Moderate mobility; accessible via feeder roads (5-15 min)"
                                        },
                         "geometry":  {
                                          "type":  "Polygon",
                                          "coordinates":  [
                                                              [
                                                                  85.216,
                                                                  25.64
                                                              ],
                                                              [
                                                                  85.224,
                                                                  25.64
                                                              ],
                                                              [
                                                                  85.224,
                                                                  25.648
                                                              ],
                                                              [
                                                                  85.216,
                                                                  25.648
                                                              ],
                                                              [
                                                                  85.216,
                                                                  25.64
                                                              ]
                                                          ]
                                      }
                     },
                     {
                         "type":  "Feature",
                         "properties":  {
                                            "zone_id":  "ZONE-0284",
                                            "accessibility_class":  "Moderate Accessibility",
                                            "score":  2,
                                            "dist_to_highway_m":  816.9,
                                            "dist_to_vital_facility_m":  4341.3,
                                            "area_sq_km":  0.712,
                                            "color":  "#f9a825",
                                            "engineering_implication":  "Moderate mobility; accessible via feeder roads (5-15 min)"
                                        },
                         "geometry":  {
                                          "type":  "Polygon",
                                          "coordinates":  [
                                                              [
                                                                  85.224,
                                                                  25.64
                                                              ],
                                                              [
                                                                  85.232,
                                                                  25.64
                                                              ],
                                                              [
                                                                  85.232,
                                                                  25.648
                                                              ],
                                                              [
                                                                  85.224,
                                                                  25.648
                                                              ],
                                                              [
                                                                  85.224,
                                                                  25.64
                                                              ]
                                                          ]
                                      }
                     },
                     {
                         "type":  "Feature",
                         "properties":  {
                                            "zone_id":  "ZONE-0285",
                                            "accessibility_class":  "Moderate Accessibility",
                                            "score":  2,
                                            "dist_to_highway_m":  1541.5,
                                            "dist_to_vital_facility_m":  4794.3,
                                            "area_sq_km":  0.712,
                                            "color":  "#f9a825",
                                            "engineering_implication":  "Moderate mobility; accessible via feeder roads (5-15 min)"
                                        },
                         "geometry":  {
                                          "type":  "Polygon",
                                          "coordinates":  [
                                                              [
                                                                  85.232,
                                                                  25.64
                                                              ],
                                                              [
                                                                  85.24,
                                                                  25.64
                                                              ],
                                                              [
                                                                  85.24,
                                                                  25.648
                                                              ],
                                                              [
                                                                  85.232,
                                                                  25.648
                                                              ],
                                                              [
                                                                  85.232,
                                                                  25.64
                                                              ]
                                                          ]
                                      }
                     },
                     {
                         "type":  "Feature",
                         "properties":  {
                                            "zone_id":  "ZONE-0286",
                                            "accessibility_class":  "Moderate Accessibility",
                                            "score":  2,
                                            "dist_to_highway_m":  2266.2,
                                            "dist_to_vital_facility_m":  5281.8,
                                            "area_sq_km":  0.712,
                                            "color":  "#f9a825",
                                            "engineering_implication":  "Moderate mobility; accessible via feeder roads (5-15 min)"
                                        },
                         "geometry":  {
                                          "type":  "Polygon",
                                          "coordinates":  [
                                                              [
                                                                  85.24,
                                                                  25.64
                                                              ],
                                                              [
                                                                  85.248,
                                                                  25.64
                                                              ],
                                                              [
                                                                  85.248,
                                                                  25.648
                                                              ],
                                                              [
                                                                  85.24,
                                                                  25.648
                                                              ],
                                                              [
                                                                  85.24,
                                                                  25.64
                                                              ]
                                                          ]
                                      }
                     }
                 ]
}
