{
    "type":  "FeatureCollection",
    "features":  [
                     {
                         "type":  "Feature",
                         "properties":  {
                                            "facility_id":  "PAT-FAC-0001",
                                            "facility_name":  "New Gardinar Road Hospital",
                                            "facility_type":  "Hospital / Healthcare",
                                            "latitude":  25.610295,
                                            "longitude":  85.130907,
                                            "nearest_major_road":  "Birchand Patel Path (Gardner Road)",
                                            "distance_to_highway_m":  55.7,
                                            "distance_to_highway_km":  0.056,
                                            "buffer_zone":  "Within 500m (High Direct Access)"
                                        },
                         "geometry":  {
                                          "type":  "Point",
                                          "coordinates":  [
                                                              85.130907,
                                                              25.610295
                                                          ]
                                      }
                     },
                     {
                         "type":  "Feature",
                         "properties":  {
                                            "facility_id":  "PAT-FAC-0002",
                                            "facility_name":  "Tripolia Social Service Hospital",
                                            "facility_type":  "Hospital / Healthcare",
                                            "latitude":  25.614177,
                                            "longitude":  85.190036,
                                            "nearest_major_road":  "Ashok Raj Path",
                                            "distance_to_highway_m":  53.1,
                                            "distance_to_highway_km":  0.053,
                                            "buffer_zone":  "Within 500m (High Direct Access)"
                                        },
                         "geometry":  {
                                          "type":  "Point",
                                          "coordinates":  [
                                                              85.190036,
                                                              25.614177
                                                          ]
                                      }
                     },
                     {
                         "type":  "Feature",
                         "properties":  {
                                            "facility_id":  "PAT-FAC-0003",
                                            "facility_name":  "Peerbahor",
                                            "facility_type":  "Police Station / Emergency",
                                            "latitude":  25.619931,
                                            "longitude":  85.15543,
                                            "nearest_major_road":  "Ashok Raj Path",
                                            "distance_to_highway_m":  29.4,
                                            "distance_to_highway_km":  0.029,
                                            "buffer_zone":  "Within 500m (High Direct Access)"
                                        },
                         "geometry":  {
                                          "type":  "Point",
                                          "coordinates":  [
                                                              85.15543,
                                                              25.619931
                                                          ]
                                      }
                     },
                     {
                         "type":  "Feature",
                         "properties":  {
                                            "facility_id":  "PAT-FAC-0004",
                                            "facility_name":  "Perfect Vision Eye Clinic",
                                            "facility_type":  "Hospital / Healthcare",
                                            "latitude":  25.616834,
                                            "longitude":  85.120872,
                                            "nearest_major_road":  "Patna Bypass / Expressway Corridor",
                                            "distance_to_highway_m":  804.1,
                                            "distance_to_highway_km":  0.804,
                                            "buffer_zone":  "500m - 1000m (Intermediate Access)"
                                        },
                         "geometry":  {
                                          "type":  "Point",
                                          "coordinates":  [
                                                              85.120872,
                                                              25.616834
                                                          ]
                                      }
                     },
                     {
                         "type":  "Feature",
                         "properties":  {
                                            "facility_id":  "PAT-FAC-0005",
                                            "facility_name":  "Guru Govind Singh Hospital",
                                            "facility_type":  "Hospital / Healthcare",
                                            "latitude":  25.599677,
                                            "longitude":  85.214247,
                                            "nearest_major_road":  "Ashok Raj Path",
                                            "distance_to_highway_m":  199.5,
                                            "distance_to_highway_km":  0.199,
                                            "buffer_zone":  "Within 500m (High Direct Access)"
                                        },
                         "geometry":  {
                                          "type":  "Point",
                                          "coordinates":  [
                                                              85.214247,
                                                              25.599677
                                                          ]
                                      }
                     },
                     {
                         "type":  "Feature",
                         "properties":  {
                                            "facility_id":  "PAT-FAC-0006",
                                            "facility_name":  "Mount Carmel High School",
                                            "facility_type":  "College / University",
                                            "latitude":  25.610351,
                                            "longitude":  85.123365,
                                            "nearest_major_road":  "Bailey Road",
                                            "distance_to_highway_m":  61,
                                            "distance_to_highway_km":  0.061,
                                            "buffer_zone":  "Within 500m (High Direct Access)"
                                        },
                         "geometry":  {
                                          "type":  "Point",
                                          "coordinates":  [
                                                              85.123365,
                                                              25.610351
                                                          ]
                                      }
                     },
                     {
                         "type":  "Feature",
                         "properties":  {
                                            "facility_id":  "PAT-FAC-0007",
                                            "facility_name":  "HP",
                                            "facility_type":  "Fuel / Petrol Pump",
                                            "latitude":  25.584965,
                                            "longitude":  85.172906,
                                            "nearest_major_road":  "NH Corridor (NH22)",
                                            "distance_to_highway_m":  35.9,
                                            "distance_to_highway_km":  0.036,
                                            "buffer_zone":  "Within 500m (High Direct Access)"
                                        },
                         "geometry":  {
                                          "type":  "Point",
                                          "coordinates":  [
                                                              85.172906,
                                                              25.584965
                                                          ]
                                      }
                     },
                     {
                         "type":  "Feature",
                         "properties":  {
                                            "facility_id":  "PAT-FAC-0008",
                                            "facility_name":  "Metro Trauma Hospital",
                                            "facility_type":  "Hospital / Healthcare",
                                            "latitude":  25.585072,
                                            "longitude":  85.161475,
                                            "nearest_major_road":  "NH Corridor (NH22)",
                                            "distance_to_highway_m":  40.4,
                                            "distance_to_highway_km":  0.04,
                                            "buffer_zone":  "Within 500m (High Direct Access)"
                                        },
                         "geometry":  {
                                          "type":  "Point",
                                          "coordinates":  [
                                                              85.161475,
                                                              25.585072
                                                          ]
                                      }
                     },
                     {
                         "type":  "Feature",
                         "properties":  {
                                            "facility_id":  "PAT-FAC-0009",
                                            "facility_name":  "Bharat Petroleum",
                                            "facility_type":  "Fuel / Petrol Pump",
                                            "latitude":  25.585089,
                                            "longitude":  85.176392,
                                            "nearest_major_road":  "NH Corridor (NH22)",
                                            "distance_to_highway_m":  13.2,
                                            "distance_to_highway_km":  0.013,
                                            "buffer_zone":  "Within 500m (High Direct Access)"
                                        },
                         "geometry":  {
                                          "type":  "Point",
                                          "coordinates":  [
                                                              85.176392,
                                                              25.585089
                                                          ]
                                      }
                     },
                     {
                         "type":  "Feature",
                         "properties":  {
                                            "facility_id":  "PAT-FAC-0010",
                                            "facility_name":  "Bharat Petroleum",
                                            "facility_type":  "Fuel / Petrol Pump",
                                            "latitude":  25.585497,
                                            "longitude":  85.17853,
                                            "nearest_major_road":  "NH Corridor (NH22)",
                                            "distance_to_highway_m":  12.3,
                                            "distance_to_highway_km":  0.012,
                                            "buffer_zone":  "Within 500m (High Direct Access)"
                                        },
                         "geometry":  {
                                          "type":  "Point",
                                          "coordinates":  [
                                                              85.17853,
                                                              25.585497
                                                          ]
                                      }
                     },
                     {
                         "type":  "Feature",
                         "properties":  {
                                            "facility_id":  "PAT-FAC-0011",
                                            "facility_name":  "Bharat Petroleum",
                                            "facility_type":  "Fuel / Petrol Pump",
                                            "latitude":  25.586662,
                                            "longitude":  85.18868,
                                            "nearest_major_road":  "Chapra - Patna Highway",
                                            "distance_to_highway_m":  24.3,
                                            "distance_to_highway_km":  0.024,
                                            "buffer_zone":  "Within 500m (High Direct Access)"
                                        },
                         "geometry":  {
                                          "type":  "Point",
                                          "coordinates":  [
                                                              85.18868,
                                                              25.586662
                                                          ]
                                      }
                     },
                     {
                         "type":  "Feature",
                         "properties":  {
                                            "facility_id":  "PAT-FAC-0012",
                                            "facility_name":  "Isha health care",
                                            "facility_type":  "Hospital / Healthcare",
                                            "latitude":  25.604719,
                                            "longitude":  85.196914,
                                            "nearest_major_road":  "Chapra - Patna Highway",
                                            "distance_to_highway_m":  58.7,
                                            "distance_to_highway_km":  0.059,
                                            "buffer_zone":  "Within 500m (High Direct Access)"
                                        },
                         "geometry":  {
                                          "type":  "Point",
                                          "coordinates":  [
                                                              85.196914,
                                                              25.604719
                                                          ]
                                      }
                     },
                     {
                         "type":  "Feature",
                         "properties":  {
                                            "facility_id":  "PAT-FAC-0013",
                                            "facility_name":  "Gandhi Maidan Police Station",
                                            "facility_type":  "Police Station / Emergency",
                                            "latitude":  25.615636,
                                            "longitude":  85.148475,
                                            "nearest_major_road":  "Kargil Chowk",
                                            "distance_to_highway_m":  301.8,
                                            "distance_to_highway_km":  0.302,
                                            "buffer_zone":  "Within 500m (High Direct Access)"
                                        },
                         "geometry":  {
                                          "type":  "Point",
                                          "coordinates":  [
                                                              85.148475,
                                                              25.615636
                                                          ]
                                      }
                     },
                     {
                         "type":  "Feature",
                         "properties":  {
                                            "facility_id":  "PAT-FAC-0014",
                                            "facility_name":  "Bharat Petroleum",
                                            "facility_type":  "Fuel / Petrol Pump",
                                            "latitude":  25.618466,
                                            "longitude":  85.148888,
                                            "nearest_major_road":  "Ashok Raj Path",
                                            "distance_to_highway_m":  22.3,
                                            "distance_to_highway_km":  0.022,
                                            "buffer_zone":  "Within 500m (High Direct Access)"
                                        },
                         "geometry":  {
                                          "type":  "Point",
                                          "coordinates":  [
                                                              85.148888,
                                                              25.618466
                                                          ]
                                      }
                     },
                     {
                         "type":  "Feature",
                         "properties":  {
                                            "facility_id":  "PAT-FAC-0015",
                                            "facility_name":  "Dr. Sarojini Sinha Memorial Shiv-Shakti Hospital",
                                            "facility_type":  "Hospital / Healthcare",
                                            "latitude":  25.61961,
                                            "longitude":  85.124388,
                                            "nearest_major_road":  "Ashok Rajpath",
                                            "distance_to_highway_m":  444.3,
                                            "distance_to_highway_km":  0.444,
                                            "buffer_zone":  "Within 500m (High Direct Access)"
                                        },
                         "geometry":  {
                                          "type":  "Point",
                                          "coordinates":  [
                                                              85.124388,
                                                              25.61961
                                                          ]
                                      }
                     },
                     {
                         "type":  "Feature",
                         "properties":  {
                                            "facility_id":  "PAT-FAC-0016",
                                            "facility_name":  "Mahavir Arogya Sansthan",
                                            "facility_type":  "Hospital / Healthcare",
                                            "latitude":  25.60239,
                                            "longitude":  85.143434,
                                            "nearest_major_road":  "Chiriya Taar overbridge",
                                            "distance_to_highway_m":  25.2,
                                            "distance_to_highway_km":  0.025,
                                            "buffer_zone":  "Within 500m (High Direct Access)"
                                        },
                         "geometry":  {
                                          "type":  "Point",
                                          "coordinates":  [
                                                              85.143434,
                                                              25.60239
                                                          ]
                                      }
                     },
                     {
                         "type":  "Feature",
                         "properties":  {
                                            "facility_id":  "PAT-FAC-0017",
                                            "facility_name":  "Magalam Hospital",
                                            "facility_type":  "Hospital / Healthcare",
                                            "latitude":  25.597067,
                                            "longitude":  85.14573,
                                            "nearest_major_road":  "Chiriya Taar overbridge",
                                            "distance_to_highway_m":  642.4,
                                            "distance_to_highway_km":  0.642,
                                            "buffer_zone":  "500m - 1000m (Intermediate Access)"
                                        },
                         "geometry":  {
                                          "type":  "Point",
                                          "coordinates":  [
                                                              85.14573,
                                                              25.597067
                                                          ]
                                      }
                     },
                     {
                         "type":  "Feature",
                         "properties":  {
                                            "facility_id":  "PAT-FAC-0018",
                                            "facility_name":  "Kumar Eye Centre",
                                            "facility_type":  "Hospital / Healthcare",
                                            "latitude":  25.611989,
                                            "longitude":  85.159574,
                                            "nearest_major_road":  "Ashok Raj Path",
                                            "distance_to_highway_m":  820.1,
                                            "distance_to_highway_km":  0.82,
                                            "buffer_zone":  "500m - 1000m (Intermediate Access)"
                                        },
                         "geometry":  {
                                          "type":  "Point",
                                          "coordinates":  [
                                                              85.159574,
                                                              25.611989
                                                          ]
                                      }
                     },
                     {
                         "type":  "Feature",
                         "properties":  {
                                            "facility_id":  "PAT-FAC-0019",
                                            "facility_name":  "L.B.Aparajita Hospital",
                                            "facility_type":  "Hospital / Healthcare",
                                            "latitude":  25.618211,
                                            "longitude":  85.120914,
                                            "nearest_major_road":  "Ashok Rajpath",
                                            "distance_to_highway_m":  695,
                                            "distance_to_highway_km":  0.695,
                                            "buffer_zone":  "500m - 1000m (Intermediate Access)"
                                        },
                         "geometry":  {
                                          "type":  "Point",
                                          "coordinates":  [
                                                              85.120914,
                                                              25.618211
                                                          ]
                                      }
                     },
                     {
                         "type":  "Feature",
                         "properties":  {
                                            "facility_id":  "PAT-FAC-0020",
                                            "facility_name":  "Kumar Nursing Home, Patna",
                                            "facility_type":  "Hospital / Healthcare",
                                            "latitude":  25.617528,
                                            "longitude":  85.161146,
                                            "nearest_major_road":  "Ashok Raj Path",
                                            "distance_to_highway_m":  189.9,
                                            "distance_to_highway_km":  0.19,
                                            "buffer_zone":  "Within 500m (High Direct Access)"
                                        },
                         "geometry":  {
                                          "type":  "Point",
                                          "coordinates":  [
                                                              85.161146,
                                                              25.617528
                                                          ]
                                      }
                     },
                     {
                         "type":  "Feature",
                         "properties":  {
                                            "facility_id":  "PAT-FAC-0021",
                                            "facility_name":  "Kiran Nursing Home, Patna",
                                            "facility_type":  "Hospital / Healthcare",
                                            "latitude":  25.593588,
                                            "longitude":  85.151739,
                                            "nearest_major_road":  "NH Corridor (NH139)",
                                            "distance_to_highway_m":  1063.1,
                                            "distance_to_highway_km":  1.063,
                                            "buffer_zone":  "1000m - 2000m (Secondary Access)"
                                        },
                         "geometry":  {
                                          "type":  "Point",
                                          "coordinates":  [
                                                              85.151739,
                                                              25.593588
                                                          ]
                                      }
                     },
                     {
                         "type":  "Feature",
                         "properties":  {
                                            "facility_id":  "PAT-FAC-0022",
                                            "facility_name":  "Chakore Nursing Home",
                                            "facility_type":  "Hospital / Healthcare",
                                            "latitude":  25.605566,
                                            "longitude":  85.162724,
                                            "nearest_major_road":  "Kumhrar Road",
                                            "distance_to_highway_m":  368.4,
                                            "distance_to_highway_km":  0.368,
                                            "buffer_zone":  "Within 500m (High Direct Access)"
                                        },
                         "geometry":  {
                                          "type":  "Point",
                                          "coordinates":  [
                                                              85.162724,
                                                              25.605566
                                                          ]
                                      }
                     },
                     {
                         "type":  "Feature",
                         "properties":  {
                                            "facility_id":  "PAT-FAC-0023",
                                            "facility_name":  "Sri Jagannath Sewa Sadan",
                                            "facility_type":  "Hospital / Healthcare",
                                            "latitude":  25.595282,
                                            "longitude":  85.156516,
                                            "nearest_major_road":  "kankarbagh main road",
                                            "distance_to_highway_m":  837,
                                            "distance_to_highway_km":  0.837,
                                            "buffer_zone":  "500m - 1000m (Intermediate Access)"
                                        },
                         "geometry":  {
                                          "type":  "Point",
                                          "coordinates":  [
                                                              85.156516,
                                                              25.595282
                                                          ]
                                      }
                     },
                     {
                         "type":  "Feature",
                         "properties":  {
                                            "facility_id":  "PAT-FAC-0024",
                                            "facility_name":  "Sri Sai Lions Netralaya",
                                            "facility_type":  "Hospital / Healthcare",
                                            "latitude":  25.593073,
                                            "longitude":  85.152857,
                                            "nearest_major_road":  "NH Corridor (NH22)",
                                            "distance_to_highway_m":  998.3,
                                            "distance_to_highway_km":  0.998,
                                            "buffer_zone":  "500m - 1000m (Intermediate Access)"
                                        },
                         "geometry":  {
                                          "type":  "Point",
                                          "coordinates":  [
                                                              85.152857,
                                                              25.593073
                                                          ]
                                      }
                     },
                     {
                         "type":  "Feature",
                         "properties":  {
                                            "facility_id":  "PAT-FAC-0025",
                                            "facility_name":  "Sundari Devi Hospital",
                                            "facility_type":  "Hospital / Healthcare",
                                            "latitude":  25.59252,
                                            "longitude":  85.156794,
                                            "nearest_major_road":  "NH Corridor (NH22)",
                                            "distance_to_highway_m":  901.4,
                                            "distance_to_highway_km":  0.901,
                                            "buffer_zone":  "500m - 1000m (Intermediate Access)"
                                        },
                         "geometry":  {
                                          "type":  "Point",
                                          "coordinates":  [
                                                              85.156794,
                                                              25.59252
                                                          ]
                                      }
                     },
                     {
                         "type":  "Feature",
                         "properties":  {
                                            "facility_id":  "PAT-FAC-0026",
                                            "facility_name":  "Susruta Surgical Clinic",
                                            "facility_type":  "Hospital / Healthcare",
                                            "latitude":  25.610232,
                                            "longitude":  85.206266,
                                            "nearest_major_road":  "Ashok Raj Path",
                                            "distance_to_highway_m":  107.5,
                                            "distance_to_highway_km":  0.108,
                                            "buffer_zone":  "Within 500m (High Direct Access)"
                                        },
                         "geometry":  {
                                          "type":  "Point",
                                          "coordinates":  [
                                                              85.206266,
                                                              25.610232
                                                          ]
                                      }
                     },
                     {
                         "type":  "Feature",
                         "properties":  {
                                            "facility_id":  "PAT-FAC-0027",
                                            "facility_name":  "A.B. Eye Institute",
                                            "facility_type":  "Hospital / Healthcare",
                                            "latitude":  25.603868,
                                            "longitude":  85.166768,
                                            "nearest_major_road":  "Kankarbagh Main Road",
                                            "distance_to_highway_m":  219.3,
                                            "distance_to_highway_km":  0.219,
                                            "buffer_zone":  "Within 500m (High Direct Access)"
                                        },
                         "geometry":  {
                                          "type":  "Point",
                                          "coordinates":  [
                                                              85.166768,
                                                              25.603868
                                                          ]
                                      }
                     },
                     {
                         "type":  "Feature",
                         "properties":  {
                                            "facility_id":  "PAT-FAC-0028",
                                            "facility_name":  "Child Hospital",
                                            "facility_type":  "Hospital / Healthcare",
                                            "latitude":  25.613934,
                                            "longitude":  85.12997,
                                            "nearest_major_road":  "Bailey Road",
                                            "distance_to_highway_m":  303.6,
                                            "distance_to_highway_km":  0.304,
                                            "buffer_zone":  "Within 500m (High Direct Access)"
                                        },
                         "geometry":  {
                                          "type":  "Point",
                                          "coordinates":  [
                                                              85.12997,
                                                              25.613934
                                                          ]
                                      }
                     },
                     {
                         "type":  "Feature",
                         "properties":  {
                                            "facility_id":  "PAT-FAC-0029",
                                            "facility_name":  "Harsh Clinic",
                                            "facility_type":  "Hospital / Healthcare",
                                            "latitude":  25.622039,
                                            "longitude":  85.118673,
                                            "nearest_major_road":  "Ashok Rajpath",
                                            "distance_to_highway_m":  577.7,
                                            "distance_to_highway_km":  0.578,
                                            "buffer_zone":  "500m - 1000m (Intermediate Access)"
                                        },
                         "geometry":  {
                                          "type":  "Point",
                                          "coordinates":  [
                                                              85.118673,
                                                              25.622039
                                                          ]
                                      }
                     },
                     {
                         "type":  "Feature",
                         "properties":  {
                                            "facility_id":  "PAT-FAC-0030",
                                            "facility_name":  "Jeevak Shalya Nilayam",
                                            "facility_type":  "Hospital / Healthcare",
                                            "latitude":  25.620244,
                                            "longitude":  85.121657,
                                            "nearest_major_road":  "Ashok Rajpath",
                                            "distance_to_highway_m":  463.2,
                                            "distance_to_highway_km":  0.463,
                                            "buffer_zone":  "Within 500m (High Direct Access)"
                                        },
                         "geometry":  {
                                          "type":  "Point",
                                          "coordinates":  [
                                                              85.121657,
                                                              25.620244
                                                          ]
                                      }
                     },
                     {
                         "type":  "Feature",
                         "properties":  {
                                            "facility_id":  "PAT-FAC-0031",
                                            "facility_name":  "D N Singh Memorial Trust",
                                            "facility_type":  "Hospital / Healthcare",
                                            "latitude":  25.613093,
                                            "longitude":  85.11338,
                                            "nearest_major_road":  "Atal Path Flyover",
                                            "distance_to_highway_m":  65.7,
                                            "distance_to_highway_km":  0.066,
                                            "buffer_zone":  "Within 500m (High Direct Access)"
                                        },
                         "geometry":  {
                                          "type":  "Point",
                                          "coordinates":  [
                                                              85.11338,
                                                              25.613093
                                                          ]
                                      }
                     },
                     {
                         "type":  "Feature",
                         "properties":  {
                                            "facility_id":  "PAT-FAC-0032",
                                            "facility_name":  "Jyoti Punj Hospital",
                                            "facility_type":  "Hospital / Healthcare",
                                            "latitude":  25.614355,
                                            "longitude":  85.116208,
                                            "nearest_major_road":  "Atal Path Flyover",
                                            "distance_to_highway_m":  379,
                                            "distance_to_highway_km":  0.379,
                                            "buffer_zone":  "Within 500m (High Direct Access)"
                                        },
                         "geometry":  {
                                          "type":  "Point",
                                          "coordinates":  [
                                                              85.116208,
                                                              25.614355
                                                          ]
                                      }
                     },
                     {
                         "type":  "Feature",
                         "properties":  {
                                            "facility_id":  "PAT-FAC-0033",
                                            "facility_name":  "Sahaj Surgery",
                                            "facility_type":  "Hospital / Healthcare",
                                            "latitude":  25.601871,
                                            "longitude":  85.164751999999993,
                                            "nearest_major_road":  "Kumhrar Road",
                                            "distance_to_highway_m":  15.2,
                                            "distance_to_highway_km":  0.015,
                                            "buffer_zone":  "Within 500m (High Direct Access)"
                                        },
                         "geometry":  {
                                          "type":  "Point",
                                          "coordinates":  [
                                                              85.164751999999993,
                                                              25.601871
                                                          ]
                                      }
                     },
                     {
                         "type":  "Feature",
                         "properties":  {
                                            "facility_id":  "PAT-FAC-0034",
                                            "facility_name":  "Laxman Care Centre",
                                            "facility_type":  "Hospital / Healthcare",
                                            "latitude":  25.608238,
                                            "longitude":  85.155746,
                                            "nearest_major_road":  "NH Corridor (NH139)",
                                            "distance_to_highway_m":  584.1,
                                            "distance_to_highway_km":  0.584,
                                            "buffer_zone":  "500m - 1000m (Intermediate Access)"
                                        },
                         "geometry":  {
                                          "type":  "Point",
                                          "coordinates":  [
                                                              85.155746,
                                                              25.608238
                                                          ]
                                      }
                     },
                     {
                         "type":  "Feature",
                         "properties":  {
                                            "facility_id":  "PAT-FAC-0035",
                                            "facility_name":  "Srijan Centre For Assisted Human Reproduction",
                                            "facility_type":  "Hospital / Healthcare",
                                            "latitude":  25.595074,
                                            "longitude":  85.161305,
                                            "nearest_major_road":  "Kumhrar Road",
                                            "distance_to_highway_m":  792.7,
                                            "distance_to_highway_km":  0.793,
                                            "buffer_zone":  "500m - 1000m (Intermediate Access)"
                                        },
                         "geometry":  {
                                          "type":  "Point",
                                          "coordinates":  [
                                                              85.161305,
                                                              25.595074
                                                          ]
                                      }
                     },
                     {
                         "type":  "Feature",
                         "properties":  {
                                            "facility_id":  "PAT-FAC-0036",
                                            "facility_name":  "Ramwati Nursing Home",
                                            "facility_type":  "Hospital / Healthcare",
                                            "latitude":  25.605671,
                                            "longitude":  85.094643,
                                            "nearest_major_road":  "Bailey Road Flyover",
                                            "distance_to_highway_m":  144.2,
                                            "distance_to_highway_km":  0.144,
                                            "buffer_zone":  "Within 500m (High Direct Access)"
                                        },
                         "geometry":  {
                                          "type":  "Point",
                                          "coordinates":  [
                                                              85.094643,
                                                              25.605671
                                                          ]
                                      }
                     },
                     {
                         "type":  "Feature",
                         "properties":  {
                                            "facility_id":  "PAT-FAC-0037",
                                            "facility_name":  "Renu Eye Center",
                                            "facility_type":  "Hospital / Healthcare",
                                            "latitude":  25.61777,
                                            "longitude":  85.112898,
                                            "nearest_major_road":  "Atal Path Flyover",
                                            "distance_to_highway_m":  306,
                                            "distance_to_highway_km":  0.306,
                                            "buffer_zone":  "Within 500m (High Direct Access)"
                                        },
                         "geometry":  {
                                          "type":  "Point",
                                          "coordinates":  [
                                                              85.112898,
                                                              25.61777
                                                          ]
                                      }
                     },
                     {
                         "type":  "Feature",
                         "properties":  {
                                            "facility_id":  "PAT-FAC-0038",
                                            "facility_name":  "Patna Bone And Spine Hospital Pvt Ltd",
                                            "facility_type":  "Hospital / Healthcare",
                                            "latitude":  25.602038,
                                            "longitude":  85.158823,
                                            "nearest_major_road":  "Kumhrar Road",
                                            "distance_to_highway_m":  69.7,
                                            "distance_to_highway_km":  0.07,
                                            "buffer_zone":  "Within 500m (High Direct Access)"
                                        },
                         "geometry":  {
                                          "type":  "Point",
                                          "coordinates":  [
                                                              85.158823,
                                                              25.602038
                                                          ]
                                      }
                     },
                     {
                         "type":  "Feature",
                         "properties":  {
                                            "facility_id":  "PAT-FAC-0039",
                                            "facility_name":  "Ruban Emergency Hospital",
                                            "facility_type":  "Hospital / Healthcare",
                                            "latitude":  25.611925,
                                            "longitude":  85.140975,
                                            "nearest_major_road":  "Major City Arterial",
                                            "distance_to_highway_m":  56.1,
                                            "distance_to_highway_km":  0.056,
                                            "buffer_zone":  "Within 500m (High Direct Access)"
                                        },
                         "geometry":  {
                                          "type":  "Point",
                                          "coordinates":  [
                                                              85.140975,
                                                              25.611925
                                                          ]
                                      }
                     },
                     {
                         "type":  "Feature",
                         "properties":  {
                                            "facility_id":  "PAT-FAC-0040",
                                            "facility_name":  "Pramila Nursing Home, Patna",
                                            "facility_type":  "Hospital / Healthcare",
                                            "latitude":  25.598344,
                                            "longitude":  85.198457,
                                            "nearest_major_road":  "Flyover",
                                            "distance_to_highway_m":  110.9,
                                            "distance_to_highway_km":  0.111,
                                            "buffer_zone":  "Within 500m (High Direct Access)"
                                        },
                         "geometry":  {
                                          "type":  "Point",
                                          "coordinates":  [
                                                              85.198457,
                                                              25.598344
                                                          ]
                                      }
                     },
                     {
                         "type":  "Feature",
                         "properties":  {
                                            "facility_id":  "PAT-FAC-0041",
                                            "facility_name":  "R N Superspecility Hospital And Research Centre",
                                            "facility_type":  "Hospital / Healthcare",
                                            "latitude":  25.604188,
                                            "longitude":  85.076526,
                                            "nearest_major_road":  "Bailey Road Flyover",
                                            "distance_to_highway_m":  171.9,
                                            "distance_to_highway_km":  0.172,
                                            "buffer_zone":  "Within 500m (High Direct Access)"
                                        },
                         "geometry":  {
                                          "type":  "Point",
                                          "coordinates":  [
                                                              85.076526,
                                                              25.604188
                                                          ]
                                      }
                     },
                     {
                         "type":  "Feature",
                         "properties":  {
                                            "facility_id":  "PAT-FAC-0042",
                                            "facility_name":  "Rajendra Memorial Research Institute of Medical Sciences",
                                            "facility_type":  "Hospital / Healthcare",
                                            "latitude":  25.59975,
                                            "longitude":  85.197518,
                                            "nearest_major_road":  "Flyover",
                                            "distance_to_highway_m":  160.3,
                                            "distance_to_highway_km":  0.16,
                                            "buffer_zone":  "Within 500m (High Direct Access)"
                                        },
                         "geometry":  {
                                          "type":  "Point",
                                          "coordinates":  [
                                                              85.197518,
                                                              25.59975
                                                          ]
                                      }
                     },
                     {
                         "type":  "Feature",
                         "properties":  {
                                            "facility_id":  "PAT-FAC-0043",
                                            "facility_name":  "Rajeshwar Hospital, Patna",
                                            "facility_type":  "Hospital / Healthcare",
                                            "latitude":  25.601275,
                                            "longitude":  85.168603,
                                            "nearest_major_road":  "Kumhrar Road",
                                            "distance_to_highway_m":  22,
                                            "distance_to_highway_km":  0.022,
                                            "buffer_zone":  "Within 500m (High Direct Access)"
                                        },
                         "geometry":  {
                                          "type":  "Point",
                                          "coordinates":  [
                                                              85.168603,
                                                              25.601275
                                                          ]
                                      }
                     },
                     {
                         "type":  "Feature",
                         "properties":  {
                                            "facility_id":  "PAT-FAC-0044",
                                            "facility_name":  "E N T Hospital and Research Centre",
                                            "facility_type":  "Hospital / Healthcare",
                                            "latitude":  25.600175,
                                            "longitude":  85.161965,
                                            "nearest_major_road":  "Kumhrar Road",
                                            "distance_to_highway_m":  224.2,
                                            "distance_to_highway_km":  0.224,
                                            "buffer_zone":  "Within 500m (High Direct Access)"
                                        },
                         "geometry":  {
                                          "type":  "Point",
                                          "coordinates":  [
                                                              85.161965,
                                                              25.600175
                                                          ]
                                      }
                     },
                     {
                         "type":  "Feature",
                         "properties":  {
                                            "facility_id":  "PAT-FAC-0045",
                                            "facility_name":  "Ishwar Dayal Memorial Hospital",
                                            "facility_type":  "Hospital / Healthcare",
                                            "latitude":  25.585069,
                                            "longitude":  85.161721,
                                            "nearest_major_road":  "NH Corridor (NH22)",
                                            "distance_to_highway_m":  35.7,
                                            "distance_to_highway_km":  0.036,
                                            "buffer_zone":  "Within 500m (High Direct Access)"
                                        },
                         "geometry":  {
                                          "type":  "Point",
                                          "coordinates":  [
                                                              85.161721,
                                                              25.585069
                                                          ]
                                      }
                     },
                     {
                         "type":  "Feature",
                         "properties":  {
                                            "facility_id":  "PAT-FAC-0046",
                                            "facility_name":  "Jagdamba Nursing Home, Patna",
                                            "facility_type":  "Hospital / Healthcare",
                                            "latitude":  25.6085,
                                            "longitude":  85.116431,
                                            "nearest_major_road":  "Patna Bypass / Expressway Corridor",
                                            "distance_to_highway_m":  40.2,
                                            "distance_to_highway_km":  0.04,
                                            "buffer_zone":  "Within 500m (High Direct Access)"
                                        },
                         "geometry":  {
                                          "type":  "Point",
                                          "coordinates":  [
                                                              85.116431,
                                                              25.6085
                                                          ]
                                      }
                     },
                     {
                         "type":  "Feature",
                         "properties":  {
                                            "facility_id":  "PAT-FAC-0047",
                                            "facility_name":  "Avadh Eye Hospital- Dr Arjun Kumar Singh",
                                            "facility_type":  "Hospital / Healthcare",
                                            "latitude":  25.60223,
                                            "longitude":  85.150048,
                                            "nearest_major_road":  "NH Corridor (NH139)",
                                            "distance_to_highway_m":  114.9,
                                            "distance_to_highway_km":  0.115,
                                            "buffer_zone":  "Within 500m (High Direct Access)"
                                        },
                         "geometry":  {
                                          "type":  "Point",
                                          "coordinates":  [
                                                              85.150048,
                                                              25.60223
                                                          ]
                                      }
                     },
                     {
                         "type":  "Feature",
                         "properties":  {
                                            "facility_id":  "PAT-FAC-0048",
                                            "facility_name":  "Patliputra Divine Hospital Pvt Ltd",
                                            "facility_type":  "Hospital / Healthcare",
                                            "latitude":  25.599094,
                                            "longitude":  85.163844,
                                            "nearest_major_road":  "Kumhrar Road",
                                            "distance_to_highway_m":  329.9,
                                            "distance_to_highway_km":  0.33,
                                            "buffer_zone":  "Within 500m (High Direct Access)"
                                        },
                         "geometry":  {
                                          "type":  "Point",
                                          "coordinates":  [
                                                              85.163844,
                                                              25.599094
                                                          ]
                                      }
                     },
                     {
                         "type":  "Feature",
                         "properties":  {
                                            "facility_id":  "PAT-FAC-0049",
                                            "facility_name":  "Netradham Eye Hospital",
                                            "facility_type":  "Hospital / Healthcare",
                                            "latitude":  25.611292,
                                            "longitude":  85.115858,
                                            "nearest_major_road":  "Atal Path",
                                            "distance_to_highway_m":  170.2,
                                            "distance_to_highway_km":  0.17,
                                            "buffer_zone":  "Within 500m (High Direct Access)"
                                        },
                         "geometry":  {
                                          "type":  "Point",
                                          "coordinates":  [
                                                              85.115858,
                                                              25.611292
                                                          ]
                                      }
                     },
                     {
                         "type":  "Feature",
                         "properties":  {
                                            "facility_id":  "PAT-FAC-0050",
                                            "facility_name":  "Popular Nursing Home, Patna",
                                            "facility_type":  "Hospital / Healthcare",
                                            "latitude":  25.618389,
                                            "longitude":  85.163966,
                                            "nearest_major_road":  "Ashok Raj Path",
                                            "distance_to_highway_m":  47.2,
                                            "distance_to_highway_km":  0.047,
                                            "buffer_zone":  "Within 500m (High Direct Access)"
                                        },
                         "geometry":  {
                                          "type":  "Point",
                                          "coordinates":  [
                                                              85.163966,
                                                              25.618389
                                                          ]
                                      }
                     },
                     {
                         "type":  "Feature",
                         "properties":  {
                                            "facility_id":  "PAT-FAC-0051",
                                            "facility_name":  "Prakash Hospital, Patna",
                                            "facility_type":  "Hospital / Healthcare",
                                            "latitude":  25.600428,
                                            "longitude":  85.14707,
                                            "nearest_major_road":  "Chiriya Taar overbridge",
                                            "distance_to_highway_m":  288.8,
                                            "distance_to_highway_km":  0.289,
                                            "buffer_zone":  "Within 500m (High Direct Access)"
                                        },
                         "geometry":  {
                                          "type":  "Point",
                                          "coordinates":  [
                                                              85.14707,
                                                              25.600428
                                                          ]
                                      }
                     },
                     {
                         "type":  "Feature",
                         "properties":  {
                                            "facility_id":  "PAT-FAC-0052",
                                            "facility_name":  "Mahavir Vaatsalya Aspatal",
                                            "facility_type":  "Hospital / Healthcare",
                                            "latitude":  25.630388,
                                            "longitude":  85.117479,
                                            "nearest_major_road":  "Ashok Rajpath",
                                            "distance_to_highway_m":  103.4,
                                            "distance_to_highway_km":  0.103,
                                            "buffer_zone":  "Within 500m (High Direct Access)"
                                        },
                         "geometry":  {
                                          "type":  "Point",
                                          "coordinates":  [
                                                              85.117479,
                                                              25.630388
                                                          ]
                                      }
                     },
                     {
                         "type":  "Feature",
                         "properties":  {
                                            "facility_id":  "PAT-FAC-0053",
                                            "facility_name":  "Ford Hospital",
                                            "facility_type":  "Hospital / Healthcare",
                                            "latitude":  25.584241,
                                            "longitude":  85.163022,
                                            "nearest_major_road":  "NH Corridor (NH22)",
                                            "distance_to_highway_m":  58.4,
                                            "distance_to_highway_km":  0.058,
                                            "buffer_zone":  "Within 500m (High Direct Access)"
                                        },
                         "geometry":  {
                                          "type":  "Point",
                                          "coordinates":  [
                                                              85.163022,
                                                              25.584241
                                                          ]
                                      }
                     },
                     {
                         "type":  "Feature",
                         "properties":  {
                                            "facility_id":  "PAT-FAC-0054",
                                            "facility_name":  "Hope Child Care and Research Centre",
                                            "facility_type":  "Hospital / Healthcare",
                                            "latitude":  25.597152,
                                            "longitude":  85.159757,
                                            "nearest_major_road":  "Kumhrar Road",
                                            "distance_to_highway_m":  581.4,
                                            "distance_to_highway_km":  0.581,
                                            "buffer_zone":  "500m - 1000m (Intermediate Access)"
                                        },
                         "geometry":  {
                                          "type":  "Point",
                                          "coordinates":  [
                                                              85.159757,
                                                              25.597152
                                                          ]
                                      }
                     },
                     {
                         "type":  "Feature",
                         "properties":  {
                                            "facility_id":  "PAT-FAC-0055",
                                            "facility_name":  "Heart Hospital, Patna",
                                            "facility_type":  "Hospital / Healthcare",
                                            "latitude":  25.599999,
                                            "longitude":  85.159602,
                                            "nearest_major_road":  "Kumhrar Road",
                                            "distance_to_highway_m":  273.5,
                                            "distance_to_highway_km":  0.273,
                                            "buffer_zone":  "Within 500m (High Direct Access)"
                                        },
                         "geometry":  {
                                          "type":  "Point",
                                          "coordinates":  [
                                                              85.159602,
                                                              25.599999
                                                          ]
                                      }
                     },
                     {
                         "type":  "Feature",
                         "properties":  {
                                            "facility_id":  "PAT-FAC-0056",
                                            "facility_name":  "I Care Eye Hospital and Research Centre",
                                            "facility_type":  "Hospital / Healthcare",
                                            "latitude":  25.598205,
                                            "longitude":  85.179887,
                                            "nearest_major_road":  "Kumhrar Road",
                                            "distance_to_highway_m":  288.2,
                                            "distance_to_highway_km":  0.288,
                                            "buffer_zone":  "Within 500m (High Direct Access)"
                                        },
                         "geometry":  {
                                          "type":  "Point",
                                          "coordinates":  [
                                                              85.179887,
                                                              25.598205
                                                          ]
                                      }
                     },
                     {
                         "type":  "Feature",
                         "properties":  {
                                            "facility_id":  "PAT-FAC-0057",
                                            "facility_name":  "Chand Memorial Hospital",
                                            "facility_type":  "Hospital / Healthcare",
                                            "latitude":  25.628023,
                                            "longitude":  85.105107,
                                            "nearest_major_road":  "Atal Path Flyover",
                                            "distance_to_highway_m":  250.8,
                                            "distance_to_highway_km":  0.251,
                                            "buffer_zone":  "Within 500m (High Direct Access)"
                                        },
                         "geometry":  {
                                          "type":  "Point",
                                          "coordinates":  [
                                                              85.105107,
                                                              25.628023
                                                          ]
                                      }
                     },
                     {
                         "type":  "Feature",
                         "properties":  {
                                            "facility_id":  "PAT-FAC-0058",
                                            "facility_name":  "Sahyog Hospital, Patna",
                                            "facility_type":  "Hospital / Healthcare",
                                            "latitude":  25.629098,
                                            "longitude":  85.108265,
                                            "nearest_major_road":  "Atal Path Flyover",
                                            "distance_to_highway_m":  581.8,
                                            "distance_to_highway_km":  0.582,
                                            "buffer_zone":  "500m - 1000m (Intermediate Access)"
                                        },
                         "geometry":  {
                                          "type":  "Point",
                                          "coordinates":  [
                                                              85.108265,
                                                              25.629098
                                                          ]
                                      }
                     },
                     {
                         "type":  "Feature",
                         "properties":  {
                                            "facility_id":  "PAT-FAC-0059",
                                            "facility_name":  "Narain Nursing Home",
                                            "facility_type":  "Hospital / Healthcare",
                                            "latitude":  25.625858,
                                            "longitude":  85.11335,
                                            "nearest_major_road":  "Ashok Rajpath",
                                            "distance_to_highway_m":  747.1,
                                            "distance_to_highway_km":  0.747,
                                            "buffer_zone":  "500m - 1000m (Intermediate Access)"
                                        },
                         "geometry":  {
                                          "type":  "Point",
                                          "coordinates":  [
                                                              85.11335,
                                                              25.625858
                                                          ]
                                      }
                     },
                     {
                         "type":  "Feature",
                         "properties":  {
                                            "facility_id":  "PAT-FAC-0060",
                                            "facility_name":  "Jagdish Memorial Hospital",
                                            "facility_type":  "Hospital / Healthcare",
                                            "latitude":  25.598988,
                                            "longitude":  85.157278,
                                            "nearest_major_road":  "kankarbagh main road",
                                            "distance_to_highway_m":  425.3,
                                            "distance_to_highway_km":  0.425,
                                            "buffer_zone":  "Within 500m (High Direct Access)"
                                        },
                         "geometry":  {
                                          "type":  "Point",
                                          "coordinates":  [
                                                              85.157278,
                                                              25.598988
                                                          ]
                                      }
                     },
                     {
                         "type":  "Feature",
                         "properties":  {
                                            "facility_id":  "PAT-FAC-0061",
                                            "facility_name":  "K. B. Surgical Clinic",
                                            "facility_type":  "Hospital / Healthcare",
                                            "latitude":  25.611272,
                                            "longitude":  85.114654,
                                            "nearest_major_road":  "Atal Path",
                                            "distance_to_highway_m":  65.4,
                                            "distance_to_highway_km":  0.065,
                                            "buffer_zone":  "Within 500m (High Direct Access)"
                                        },
                         "geometry":  {
                                          "type":  "Point",
                                          "coordinates":  [
                                                              85.114654,
                                                              25.611272
                                                          ]
                                      }
                     },
                     {
                         "type":  "Feature",
                         "properties":  {
                                            "facility_id":  "PAT-FAC-0062",
                                            "facility_name":  "Life Care Maternity Home",
                                            "facility_type":  "Hospital / Healthcare",
                                            "latitude":  25.573979,
                                            "longitude":  85.069177,
                                            "nearest_major_road":  "NH Corridor (NH139)",
                                            "distance_to_highway_m":  287.1,
                                            "distance_to_highway_km":  0.287,
                                            "buffer_zone":  "Within 500m (High Direct Access)"
                                        },
                         "geometry":  {
                                          "type":  "Point",
                                          "coordinates":  [
                                                              85.069177,
                                                              25.573979
                                                          ]
                                      }
                     },
                     {
                         "type":  "Feature",
                         "properties":  {
                                            "facility_id":  "PAT-FAC-0063",
                                            "facility_name":  "Manav Orthopaedic Clinic And Maternity Home",
                                            "facility_type":  "Hospital / Healthcare",
                                            "latitude":  25.593287,
                                            "longitude":  85.172968,
                                            "nearest_major_road":  "Kumhrar Road",
                                            "distance_to_highway_m":  874.6,
                                            "distance_to_highway_km":  0.875,
                                            "buffer_zone":  "500m - 1000m (Intermediate Access)"
                                        },
                         "geometry":  {
                                          "type":  "Point",
                                          "coordinates":  [
                                                              85.172968,
                                                              25.593287
                                                          ]
                                      }
                     },
                     {
                         "type":  "Feature",
                         "properties":  {
                                            "facility_id":  "PAT-FAC-0064",
                                            "facility_name":  "Manas Nursing Home, Patna",
                                            "facility_type":  "Hospital / Healthcare",
                                            "latitude":  25.598678,
                                            "longitude":  85.156028,
                                            "nearest_major_road":  "kankarbagh main road",
                                            "distance_to_highway_m":  462.4,
                                            "distance_to_highway_km":  0.462,
                                            "buffer_zone":  "Within 500m (High Direct Access)"
                                        },
                         "geometry":  {
                                          "type":  "Point",
                                          "coordinates":  [
                                                              85.156028,
                                                              25.598678
                                                          ]
                                      }
                     },
                     {
                         "type":  "Feature",
                         "properties":  {
                                            "facility_id":  "PAT-FAC-0065",
                                            "facility_name":  "Om Nursing Home, Patna",
                                            "facility_type":  "Hospital / Healthcare",
                                            "latitude":  25.57815,
                                            "longitude":  85.14196,
                                            "nearest_major_road":  "NH Corridor (NH22)",
                                            "distance_to_highway_m":  655.7,
                                            "distance_to_highway_km":  0.656,
                                            "buffer_zone":  "500m - 1000m (Intermediate Access)"
                                        },
                         "geometry":  {
                                          "type":  "Point",
                                          "coordinates":  [
                                                              85.14196,
                                                              25.57815
                                                          ]
                                      }
                     },
                     {
                         "type":  "Feature",
                         "properties":  {
                                            "facility_id":  "PAT-FAC-0066",
                                            "facility_name":  "Maulana Sajjad Memorial Hospital",
                                            "facility_type":  "Hospital / Healthcare",
                                            "latitude":  25.578182,
                                            "longitude":  85.07211,
                                            "nearest_major_road":  "NH Corridor (NH139)",
                                            "distance_to_highway_m":  22.7,
                                            "distance_to_highway_km":  0.023,
                                            "buffer_zone":  "Within 500m (High Direct Access)"
                                        },
                         "geometry":  {
                                          "type":  "Point",
                                          "coordinates":  [
                                                              85.07211,
                                                              25.578182
                                                          ]
                                      }
                     },
                     {
                         "type":  "Feature",
                         "properties":  {
                                            "facility_id":  "PAT-FAC-0067",
                                            "facility_name":  "New Born Care Centre (P) Ltd",
                                            "facility_type":  "Hospital / Healthcare",
                                            "latitude":  25.608789,
                                            "longitude":  85.159452,
                                            "nearest_major_road":  "Kumhrar Road",
                                            "distance_to_highway_m":  663.9,
                                            "distance_to_highway_km":  0.664,
                                            "buffer_zone":  "500m - 1000m (Intermediate Access)"
                                        },
                         "geometry":  {
                                          "type":  "Point",
                                          "coordinates":  [
                                                              85.159452,
                                                              25.608789
                                                          ]
                                      }
                     },
                     {
                         "type":  "Feature",
                         "properties":  {
                                            "facility_id":  "PAT-FAC-0068",
                                            "facility_name":  "Manokamna Health Care",
                                            "facility_type":  "Hospital / Healthcare",
                                            "latitude":  25.598934,
                                            "longitude":  85.227351,
                                            "nearest_major_road":  "Ashok Raj Path",
                                            "distance_to_highway_m":  47.4,
                                            "distance_to_highway_km":  0.047,
                                            "buffer_zone":  "Within 500m (High Direct Access)"
                                        },
                         "geometry":  {
                                          "type":  "Point",
                                          "coordinates":  [
                                                              85.227351,
                                                              25.598934
                                                          ]
                                      }
                     },
                     {
                         "type":  "Feature",
                         "properties":  {
                                            "facility_id":  "PAT-FAC-0069",
                                            "facility_name":  "Om Eye Clinic and Phaco Centre - Patna",
                                            "facility_type":  "Hospital / Healthcare",
                                            "latitude":  25.594575,
                                            "longitude":  85.148206,
                                            "nearest_major_road":  "Chiriya Taar overbridge",
                                            "distance_to_highway_m":  946.6,
                                            "distance_to_highway_km":  0.947,
                                            "buffer_zone":  "500m - 1000m (Intermediate Access)"
                                        },
                         "geometry":  {
                                          "type":  "Point",
                                          "coordinates":  [
                                                              85.148206,
                                                              25.594575
                                                          ]
                                      }
                     },
                     {
                         "type":  "Feature",
                         "properties":  {
                                            "facility_id":  "PAT-FAC-0070",
                                            "facility_name":  "Nav Sharda Aspatal Pvt Ltd",
                                            "facility_type":  "Hospital / Healthcare",
                                            "latitude":  25.593376,
                                            "longitude":  85.1562,
                                            "nearest_major_road":  "Patna Bypass / Expressway Corridor",
                                            "distance_to_highway_m":  998.5,
                                            "distance_to_highway_km":  0.998,
                                            "buffer_zone":  "500m - 1000m (Intermediate Access)"
                                        },
                         "geometry":  {
                                          "type":  "Point",
                                          "coordinates":  [
                                                              85.1562,
                                                              25.593376
                                                          ]
                                      }
                     },
                     {
                         "type":  "Feature",
                         "properties":  {
                                            "facility_id":  "PAT-FAC-0071",
                                            "facility_name":  "Shubham Maternity Centre",
                                            "facility_type":  "Hospital / Healthcare",
                                            "latitude":  25.590605,
                                            "longitude":  85.159551,
                                            "nearest_major_road":  "NH Corridor (NH22)",
                                            "distance_to_highway_m":  666,
                                            "distance_to_highway_km":  0.666,
                                            "buffer_zone":  "500m - 1000m (Intermediate Access)"
                                        },
                         "geometry":  {
                                          "type":  "Point",
                                          "coordinates":  [
                                                              85.159551,
                                                              25.590605
                                                          ]
                                      }
                     },
                     {
                         "type":  "Feature",
                         "properties":  {
                                            "facility_id":  "PAT-FAC-0072",
                                            "facility_name":  "Max Care Hospital And Research Institute Pvt. Ltd.",
                                            "facility_type":  "Hospital / Healthcare",
                                            "latitude":  25.609581,
                                            "longitude":  85.091432,
                                            "nearest_major_road":  "Bailey Road Flyover",
                                            "distance_to_highway_m":  560.6,
                                            "distance_to_highway_km":  0.561,
                                            "buffer_zone":  "500m - 1000m (Intermediate Access)"
                                        },
                         "geometry":  {
                                          "type":  "Point",
                                          "coordinates":  [
                                                              85.091432,
                                                              25.609581
                                                          ]
                                      }
                     },
                     {
                         "type":  "Feature",
                         "properties":  {
                                            "facility_id":  "PAT-FAC-0073",
                                            "facility_name":  "Ashutosh Memorial Hospital",
                                            "facility_type":  "Hospital / Healthcare",
                                            "latitude":  25.588128,
                                            "longitude":  85.054514,
                                            "nearest_major_road":  "Neora Road",
                                            "distance_to_highway_m":  504.3,
                                            "distance_to_highway_km":  0.504,
                                            "buffer_zone":  "500m - 1000m (Intermediate Access)"
                                        },
                         "geometry":  {
                                          "type":  "Point",
                                          "coordinates":  [
                                                              85.054514,
                                                              25.588128
                                                          ]
                                      }
                     },
                     {
                         "type":  "Feature",
                         "properties":  {
                                            "facility_id":  "PAT-FAC-0074",
                                            "facility_name":  "Apollo Trauma Centre",
                                            "facility_type":  "Hospital / Healthcare",
                                            "latitude":  25.600293,
                                            "longitude":  85.156119,
                                            "nearest_major_road":  "kankarbagh main road",
                                            "distance_to_highway_m":  283.2,
                                            "distance_to_highway_km":  0.283,
                                            "buffer_zone":  "Within 500m (High Direct Access)"
                                        },
                         "geometry":  {
                                          "type":  "Point",
                                          "coordinates":  [
                                                              85.156119,
                                                              25.600293
                                                          ]
                                      }
                     },
                     {
                         "type":  "Feature",
                         "properties":  {
                                            "facility_id":  "PAT-FAC-0075",
                                            "facility_name":  "Chanakya Hospital",
                                            "facility_type":  "Hospital / Healthcare",
                                            "latitude":  25.60002,
                                            "longitude":  85.159961,
                                            "nearest_major_road":  "Kumhrar Road",
                                            "distance_to_highway_m":  264.7,
                                            "distance_to_highway_km":  0.265,
                                            "buffer_zone":  "Within 500m (High Direct Access)"
                                        },
                         "geometry":  {
                                          "type":  "Point",
                                          "coordinates":  [
                                                              85.159961,
                                                              25.60002
                                                          ]
                                      }
                     },
                     {
                         "type":  "Feature",
                         "properties":  {
                                            "facility_id":  "PAT-FAC-0076",
                                            "facility_name":  "Adarsh Life Care Hospital Pvt. Ltd",
                                            "facility_type":  "Hospital / Healthcare",
                                            "latitude":  25.586188,
                                            "longitude":  85.158292,
                                            "nearest_major_road":  "NH Corridor (NH22)",
                                            "distance_to_highway_m":  188.7,
                                            "distance_to_highway_km":  0.189,
                                            "buffer_zone":  "Within 500m (High Direct Access)"
                                        },
                         "geometry":  {
                                          "type":  "Point",
                                          "coordinates":  [
                                                              85.158292,
                                                              25.586188
                                                          ]
                                      }
                     },
                     {
                         "type":  "Feature",
                         "properties":  {
                                            "facility_id":  "PAT-FAC-0077",
                                            "facility_name":  "Drishti Eye Care And Research Centre",
                                            "facility_type":  "Hospital / Healthcare",
                                            "latitude":  25.599895,
                                            "longitude":  85.16058,
                                            "nearest_major_road":  "Kumhrar Road",
                                            "distance_to_highway_m":  269.5,
                                            "distance_to_highway_km":  0.27,
                                            "buffer_zone":  "Within 500m (High Direct Access)"
                                        },
                         "geometry":  {
                                          "type":  "Point",
                                          "coordinates":  [
                                                              85.16058,
                                                              25.599895
                                                          ]
                                      }
                     },
                     {
                         "type":  "Feature",
                         "properties":  {
                                            "facility_id":  "PAT-FAC-0078",
                                            "facility_name":  "Dr. Vimal Hospital and Research Center",
                                            "facility_type":  "Hospital / Healthcare",
                                            "latitude":  25.620163,
                                            "longitude":  85.043337,
                                            "nearest_major_road":  "NH Corridor (NH922)",
                                            "distance_to_highway_m":  144.3,
                                            "distance_to_highway_km":  0.144,
                                            "buffer_zone":  "Within 500m (High Direct Access)"
                                        },
                         "geometry":  {
                                          "type":  "Point",
                                          "coordinates":  [
                                                              85.043337,
                                                              25.620163
                                                          ]
                                      }
                     },
                     {
                         "type":  "Feature",
                         "properties":  {
                                            "facility_id":  "PAT-FAC-0079",
                                            "facility_name":  "Swasti Womens Hospital And Research Centre",
                                            "facility_type":  "Hospital / Healthcare",
                                            "latitude":  25.594269,
                                            "longitude":  85.159382,
                                            "nearest_major_road":  "Kumhrar Road",
                                            "distance_to_highway_m":  902.8,
                                            "distance_to_highway_km":  0.903,
                                            "buffer_zone":  "500m - 1000m (Intermediate Access)"
                                        },
                         "geometry":  {
                                          "type":  "Point",
                                          "coordinates":  [
                                                              85.159382,
                                                              25.594269
                                                          ]
                                      }
                     },
                     {
                         "type":  "Feature",
                         "properties":  {
                                            "facility_id":  "PAT-FAC-0080",
                                            "facility_name":  "Shivam Hospital And Research Institute Pvt Ltd",
                                            "facility_type":  "Hospital / Healthcare",
                                            "latitude":  25.595127,
                                            "longitude":  85.161464,
                                            "nearest_major_road":  "Kumhrar Road",
                                            "distance_to_highway_m":  785.7,
                                            "distance_to_highway_km":  0.786,
                                            "buffer_zone":  "500m - 1000m (Intermediate Access)"
                                        },
                         "geometry":  {
                                          "type":  "Point",
                                          "coordinates":  [
                                                              85.161464,
                                                              25.595127
                                                          ]
                                      }
                     },
                     {
                         "type":  "Feature",
                         "properties":  {
                                            "facility_id":  "PAT-FAC-0081",
                                            "facility_name":  "New Kumar Nursing Home",
                                            "facility_type":  "Hospital / Healthcare",
                                            "latitude":  25.590732,
                                            "longitude":  85.145329,
                                            "nearest_major_road":  "NH Corridor (NH22)",
                                            "distance_to_highway_m":  759.8,
                                            "distance_to_highway_km":  0.76,
                                            "buffer_zone":  "500m - 1000m (Intermediate Access)"
                                        },
                         "geometry":  {
                                          "type":  "Point",
                                          "coordinates":  [
                                                              85.145329,
                                                              25.590732
                                                          ]
                                      }
                     },
                     {
                         "type":  "Feature",
                         "properties":  {
                                            "facility_id":  "PAT-FAC-0082",
                                            "facility_name":  "R.P. Golwara Memorial Hospital",
                                            "facility_type":  "Hospital / Healthcare",
                                            "latitude":  25.598169,
                                            "longitude":  85.227336,
                                            "nearest_major_road":  "Ashok Raj Path",
                                            "distance_to_highway_m":  21.4,
                                            "distance_to_highway_km":  0.021,
                                            "buffer_zone":  "Within 500m (High Direct Access)"
                                        },
                         "geometry":  {
                                          "type":  "Point",
                                          "coordinates":  [
                                                              85.227336,
                                                              25.598169
                                                          ]
                                      }
                     },
                     {
                         "type":  "Feature",
                         "properties":  {
                                            "facility_id":  "PAT-FAC-0083",
                                            "facility_name":  "Child Care Center",
                                            "facility_type":  "Hospital / Healthcare",
                                            "latitude":  25.593892,
                                            "longitude":  85.15859,
                                            "nearest_major_road":  "Kumhrar Road",
                                            "distance_to_highway_m":  957.4,
                                            "distance_to_highway_km":  0.957,
                                            "buffer_zone":  "500m - 1000m (Intermediate Access)"
                                        },
                         "geometry":  {
                                          "type":  "Point",
                                          "coordinates":  [
                                                              85.15859,
                                                              25.593892
                                                          ]
                                      }
                     },
                     {
                         "type":  "Feature",
                         "properties":  {
                                            "facility_id":  "PAT-FAC-0084",
                                            "facility_name":  "Shanti Navjeevan Hospital Pvt. Ltd.",
                                            "facility_type":  "Hospital / Healthcare",
                                            "latitude":  25.587457,
                                            "longitude":  85.167698,
                                            "nearest_major_road":  "NH Corridor (NH22)",
                                            "distance_to_highway_m":  244.1,
                                            "distance_to_highway_km":  0.244,
                                            "buffer_zone":  "Within 500m (High Direct Access)"
                                        },
                         "geometry":  {
                                          "type":  "Point",
                                          "coordinates":  [
                                                              85.167698,
                                                              25.587457
                                                          ]
                                      }
                     },
                     {
                         "type":  "Feature",
                         "properties":  {
                                            "facility_id":  "PAT-FAC-0085",
                                            "facility_name":  "CHANDRA ORTHOPAEDIC CLINIC",
                                            "facility_type":  "Hospital / Healthcare",
                                            "latitude":  25.605013,
                                            "longitude":  85.170452,
                                            "nearest_major_road":  "Kumhrar Road",
                                            "distance_to_highway_m":  389.2,
                                            "distance_to_highway_km":  0.389,
                                            "buffer_zone":  "Within 500m (High Direct Access)"
                                        },
                         "geometry":  {
                                          "type":  "Point",
                                          "coordinates":  [
                                                              85.170452,
                                                              25.605013
                                                          ]
                                      }
                     },
                     {
                         "type":  "Feature",
                         "properties":  {
                                            "facility_id":  "PAT-FAC-0086",
                                            "facility_name":  "Bilas Netralaya",
                                            "facility_type":  "Hospital / Healthcare",
                                            "latitude":  25.607885,
                                            "longitude":  85.151769,
                                            "nearest_major_road":  "NH Corridor (NH139)",
                                            "distance_to_highway_m":  496.7,
                                            "distance_to_highway_km":  0.497,
                                            "buffer_zone":  "Within 500m (High Direct Access)"
                                        },
                         "geometry":  {
                                          "type":  "Point",
                                          "coordinates":  [
                                                              85.151769,
                                                              25.607885
                                                          ]
                                      }
                     },
                     {
                         "type":  "Feature",
                         "properties":  {
                                            "facility_id":  "PAT-FAC-0087",
                                            "facility_name":  "K.B. Hospital and Research Institute - Patna",
                                            "facility_type":  "Hospital / Healthcare",
                                            "latitude":  25.575518,
                                            "longitude":  85.064891,
                                            "nearest_major_road":  "NH Corridor (NH139)",
                                            "distance_to_highway_m":  11.3,
                                            "distance_to_highway_km":  0.011,
                                            "buffer_zone":  "Within 500m (High Direct Access)"
                                        },
                         "geometry":  {
                                          "type":  "Point",
                                          "coordinates":  [
                                                              85.064891,
                                                              25.575518
                                                          ]
                                      }
                     },
                     {
                         "type":  "Feature",
                         "properties":  {
                                            "facility_id":  "PAT-FAC-0088",
                                            "facility_name":  "Uma Foundation",
                                            "facility_type":  "Hospital / Healthcare",
                                            "latitude":  25.596152,
                                            "longitude":  85.158,
                                            "nearest_major_road":  "Kumhrar Road",
                                            "distance_to_highway_m":  724.2,
                                            "distance_to_highway_km":  0.724,
                                            "buffer_zone":  "500m - 1000m (Intermediate Access)"
                                        },
                         "geometry":  {
                                          "type":  "Point",
                                          "coordinates":  [
                                                              85.158,
                                                              25.596152
                                                          ]
                                      }
                     },
                     {
                         "type":  "Feature",
                         "properties":  {
                                            "facility_id":  "PAT-FAC-0089",
                                            "facility_name":  "Shanti Maternity Centre",
                                            "facility_type":  "Hospital / Healthcare",
                                            "latitude":  25.606233,
                                            "longitude":  85.161104,
                                            "nearest_major_road":  "Kumhrar Road",
                                            "distance_to_highway_m":  423.5,
                                            "distance_to_highway_km":  0.423,
                                            "buffer_zone":  "Within 500m (High Direct Access)"
                                        },
                         "geometry":  {
                                          "type":  "Point",
                                          "coordinates":  [
                                                              85.161104,
                                                              25.606233
                                                          ]
                                      }
                     },
                     {
                         "type":  "Feature",
                         "properties":  {
                                            "facility_id":  "PAT-FAC-0090",
                                            "facility_name":  "Anupama Hospital Pvt. Ltd.",
                                            "facility_type":  "Hospital / Healthcare",
                                            "latitude":  25.618358,
                                            "longitude":  85.163065,
                                            "nearest_major_road":  "Ashok Raj Path",
                                            "distance_to_highway_m":  65.3,
                                            "distance_to_highway_km":  0.065,
                                            "buffer_zone":  "Within 500m (High Direct Access)"
                                        },
                         "geometry":  {
                                          "type":  "Point",
                                          "coordinates":  [
                                                              85.163065,
                                                              25.618358
                                                          ]
                                      }
                     },
                     {
                         "type":  "Feature",
                         "properties":  {
                                            "facility_id":  "PAT-FAC-0091",
                                            "facility_name":  "Vaishnavi Hospital, Patna",
                                            "facility_type":  "Hospital / Healthcare",
                                            "latitude":  25.594205,
                                            "longitude":  85.18813,
                                            "nearest_major_road":  "Chapra - Patna Highway",
                                            "distance_to_highway_m":  360.3,
                                            "distance_to_highway_km":  0.36,
                                            "buffer_zone":  "Within 500m (High Direct Access)"
                                        },
                         "geometry":  {
                                          "type":  "Point",
                                          "coordinates":  [
                                                              85.18813,
                                                              25.594205
                                                          ]
                                      }
                     },
                     {
                         "type":  "Feature",
                         "properties":  {
                                            "facility_id":  "PAT-FAC-0092",
                                            "facility_name":  "The Apollo Clinic, Patna",
                                            "facility_type":  "Hospital / Healthcare",
                                            "latitude":  25.601232,
                                            "longitude":  85.171072,
                                            "nearest_major_road":  "NH Corridor (NH139)",
                                            "distance_to_highway_m":  22,
                                            "distance_to_highway_km":  0.022,
                                            "buffer_zone":  "Within 500m (High Direct Access)"
                                        },
                         "geometry":  {
                                          "type":  "Point",
                                          "coordinates":  [
                                                              85.171072,
                                                              25.601232
                                                          ]
                                      }
                     },
                     {
                         "type":  "Feature",
                         "properties":  {
                                            "facility_id":  "PAT-FAC-0093",
                                            "facility_name":  "Brindavan Nursing Home",
                                            "facility_type":  "Hospital / Healthcare",
                                            "latitude":  25.612409,
                                            "longitude":  85.144296,
                                            "nearest_major_road":  "Fraser Road",
                                            "distance_to_highway_m":  323.2,
                                            "distance_to_highway_km":  0.323,
                                            "buffer_zone":  "Within 500m (High Direct Access)"
                                        },
                         "geometry":  {
                                          "type":  "Point",
                                          "coordinates":  [
                                                              85.144296,
                                                              25.612409
                                                          ]
                                      }
                     },
                     {
                         "type":  "Feature",
                         "properties":  {
                                            "facility_id":  "PAT-FAC-0094",
                                            "facility_name":  "Divya Drishti Eye Centre",
                                            "facility_type":  "Hospital / Healthcare",
                                            "latitude":  25.604991,
                                            "longitude":  85.088913,
                                            "nearest_major_road":  "Bailey Road Flyover",
                                            "distance_to_highway_m":  44,
                                            "distance_to_highway_km":  0.044,
                                            "buffer_zone":  "Within 500m (High Direct Access)"
                                        },
                         "geometry":  {
                                          "type":  "Point",
                                          "coordinates":  [
                                                              85.088913,
                                                              25.604991
                                                          ]
                                      }
                     },
                     {
                         "type":  "Feature",
                         "properties":  {
                                            "facility_id":  "PAT-FAC-0095",
                                            "facility_name":  "Polo Hospital, Patna",
                                            "facility_type":  "Hospital / Healthcare",
                                            "latitude":  25.602661,
                                            "longitude":  85.20961,
                                            "nearest_major_road":  "Ashok Raj Path",
                                            "distance_to_highway_m":  16.3,
                                            "distance_to_highway_km":  0.016,
                                            "buffer_zone":  "Within 500m (High Direct Access)"
                                        },
                         "geometry":  {
                                          "type":  "Point",
                                          "coordinates":  [
                                                              85.20961,
                                                              25.602661
                                                          ]
                                      }
                     },
                     {
                         "type":  "Feature",
                         "properties":  {
                                            "facility_id":  "PAT-FAC-0096",
                                            "facility_name":  "Sheila Urology \u0026 Laproscopy Centre",
                                            "facility_type":  "Hospital / Healthcare",
                                            "latitude":  25.615607,
                                            "longitude":  85.126797,
                                            "nearest_major_road":  "Bailey Road",
                                            "distance_to_highway_m":  543.5,
                                            "distance_to_highway_km":  0.543,
                                            "buffer_zone":  "500m - 1000m (Intermediate Access)"
                                        },
                         "geometry":  {
                                          "type":  "Point",
                                          "coordinates":  [
                                                              85.126797,
                                                              25.615607
                                                          ]
                                      }
                     },
                     {
                         "type":  "Feature",
                         "properties":  {
                                            "facility_id":  "PAT-FAC-0097",
                                            "facility_name":  "P.K.Nursing Home Awam Maternity Centre",
                                            "facility_type":  "Hospital / Healthcare",
                                            "latitude":  25.585964,
                                            "longitude":  85.129389,
                                            "nearest_major_road":  "Flyover",
                                            "distance_to_highway_m":  147.9,
                                            "distance_to_highway_km":  0.148,
                                            "buffer_zone":  "Within 500m (High Direct Access)"
                                        },
                         "geometry":  {
                                          "type":  "Point",
                                          "coordinates":  [
                                                              85.129389,
                                                              25.585964
                                                          ]
                                      }
                     },
                     {
                         "type":  "Feature",
                         "properties":  {
                                            "facility_id":  "PAT-FAC-0098",
                                            "facility_name":  "Shri Harijeevan Health Care",
                                            "facility_type":  "Hospital / Healthcare",
                                            "latitude":  25.601608,
                                            "longitude":  85.214704,
                                            "nearest_major_road":  "Ashok Raj Path",
                                            "distance_to_highway_m":  16.2,
                                            "distance_to_highway_km":  0.016,
                                            "buffer_zone":  "Within 500m (High Direct Access)"
                                        },
                         "geometry":  {
                                          "type":  "Point",
                                          "coordinates":  [
                                                              85.214704,
                                                              25.601608
                                                          ]
                                      }
                     },
                     {
                         "type":  "Feature",
                         "properties":  {
                                            "facility_id":  "PAT-FAC-0099",
                                            "facility_name":  "Siddiqui Nursing Home and M.R.C. Pvt. Ltd.",
                                            "facility_type":  "Hospital / Healthcare",
                                            "latitude":  25.617818,
                                            "longitude":  85.15035,
                                            "nearest_major_road":  "Ashok Raj Path",
                                            "distance_to_highway_m":  113,
                                            "distance_to_highway_km":  0.113,
                                            "buffer_zone":  "Within 500m (High Direct Access)"
                                        },
                         "geometry":  {
                                          "type":  "Point",
                                          "coordinates":  [
                                                              85.15035,
                                                              25.617818
                                                          ]
                                      }
                     },
                     {
                         "type":  "Feature",
                         "properties":  {
                                            "facility_id":  "PAT-FAC-0100",
                                            "facility_name":  "S.S.Hospital and Research Centre Pvt.Ltd.",
                                            "facility_type":  "Hospital / Healthcare",
                                            "latitude":  25.590728,
                                            "longitude":  85.156653,
                                            "nearest_major_road":  "NH Corridor (NH22)",
                                            "distance_to_highway_m":  705.2,
                                            "distance_to_highway_km":  0.705,
                                            "buffer_zone":  "500m - 1000m (Intermediate Access)"
                                        },
                         "geometry":  {
                                          "type":  "Point",
                                          "coordinates":  [
                                                              85.156653,
                                                              25.590728
                                                          ]
                                      }
                     },
                     {
                         "type":  "Feature",
                         "properties":  {
                                            "facility_id":  "PAT-FAC-0101",
                                            "facility_name":  "Shyamal Hospital",
                                            "facility_type":  "Hospital / Healthcare",
                                            "latitude":  25.613032,
                                            "longitude":  85.07548,
                                            "nearest_major_road":  "Bailey Road Flyover",
                                            "distance_to_highway_m":  781.3,
                                            "distance_to_highway_km":  0.781,
                                            "buffer_zone":  "500m - 1000m (Intermediate Access)"
                                        },
                         "geometry":  {
                                          "type":  "Point",
                                          "coordinates":  [
                                                              85.07548,
                                                              25.613032
                                                          ]
                                      }
                     },
                     {
                         "type":  "Feature",
                         "properties":  {
                                            "facility_id":  "PAT-FAC-0102",
                                            "facility_name":  "Sri Ram Hospital",
                                            "facility_type":  "Hospital / Healthcare",
                                            "latitude":  25.60002,
                                            "longitude":  85.154396,
                                            "nearest_major_road":  "kankarbagh main road",
                                            "distance_to_highway_m":  325.3,
                                            "distance_to_highway_km":  0.325,
                                            "buffer_zone":  "Within 500m (High Direct Access)"
                                        },
                         "geometry":  {
                                          "type":  "Point",
                                          "coordinates":  [
                                                              85.154396,
                                                              25.60002
                                                          ]
                                      }
                     },
                     {
                         "type":  "Feature",
                         "properties":  {
                                            "facility_id":  "PAT-FAC-0103",
                                            "facility_name":  "Pandey Nursing Home \u0026 Research Centre Patna",
                                            "facility_type":  "Hospital / Healthcare",
                                            "latitude":  25.600381,
                                            "longitude":  85.154507,
                                            "nearest_major_road":  "kankarbagh main road",
                                            "distance_to_highway_m":  284.7,
                                            "distance_to_highway_km":  0.285,
                                            "buffer_zone":  "Within 500m (High Direct Access)"
                                        },
                         "geometry":  {
                                          "type":  "Point",
                                          "coordinates":  [
                                                              85.154507,
                                                              25.600381
                                                          ]
                                      }
                     },
                     {
                         "type":  "Feature",
                         "properties":  {
                                            "facility_id":  "PAT-FAC-0104",
                                            "facility_name":  "Dubey Urology Clinic and Stone Centre",
                                            "facility_type":  "Hospital / Healthcare",
                                            "latitude":  25.602087,
                                            "longitude":  85.155992,
                                            "nearest_major_road":  "kankarbagh main road",
                                            "distance_to_highway_m":  85.6,
                                            "distance_to_highway_km":  0.086,
                                            "buffer_zone":  "Within 500m (High Direct Access)"
                                        },
                         "geometry":  {
                                          "type":  "Point",
                                          "coordinates":  [
                                                              85.155992,
                                                              25.602087
                                                          ]
                                      }
                     },
                     {
                         "type":  "Feature",
                         "properties":  {
                                            "facility_id":  "PAT-FAC-0105",
                                            "facility_name":  "Budha Hospital",
                                            "facility_type":  "Hospital / Healthcare",
                                            "latitude":  25.590577,
                                            "longitude":  85.161896,
                                            "nearest_major_road":  "NH Corridor (NH22)",
                                            "distance_to_highway_m":  642,
                                            "distance_to_highway_km":  0.642,
                                            "buffer_zone":  "500m - 1000m (Intermediate Access)"
                                        },
                         "geometry":  {
                                          "type":  "Point",
                                          "coordinates":  [
                                                              85.161896,
                                                              25.590577
                                                          ]
                                      }
                     },
                     {
                         "type":  "Feature",
                         "properties":  {
                                            "facility_id":  "PAT-FAC-0106",
                                            "facility_name":  "Jeevak Heart Hospital and Research Institute Pvt Ltd",
                                            "facility_type":  "Hospital / Healthcare",
                                            "latitude":  25.601398,
                                            "longitude":  85.158634,
                                            "nearest_major_road":  "Kumhrar Road",
                                            "distance_to_highway_m":  143.1,
                                            "distance_to_highway_km":  0.143,
                                            "buffer_zone":  "Within 500m (High Direct Access)"
                                        },
                         "geometry":  {
                                          "type":  "Point",
                                          "coordinates":  [
                                                              85.158634,
                                                              25.601398
                                                          ]
                                      }
                     },
                     {
                         "type":  "Feature",
                         "properties":  {
                                            "facility_id":  "PAT-FAC-0107",
                                            "facility_name":  "Arvind Hospital",
                                            "facility_type":  "Hospital / Healthcare",
                                            "latitude":  25.618543,
                                            "longitude":  85.16321,
                                            "nearest_major_road":  "Ashok Raj Path",
                                            "distance_to_highway_m":  42.6,
                                            "distance_to_highway_km":  0.043,
                                            "buffer_zone":  "Within 500m (High Direct Access)"
                                        },
                         "geometry":  {
                                          "type":  "Point",
                                          "coordinates":  [
                                                              85.16321,
                                                              25.618543
                                                          ]
                                      }
                     },
                     {
                         "type":  "Feature",
                         "properties":  {
                                            "facility_id":  "PAT-FAC-0108",
                                            "facility_name":  "Vijai Hospital",
                                            "facility_type":  "Hospital / Healthcare",
                                            "latitude":  25.595983,
                                            "longitude":  85.157773,
                                            "nearest_major_road":  "Kumhrar Road",
                                            "distance_to_highway_m":  747.4,
                                            "distance_to_highway_km":  0.747,
                                            "buffer_zone":  "500m - 1000m (Intermediate Access)"
                                        },
                         "geometry":  {
                                          "type":  "Point",
                                          "coordinates":  [
                                                              85.157773,
                                                              25.595983
                                                          ]
                                      }
                     },
                     {
                         "type":  "Feature",
                         "properties":  {
                                            "facility_id":  "PAT-FAC-0109",
                                            "facility_name":  "Aarogya Orthopaedic and Trauma Clinic",
                                            "facility_type":  "Hospital / Healthcare",
                                            "latitude":  25.61188,
                                            "longitude":  85.153446,
                                            "nearest_major_road":  "Ashok Raj Path",
                                            "distance_to_highway_m":  811.3,
                                            "distance_to_highway_km":  0.811,
                                            "buffer_zone":  "500m - 1000m (Intermediate Access)"
                                        },
                         "geometry":  {
                                          "type":  "Point",
                                          "coordinates":  [
                                                              85.153446,
                                                              25.61188
                                                          ]
                                      }
                     },
                     {
                         "type":  "Feature",
                         "properties":  {
                                            "facility_id":  "PAT-FAC-0110",
                                            "facility_name":  "Anshuman Nursing Home and Maternity Centre",
                                            "facility_type":  "Hospital / Healthcare",
                                            "latitude":  25.577769,
                                            "longitude":  85.084935,
                                            "nearest_major_road":  "NH Corridor (NH139)",
                                            "distance_to_highway_m":  304.7,
                                            "distance_to_highway_km":  0.305,
                                            "buffer_zone":  "Within 500m (High Direct Access)"
                                        },
                         "geometry":  {
                                          "type":  "Point",
                                          "coordinates":  [
                                                              85.084935,
                                                              25.577769
                                                          ]
                                      }
                     },
                     {
                         "type":  "Feature",
                         "properties":  {
                                            "facility_id":  "PAT-FAC-0111",
                                            "facility_name":  "Getwell Hospital, Patna",
                                            "facility_type":  "Hospital / Healthcare",
                                            "latitude":  25.604422,
                                            "longitude":  85.084456,
                                            "nearest_major_road":  "Bailey Road Flyover",
                                            "distance_to_highway_m":  50,
                                            "distance_to_highway_km":  0.05,
                                            "buffer_zone":  "Within 500m (High Direct Access)"
                                        },
                         "geometry":  {
                                          "type":  "Point",
                                          "coordinates":  [
                                                              85.084456,
                                                              25.604422
                                                          ]
                                      }
                     },
                     {
                         "type":  "Feature",
                         "properties":  {
                                            "facility_id":  "PAT-FAC-0112",
                                            "facility_name":  "Bhavani Clinic",
                                            "facility_type":  "Hospital / Healthcare",
                                            "latitude":  25.615283,
                                            "longitude":  85.160224,
                                            "nearest_major_road":  "Ashok Raj Path",
                                            "distance_to_highway_m":  449.8,
                                            "distance_to_highway_km":  0.45,
                                            "buffer_zone":  "Within 500m (High Direct Access)"
                                        },
                         "geometry":  {
                                          "type":  "Point",
                                          "coordinates":  [
                                                              85.160224,
                                                              25.615283
                                                          ]
                                      }
                     },
                     {
                         "type":  "Feature",
                         "properties":  {
                                            "facility_id":  "PAT-FAC-0113",
                                            "facility_name":  "CGHS Dispensary, Budha Marg",
                                            "facility_type":  "Hospital / Healthcare",
                                            "latitude":  25.607565,
                                            "longitude":  85.133566,
                                            "nearest_major_road":  "Bailey Road",
                                            "distance_to_highway_m":  313.1,
                                            "distance_to_highway_km":  0.313,
                                            "buffer_zone":  "Within 500m (High Direct Access)"
                                        },
                         "geometry":  {
                                          "type":  "Point",
                                          "coordinates":  [
                                                              85.133566,
                                                              25.607565
                                                          ]
                                      }
                     },
                     {
                         "type":  "Feature",
                         "properties":  {
                                            "facility_id":  "PAT-FAC-0114",
                                            "facility_name":  "Shekhar Shalya Chikitsalaya",
                                            "facility_type":  "Hospital / Healthcare",
                                            "latitude":  25.587222,
                                            "longitude":  85.160516,
                                            "nearest_major_road":  "NH Corridor (NH22)",
                                            "distance_to_highway_m":  283.5,
                                            "distance_to_highway_km":  0.284,
                                            "buffer_zone":  "Within 500m (High Direct Access)"
                                        },
                         "geometry":  {
                                          "type":  "Point",
                                          "coordinates":  [
                                                              85.160516,
                                                              25.587222
                                                          ]
                                      }
                     },
                     {
                         "type":  "Feature",
                         "properties":  {
                                            "facility_id":  "PAT-FAC-0115",
                                            "facility_name":  "J.H.Nursing Home",
                                            "facility_type":  "Hospital / Healthcare",
                                            "latitude":  25.601639,
                                            "longitude":  85.154899,
                                            "nearest_major_road":  "kankarbagh main road",
                                            "distance_to_highway_m":  142.8,
                                            "distance_to_highway_km":  0.143,
                                            "buffer_zone":  "Within 500m (High Direct Access)"
                                        },
                         "geometry":  {
                                          "type":  "Point",
                                          "coordinates":  [
                                                              85.154899,
                                                              25.601639
                                                          ]
                                      }
                     },
                     {
                         "type":  "Feature",
                         "properties":  {
                                            "facility_id":  "PAT-FAC-0116",
                                            "facility_name":  "M.G.M Hospital And Research Centre Pvt Ltd",
                                            "facility_type":  "Hospital / Healthcare",
                                            "latitude":  25.607715,
                                            "longitude":  85.15473,
                                            "nearest_major_road":  "NH Corridor (NH139)",
                                            "distance_to_highway_m":  518.7,
                                            "distance_to_highway_km":  0.519,
                                            "buffer_zone":  "500m - 1000m (Intermediate Access)"
                                        },
                         "geometry":  {
                                          "type":  "Point",
                                          "coordinates":  [
                                                              85.15473,
                                                              25.607715
                                                          ]
                                      }
                     },
                     {
                         "type":  "Feature",
                         "properties":  {
                                            "facility_id":  "PAT-FAC-0117",
                                            "facility_name":  "Paras HMRI Hospital",
                                            "facility_type":  "Hospital / Healthcare",
                                            "latitude":  25.60558,
                                            "longitude":  85.082559,
                                            "nearest_major_road":  "Bailey Road Flyover",
                                            "distance_to_highway_m":  46.4,
                                            "distance_to_highway_km":  0.046,
                                            "buffer_zone":  "Within 500m (High Direct Access)"
                                        },
                         "geometry":  {
                                          "type":  "Point",
                                          "coordinates":  [
                                                              85.082559,
                                                              25.60558
                                                          ]
                                      }
                     },
                     {
                         "type":  "Feature",
                         "properties":  {
                                            "facility_id":  "PAT-FAC-0118",
                                            "facility_name":  "Punam Surgical and Maternity Clinic",
                                            "facility_type":  "Hospital / Healthcare",
                                            "latitude":  25.606721,
                                            "longitude":  85.089142,
                                            "nearest_major_road":  "Bailey Road Flyover",
                                            "distance_to_highway_m":  235.9,
                                            "distance_to_highway_km":  0.236,
                                            "buffer_zone":  "Within 500m (High Direct Access)"
                                        },
                         "geometry":  {
                                          "type":  "Point",
                                          "coordinates":  [
                                                              85.089142,
                                                              25.606721
                                                          ]
                                      }
                     },
                     {
                         "type":  "Feature",
                         "properties":  {
                                            "facility_id":  "PAT-FAC-0119",
                                            "facility_name":  "Magadh Nursing Home",
                                            "facility_type":  "Hospital / Healthcare",
                                            "latitude":  25.601963,
                                            "longitude":  85.189877,
                                            "nearest_major_road":  "NH Corridor (NH139)",
                                            "distance_to_highway_m":  199.2,
                                            "distance_to_highway_km":  0.199,
                                            "buffer_zone":  "Within 500m (High Direct Access)"
                                        },
                         "geometry":  {
                                          "type":  "Point",
                                          "coordinates":  [
                                                              85.189877,
                                                              25.601963
                                                          ]
                                      }
                     },
                     {
                         "type":  "Feature",
                         "properties":  {
                                            "facility_id":  "PAT-FAC-0120",
                                            "facility_name":  "Divya Jyoti Nursing Home",
                                            "facility_type":  "Hospital / Healthcare",
                                            "latitude":  25.606728,
                                            "longitude":  85.078456,
                                            "nearest_major_road":  "Bailey Road Flyover",
                                            "distance_to_highway_m":  123.1,
                                            "distance_to_highway_km":  0.123,
                                            "buffer_zone":  "Within 500m (High Direct Access)"
                                        },
                         "geometry":  {
                                          "type":  "Point",
                                          "coordinates":  [
                                                              85.078456,
                                                              25.606728
                                                          ]
                                      }
                     },
                     {
                         "type":  "Feature",
                         "properties":  {
                                            "facility_id":  "PAT-FAC-0121",
                                            "facility_name":  "Ashoka Hospital( Aunit Of Ashoka Multispeciality Hospital Pvt Limited)",
                                            "facility_type":  "Hospital / Healthcare",
                                            "latitude":  25.60837,
                                            "longitude":  85.160285,
                                            "nearest_major_road":  "Kumhrar Road",
                                            "distance_to_highway_m":  635.4,
                                            "distance_to_highway_km":  0.635,
                                            "buffer_zone":  "500m - 1000m (Intermediate Access)"
                                        },
                         "geometry":  {
                                          "type":  "Point",
                                          "coordinates":  [
                                                              85.160285,
                                                              25.60837
                                                          ]
                                      }
                     },
                     {
                         "type":  "Feature",
                         "properties":  {
                                            "facility_id":  "PAT-FAC-0122",
                                            "facility_name":  "Atlantis Hospital",
                                            "facility_type":  "Hospital / Healthcare",
                                            "latitude":  25.610262,
                                            "longitude":  85.057633,
                                            "nearest_major_road":  "Patna Bypass / Expressway Corridor",
                                            "distance_to_highway_m":  64.5,
                                            "distance_to_highway_km":  0.065,
                                            "buffer_zone":  "Within 500m (High Direct Access)"
                                        },
                         "geometry":  {
                                          "type":  "Point",
                                          "coordinates":  [
                                                              85.057633,
                                                              25.610262
                                                          ]
                                      }
                     },
                     {
                         "type":  "Feature",
                         "properties":  {
                                            "facility_id":  "PAT-FAC-0123",
                                            "facility_name":  "Aarogya Hospital, Patna",
                                            "facility_type":  "Hospital / Healthcare",
                                            "latitude":  25.612432,
                                            "longitude":  85.155395,
                                            "nearest_major_road":  "Ashok Raj Path",
                                            "distance_to_highway_m":  780.5,
                                            "distance_to_highway_km":  0.78,
                                            "buffer_zone":  "500m - 1000m (Intermediate Access)"
                                        },
                         "geometry":  {
                                          "type":  "Point",
                                          "coordinates":  [
                                                              85.155395,
                                                              25.612432
                                                          ]
                                      }
                     },
                     {
                         "type":  "Feature",
                         "properties":  {
                                            "facility_id":  "PAT-FAC-0124",
                                            "facility_name":  "Appolo Burn Hospital",
                                            "facility_type":  "Hospital / Healthcare",
                                            "latitude":  25.599708,
                                            "longitude":  85.191212,
                                            "nearest_major_road":  "Kumhrar Road",
                                            "distance_to_highway_m":  25.4,
                                            "distance_to_highway_km":  0.025,
                                            "buffer_zone":  "Within 500m (High Direct Access)"
                                        },
                         "geometry":  {
                                          "type":  "Point",
                                          "coordinates":  [
                                                              85.191212,
                                                              25.599708
                                                          ]
                                      }
                     },
                     {
                         "type":  "Feature",
                         "properties":  {
                                            "facility_id":  "PAT-FAC-0125",
                                            "facility_name":  "Magadh Hospital",
                                            "facility_type":  "Hospital / Healthcare",
                                            "latitude":  25.609752,
                                            "longitude":  85.157906,
                                            "nearest_major_road":  "NH Corridor (NH139)",
                                            "distance_to_highway_m":  756.4,
                                            "distance_to_highway_km":  0.756,
                                            "buffer_zone":  "500m - 1000m (Intermediate Access)"
                                        },
                         "geometry":  {
                                          "type":  "Point",
                                          "coordinates":  [
                                                              85.157906,
                                                              25.609752
                                                          ]
                                      }
                     },
                     {
                         "type":  "Feature",
                         "properties":  {
                                            "facility_id":  "PAT-FAC-0126",
                                            "facility_name":  "Sparsh Haritage Hospital",
                                            "facility_type":  "Hospital / Healthcare",
                                            "latitude":  25.593253,
                                            "longitude":  85.136426,
                                            "nearest_major_road":  "Major City Arterial",
                                            "distance_to_highway_m":  9.2,
                                            "distance_to_highway_km":  0.009,
                                            "buffer_zone":  "Within 500m (High Direct Access)"
                                        },
                         "geometry":  {
                                          "type":  "Point",
                                          "coordinates":  [
                                                              85.136426,
                                                              25.593253
                                                          ]
                                      }
                     },
                     {
                         "type":  "Feature",
                         "properties":  {
                                            "facility_id":  "PAT-FAC-0127",
                                            "facility_name":  "Suman Nursing Home, Patna",
                                            "facility_type":  "Hospital / Healthcare",
                                            "latitude":  25.599685,
                                            "longitude":  85.166789,
                                            "nearest_major_road":  "Kumhrar Road",
                                            "distance_to_highway_m":  224.4,
                                            "distance_to_highway_km":  0.224,
                                            "buffer_zone":  "Within 500m (High Direct Access)"
                                        },
                         "geometry":  {
                                          "type":  "Point",
                                          "coordinates":  [
                                                              85.166789,
                                                              25.599685
                                                          ]
                                      }
                     },
                     {
                         "type":  "Feature",
                         "properties":  {
                                            "facility_id":  "PAT-FAC-0128",
                                            "facility_name":  "Shahi Hospital (A Unit Of Abhishek Memorial Trust)",
                                            "facility_type":  "Hospital / Healthcare",
                                            "latitude":  25.609641,
                                            "longitude":  85.157541,
                                            "nearest_major_road":  "NH Corridor (NH139)",
                                            "distance_to_highway_m":  742.9,
                                            "distance_to_highway_km":  0.743,
                                            "buffer_zone":  "500m - 1000m (Intermediate Access)"
                                        },
                         "geometry":  {
                                          "type":  "Point",
                                          "coordinates":  [
                                                              85.157541,
                                                              25.609641
                                                          ]
                                      }
                     },
                     {
                         "type":  "Feature",
                         "properties":  {
                                            "facility_id":  "PAT-FAC-0129",
                                            "facility_name":  "Sri Vinayak Hospital, Patna",
                                            "facility_type":  "Hospital / Healthcare",
                                            "latitude":  25.585988,
                                            "longitude":  85.17436,
                                            "nearest_major_road":  "NH Corridor (NH22)",
                                            "distance_to_highway_m":  68.1,
                                            "distance_to_highway_km":  0.068,
                                            "buffer_zone":  "Within 500m (High Direct Access)"
                                        },
                         "geometry":  {
                                          "type":  "Point",
                                          "coordinates":  [
                                                              85.17436,
                                                              25.585988
                                                          ]
                                      }
                     },
                     {
                         "type":  "Feature",
                         "properties":  {
                                            "facility_id":  "PAT-FAC-0130",
                                            "facility_name":  "Buddha Eye Care and Laser Centre",
                                            "facility_type":  "Hospital / Healthcare",
                                            "latitude":  25.599847,
                                            "longitude":  85.155141,
                                            "nearest_major_road":  "kankarbagh main road",
                                            "distance_to_highway_m":  338.9,
                                            "distance_to_highway_km":  0.339,
                                            "buffer_zone":  "Within 500m (High Direct Access)"
                                        },
                         "geometry":  {
                                          "type":  "Point",
                                          "coordinates":  [
                                                              85.155141,
                                                              25.599847
                                                          ]
                                      }
                     },
                     {
                         "type":  "Feature",
                         "properties":  {
                                            "facility_id":  "PAT-FAC-0131",
                                            "facility_name":  "Shri Sai Hospital (A Unit Of Akhilesh Kumar Singh Hospital (P)Ltd)",
                                            "facility_type":  "Hospital / Healthcare",
                                            "latitude":  25.599128,
                                            "longitude":  85.15725,
                                            "nearest_major_road":  "kankarbagh main road",
                                            "distance_to_highway_m":  409.8,
                                            "distance_to_highway_km":  0.41,
                                            "buffer_zone":  "Within 500m (High Direct Access)"
                                        },
                         "geometry":  {
                                          "type":  "Point",
                                          "coordinates":  [
                                                              85.15725,
                                                              25.599128
                                                          ]
                                      }
                     },
                     {
                         "type":  "Feature",
                         "properties":  {
                                            "facility_id":  "PAT-FAC-0132",
                                            "facility_name":  "Akriti Nursing Home",
                                            "facility_type":  "Hospital / Healthcare",
                                            "latitude":  25.5966,
                                            "longitude":  85.156384,
                                            "nearest_major_road":  "kankarbagh main road",
                                            "distance_to_highway_m":  691.2,
                                            "distance_to_highway_km":  0.691,
                                            "buffer_zone":  "500m - 1000m (Intermediate Access)"
                                        },
                         "geometry":  {
                                          "type":  "Point",
                                          "coordinates":  [
                                                              85.156384,
                                                              25.5966
                                                          ]
                                      }
                     },
                     {
                         "type":  "Feature",
                         "properties":  {
                                            "facility_id":  "PAT-FAC-0133",
                                            "facility_name":  "Keshav Hospital Pvt Ltd",
                                            "facility_type":  "Hospital / Healthcare",
                                            "latitude":  25.621969,
                                            "longitude":  85.04257,
                                            "nearest_major_road":  "NH Corridor (NH922)",
                                            "distance_to_highway_m":  46.2,
                                            "distance_to_highway_km":  0.046,
                                            "buffer_zone":  "Within 500m (High Direct Access)"
                                        },
                         "geometry":  {
                                          "type":  "Point",
                                          "coordinates":  [
                                                              85.04257,
                                                              25.621969
                                                          ]
                                      }
                     },
                     {
                         "type":  "Feature",
                         "properties":  {
                                            "facility_id":  "PAT-FAC-0134",
                                            "facility_name":  "Maa Dulari Memorial Hospital",
                                            "facility_type":  "Hospital / Healthcare",
                                            "latitude":  25.581248,
                                            "longitude":  85.141966,
                                            "nearest_major_road":  "NH Corridor (NH22)",
                                            "distance_to_highway_m":  314.7,
                                            "distance_to_highway_km":  0.315,
                                            "buffer_zone":  "Within 500m (High Direct Access)"
                                        },
                         "geometry":  {
                                          "type":  "Point",
                                          "coordinates":  [
                                                              85.141966,
                                                              25.581248
                                                          ]
                                      }
                     },
                     {
                         "type":  "Feature",
                         "properties":  {
                                            "facility_id":  "PAT-FAC-0135",
                                            "facility_name":  "Imdad Medicare Research Institute",
                                            "facility_type":  "Hospital / Healthcare",
                                            "latitude":  25.609011,
                                            "longitude":  85.183137,
                                            "nearest_major_road":  "Ashok Raj Path",
                                            "distance_to_highway_m":  701,
                                            "distance_to_highway_km":  0.701,
                                            "buffer_zone":  "500m - 1000m (Intermediate Access)"
                                        },
                         "geometry":  {
                                          "type":  "Point",
                                          "coordinates":  [
                                                              85.183137,
                                                              25.609011
                                                          ]
                                      }
                     },
                     {
                         "type":  "Feature",
                         "properties":  {
                                            "facility_id":  "PAT-FAC-0136",
                                            "facility_name":  "Buddha Nursing Home",
                                            "facility_type":  "Hospital / Healthcare",
                                            "latitude":  25.61769,
                                            "longitude":  85.160921,
                                            "nearest_major_road":  "Ashok Raj Path",
                                            "distance_to_highway_m":  175.5,
                                            "distance_to_highway_km":  0.176,
                                            "buffer_zone":  "Within 500m (High Direct Access)"
                                        },
                         "geometry":  {
                                          "type":  "Point",
                                          "coordinates":  [
                                                              85.160921,
                                                              25.61769
                                                          ]
                                      }
                     },
                     {
                         "type":  "Feature",
                         "properties":  {
                                            "facility_id":  "PAT-FAC-0137",
                                            "facility_name":  "Anup Memorial Orthopaedic Centre",
                                            "facility_type":  "Hospital / Healthcare",
                                            "latitude":  25.601143,
                                            "longitude":  85.157042,
                                            "nearest_major_road":  "kankarbagh main road",
                                            "distance_to_highway_m":  187,
                                            "distance_to_highway_km":  0.187,
                                            "buffer_zone":  "Within 500m (High Direct Access)"
                                        },
                         "geometry":  {
                                          "type":  "Point",
                                          "coordinates":  [
                                                              85.157042,
                                                              25.601143
                                                          ]
                                      }
                     },
                     {
                         "type":  "Feature",
                         "properties":  {
                                            "facility_id":  "PAT-FAC-0138",
                                            "facility_name":  "Siddharth Multispeciality Hospital",
                                            "facility_type":  "Hospital / Healthcare",
                                            "latitude":  25.607283,
                                            "longitude":  85.160536,
                                            "nearest_major_road":  "Kumhrar Road",
                                            "distance_to_highway_m":  525.2,
                                            "distance_to_highway_km":  0.525,
                                            "buffer_zone":  "500m - 1000m (Intermediate Access)"
                                        },
                         "geometry":  {
                                          "type":  "Point",
                                          "coordinates":  [
                                                              85.160536,
                                                              25.607283
                                                          ]
                                      }
                     },
                     {
                         "type":  "Feature",
                         "properties":  {
                                            "facility_id":  "PAT-FAC-0139",
                                            "facility_name":  "Ambey Nursing Home",
                                            "facility_type":  "Hospital / Healthcare",
                                            "latitude":  25.603588,
                                            "longitude":  85.16686,
                                            "nearest_major_road":  "Kankarbagh Main Road",
                                            "distance_to_highway_m":  189.7,
                                            "distance_to_highway_km":  0.19,
                                            "buffer_zone":  "Within 500m (High Direct Access)"
                                        },
                         "geometry":  {
                                          "type":  "Point",
                                          "coordinates":  [
                                                              85.16686,
                                                              25.603588
                                                          ]
                                      }
                     },
                     {
                         "type":  "Feature",
                         "properties":  {
                                            "facility_id":  "PAT-FAC-0140",
                                            "facility_name":  "Akshat Seva Sadan",
                                            "facility_type":  "Hospital / Healthcare",
                                            "latitude":  25.595548,
                                            "longitude":  85.121837,
                                            "nearest_major_road":  "NH Corridor (NH139)",
                                            "distance_to_highway_m":  131.6,
                                            "distance_to_highway_km":  0.132,
                                            "buffer_zone":  "Within 500m (High Direct Access)"
                                        },
                         "geometry":  {
                                          "type":  "Point",
                                          "coordinates":  [
                                                              85.121837,
                                                              25.595548
                                                          ]
                                      }
                     },
                     {
                         "type":  "Feature",
                         "properties":  {
                                            "facility_id":  "PAT-FAC-0141",
                                            "facility_name":  "Advanced Eye Care",
                                            "facility_type":  "Hospital / Healthcare",
                                            "latitude":  25.612404,
                                            "longitude":  85.119521,
                                            "nearest_major_road":  "Patna Bypass / Expressway Corridor",
                                            "distance_to_highway_m":  310.9,
                                            "distance_to_highway_km":  0.311,
                                            "buffer_zone":  "Within 500m (High Direct Access)"
                                        },
                         "geometry":  {
                                          "type":  "Point",
                                          "coordinates":  [
                                                              85.119521,
                                                              25.612404
                                                          ]
                                      }
                     },
                     {
                         "type":  "Feature",
                         "properties":  {
                                            "facility_id":  "PAT-FAC-0142",
                                            "facility_name":  "Mithila Hospital",
                                            "facility_type":  "Hospital / Healthcare",
                                            "latitude":  25.585992,
                                            "longitude":  85.173869,
                                            "nearest_major_road":  "NH Corridor (NH22)",
                                            "distance_to_highway_m":  69.2,
                                            "distance_to_highway_km":  0.069,
                                            "buffer_zone":  "Within 500m (High Direct Access)"
                                        },
                         "geometry":  {
                                          "type":  "Point",
                                          "coordinates":  [
                                                              85.173869,
                                                              25.585992
                                                          ]
                                      }
                     },
                     {
                         "type":  "Feature",
                         "properties":  {
                                            "facility_id":  "PAT-FAC-0143",
                                            "facility_name":  "Ram Ratan Hospital",
                                            "facility_type":  "Hospital / Healthcare",
                                            "latitude":  25.60893,
                                            "longitude":  85.173899,
                                            "nearest_major_road":  "Kumhrar Road",
                                            "distance_to_highway_m":  845.4,
                                            "distance_to_highway_km":  0.845,
                                            "buffer_zone":  "500m - 1000m (Intermediate Access)"
                                        },
                         "geometry":  {
                                          "type":  "Point",
                                          "coordinates":  [
                                                              85.173899,
                                                              25.60893
                                                          ]
                                      }
                     },
                     {
                         "type":  "Feature",
                         "properties":  {
                                            "facility_id":  "PAT-FAC-0144",
                                            "facility_name":  "Abhinandan Hospital",
                                            "facility_type":  "Hospital / Healthcare",
                                            "latitude":  25.597401,
                                            "longitude":  85.157937,
                                            "nearest_major_road":  "Kumhrar Road",
                                            "distance_to_highway_m":  590.6,
                                            "distance_to_highway_km":  0.591,
                                            "buffer_zone":  "500m - 1000m (Intermediate Access)"
                                        },
                         "geometry":  {
                                          "type":  "Point",
                                          "coordinates":  [
                                                              85.157937,
                                                              25.597401
                                                          ]
                                      }
                     },
                     {
                         "type":  "Feature",
                         "properties":  {
                                            "facility_id":  "PAT-FAC-0145",
                                            "facility_name":  "Bharat Petroleum",
                                            "facility_type":  "Fuel / Petrol Pump",
                                            "latitude":  25.581741,
                                            "longitude":  85.112082,
                                            "nearest_major_road":  "NH Corridor (NH139)",
                                            "distance_to_highway_m":  41.7,
                                            "distance_to_highway_km":  0.042,
                                            "buffer_zone":  "Within 500m (High Direct Access)"
                                        },
                         "geometry":  {
                                          "type":  "Point",
                                          "coordinates":  [
                                                              85.112082,
                                                              25.581741
                                                          ]
                                      }
                     },
                     {
                         "type":  "Feature",
                         "properties":  {
                                            "facility_id":  "PAT-FAC-0146",
                                            "facility_name":  "CGHS, Chajjubagh",
                                            "facility_type":  "Hospital / Healthcare",
                                            "latitude":  25.613597,
                                            "longitude":  85.137504,
                                            "nearest_major_road":  "Fraser Road",
                                            "distance_to_highway_m":  166.6,
                                            "distance_to_highway_km":  0.167,
                                            "buffer_zone":  "Within 500m (High Direct Access)"
                                        },
                         "geometry":  {
                                          "type":  "Point",
                                          "coordinates":  [
                                                              85.137504,
                                                              25.613597
                                                          ]
                                      }
                     },
                     {
                         "type":  "Feature",
                         "properties":  {
                                            "facility_id":  "PAT-FAC-0147",
                                            "facility_name":  "Dr. Usha Didwania Nursing Home",
                                            "facility_type":  "Hospital / Healthcare",
                                            "latitude":  25.609817,
                                            "longitude":  85.160512,
                                            "nearest_major_road":  "Kumhrar Road",
                                            "distance_to_highway_m":  796.3,
                                            "distance_to_highway_km":  0.796,
                                            "buffer_zone":  "500m - 1000m (Intermediate Access)"
                                        },
                         "geometry":  {
                                          "type":  "Point",
                                          "coordinates":  [
                                                              85.160512,
                                                              25.609817
                                                          ]
                                      }
                     },
                     {
                         "type":  "Feature",
                         "properties":  {
                                            "facility_id":  "PAT-FAC-0148",
                                            "facility_name":  "Chandra Shambhu Narayan Eye Hospital Pvt. Ltd.",
                                            "facility_type":  "Hospital / Healthcare",
                                            "latitude":  25.60326,
                                            "longitude":  85.146245,
                                            "nearest_major_road":  "Chiriya Taar overbridge",
                                            "distance_to_highway_m":  24.5,
                                            "distance_to_highway_km":  0.025,
                                            "buffer_zone":  "Within 500m (High Direct Access)"
                                        },
                         "geometry":  {
                                          "type":  "Point",
                                          "coordinates":  [
                                                              85.146245,
                                                              25.60326
                                                          ]
                                      }
                     },
                     {
                         "type":  "Feature",
                         "properties":  {
                                            "facility_id":  "PAT-FAC-0149",
                                            "facility_name":  "Shrinivas Hospital - Patna",
                                            "facility_type":  "Hospital / Healthcare",
                                            "latitude":  25.600863,
                                            "longitude":  85.149616,
                                            "nearest_major_road":  "NH Corridor (NH139)",
                                            "distance_to_highway_m":  262.9,
                                            "distance_to_highway_km":  0.263,
                                            "buffer_zone":  "Within 500m (High Direct Access)"
                                        },
                         "geometry":  {
                                          "type":  "Point",
                                          "coordinates":  [
                                                              85.149616,
                                                              25.600863
                                                          ]
                                      }
                     },
                     {
                         "type":  "Feature",
                         "properties":  {
                                            "facility_id":  "PAT-FAC-0150",
                                            "facility_name":  "Sarvamangla Clinic",
                                            "facility_type":  "Hospital / Healthcare",
                                            "latitude":  25.593717,
                                            "longitude":  85.175322,
                                            "nearest_major_road":  "Kumhrar Road",
                                            "distance_to_highway_m":  802.6,
                                            "distance_to_highway_km":  0.803,
                                            "buffer_zone":  "500m - 1000m (Intermediate Access)"
                                        },
                         "geometry":  {
                                          "type":  "Point",
                                          "coordinates":  [
                                                              85.175322,
                                                              25.593717
                                                          ]
                                      }
                     },
                     {
                         "type":  "Feature",
                         "properties":  {
                                            "facility_id":  "PAT-FAC-0151",
                                            "facility_name":  "Satyam Hospital, Gaya",
                                            "facility_type":  "Hospital / Healthcare",
                                            "latitude":  25.605808,
                                            "longitude":  85.088915,
                                            "nearest_major_road":  "Bailey Road Flyover",
                                            "distance_to_highway_m":  134.5,
                                            "distance_to_highway_km":  0.134,
                                            "buffer_zone":  "Within 500m (High Direct Access)"
                                        },
                         "geometry":  {
                                          "type":  "Point",
                                          "coordinates":  [
                                                              85.088915,
                                                              25.605808
                                                          ]
                                      }
                     },
                     {
                         "type":  "Feature",
                         "properties":  {
                                            "facility_id":  "PAT-FAC-0152",
                                            "facility_name":  "Anami Orthopaedics",
                                            "facility_type":  "Hospital / Healthcare",
                                            "latitude":  25.598863,
                                            "longitude":  85.128451,
                                            "nearest_major_road":  "NH Corridor (NH139)",
                                            "distance_to_highway_m":  17.4,
                                            "distance_to_highway_km":  0.017,
                                            "buffer_zone":  "Within 500m (High Direct Access)"
                                        },
                         "geometry":  {
                                          "type":  "Point",
                                          "coordinates":  [
                                                              85.128451,
                                                              25.598863
                                                          ]
                                      }
                     },
                     {
                         "type":  "Feature",
                         "properties":  {
                                            "facility_id":  "PAT-FAC-0153",
                                            "facility_name":  "Shekhar Hospital",
                                            "facility_type":  "Hospital / Healthcare",
                                            "latitude":  25.60466,
                                            "longitude":  85.091465,
                                            "nearest_major_road":  "Bailey Road Flyover",
                                            "distance_to_highway_m":  16.6,
                                            "distance_to_highway_km":  0.017,
                                            "buffer_zone":  "Within 500m (High Direct Access)"
                                        },
                         "geometry":  {
                                          "type":  "Point",
                                          "coordinates":  [
                                                              85.091465,
                                                              25.60466
                                                          ]
                                      }
                     },
                     {
                         "type":  "Feature",
                         "properties":  {
                                            "facility_id":  "PAT-FAC-0154",
                                            "facility_name":  "Shyam Nursing Home, Patna",
                                            "facility_type":  "Hospital / Healthcare",
                                            "latitude":  25.612371,
                                            "longitude":  85.144101,
                                            "nearest_major_road":  "Fraser Road",
                                            "distance_to_highway_m":  304.7,
                                            "distance_to_highway_km":  0.305,
                                            "buffer_zone":  "Within 500m (High Direct Access)"
                                        },
                         "geometry":  {
                                          "type":  "Point",
                                          "coordinates":  [
                                                              85.144101,
                                                              25.612371
                                                          ]
                                      }
                     },
                     {
                         "type":  "Feature",
                         "properties":  {
                                            "facility_id":  "PAT-FAC-0155",
                                            "facility_name":  "Krishna Health Care",
                                            "facility_type":  "Hospital / Healthcare",
                                            "latitude":  25.604986,
                                            "longitude":  85.09042,
                                            "nearest_major_road":  "Bailey Road Flyover",
                                            "distance_to_highway_m":  46.2,
                                            "distance_to_highway_km":  0.046,
                                            "buffer_zone":  "Within 500m (High Direct Access)"
                                        },
                         "geometry":  {
                                          "type":  "Point",
                                          "coordinates":  [
                                                              85.09042,
                                                              25.604986
                                                          ]
                                      }
                     },
                     {
                         "type":  "Feature",
                         "properties":  {
                                            "facility_id":  "PAT-FAC-0156",
                                            "facility_name":  "Aargyam Multi Speciality Clinical Care",
                                            "facility_type":  "Hospital / Healthcare",
                                            "latitude":  25.594163,
                                            "longitude":  85.141936,
                                            "nearest_major_road":  "Major City Arterial",
                                            "distance_to_highway_m":  521.5,
                                            "distance_to_highway_km":  0.521,
                                            "buffer_zone":  "500m - 1000m (Intermediate Access)"
                                        },
                         "geometry":  {
                                          "type":  "Point",
                                          "coordinates":  [
                                                              85.141936,
                                                              25.594163
                                                          ]
                                      }
                     },
                     {
                         "type":  "Feature",
                         "properties":  {
                                            "facility_id":  "PAT-FAC-0157",
                                            "facility_name":  "Guljarbagh Dispensary",
                                            "facility_type":  "Hospital / Healthcare",
                                            "latitude":  25.609858,
                                            "longitude":  85.206341,
                                            "nearest_major_road":  "Ashok Raj Path",
                                            "distance_to_highway_m":  71,
                                            "distance_to_highway_km":  0.071,
                                            "buffer_zone":  "Within 500m (High Direct Access)"
                                        },
                         "geometry":  {
                                          "type":  "Point",
                                          "coordinates":  [
                                                              85.206341,
                                                              25.609858
                                                          ]
                                      }
                     },
                     {
                         "type":  "Feature",
                         "properties":  {
                                            "facility_id":  "PAT-FAC-0158",
                                            "facility_name":  "Kankarbagh Dispensary",
                                            "facility_type":  "Hospital / Healthcare",
                                            "latitude":  25.602275,
                                            "longitude":  85.154815,
                                            "nearest_major_road":  "kankarbagh main road",
                                            "distance_to_highway_m":  73.1,
                                            "distance_to_highway_km":  0.073,
                                            "buffer_zone":  "Within 500m (High Direct Access)"
                                        },
                         "geometry":  {
                                          "type":  "Point",
                                          "coordinates":  [
                                                              85.154815,
                                                              25.602275
                                                          ]
                                      }
                     },
                     {
                         "type":  "Feature",
                         "properties":  {
                                            "facility_id":  "PAT-FAC-0159",
                                            "facility_name":  "Goverment hospital,Khagual",
                                            "facility_type":  "Hospital / Healthcare",
                                            "latitude":  25.578195,
                                            "longitude":  85.048253,
                                            "nearest_major_road":  "Major City Arterial",
                                            "distance_to_highway_m":  314,
                                            "distance_to_highway_km":  0.314,
                                            "buffer_zone":  "Within 500m (High Direct Access)"
                                        },
                         "geometry":  {
                                          "type":  "Point",
                                          "coordinates":  [
                                                              85.048253,
                                                              25.578195
                                                          ]
                                      }
                     },
                     {
                         "type":  "Feature",
                         "properties":  {
                                            "facility_id":  "PAT-FAC-0160",
                                            "facility_name":  "SDH Danapur",
                                            "facility_type":  "Hospital / Healthcare",
                                            "latitude":  25.634645,
                                            "longitude":  85.045769,
                                            "nearest_major_road":  "Major City Arterial",
                                            "distance_to_highway_m":  299,
                                            "distance_to_highway_km":  0.299,
                                            "buffer_zone":  "Within 500m (High Direct Access)"
                                        },
                         "geometry":  {
                                          "type":  "Point",
                                          "coordinates":  [
                                                              85.045769,
                                                              25.634645
                                                          ]
                                      }
                     },
                     {
                         "type":  "Feature",
                         "properties":  {
                                            "facility_id":  "PAT-FAC-0161",
                                            "facility_name":  "Udayan Hospital",
                                            "facility_type":  "Hospital / Healthcare",
                                            "latitude":  25.621052,
                                            "longitude":  85.122948,
                                            "nearest_major_road":  "Ashok Rajpath",
                                            "distance_to_highway_m":  321.7,
                                            "distance_to_highway_km":  0.322,
                                            "buffer_zone":  "Within 500m (High Direct Access)"
                                        },
                         "geometry":  {
                                          "type":  "Point",
                                          "coordinates":  [
                                                              85.122948,
                                                              25.621052
                                                          ]
                                      }
                     },
                     {
                         "type":  "Feature",
                         "properties":  {
                                            "facility_id":  "PAT-FAC-0162",
                                            "facility_name":  "River View Service Station",
                                            "facility_type":  "Fuel / Petrol Pump",
                                            "latitude":  25.623434,
                                            "longitude":  85.125937,
                                            "nearest_major_road":  "Ashok Rajpath",
                                            "distance_to_highway_m":  11.7,
                                            "distance_to_highway_km":  0.012,
                                            "buffer_zone":  "Within 500m (High Direct Access)"
                                        },
                         "geometry":  {
                                          "type":  "Point",
                                          "coordinates":  [
                                                              85.125937,
                                                              25.623434
                                                          ]
                                      }
                     },
                     {
                         "type":  "Feature",
                         "properties":  {
                                            "facility_id":  "PAT-FAC-0163",
                                            "facility_name":  "BP Patna",
                                            "facility_type":  "Fuel / Petrol Pump",
                                            "latitude":  25.610176,
                                            "longitude":  85.137161,
                                            "nearest_major_road":  "Bailey Road",
                                            "distance_to_highway_m":  12.7,
                                            "distance_to_highway_km":  0.013,
                                            "buffer_zone":  "Within 500m (High Direct Access)"
                                        },
                         "geometry":  {
                                          "type":  "Point",
                                          "coordinates":  [
                                                              85.137161,
                                                              25.610176
                                                          ]
                                      }
                     },
                     {
                         "type":  "Feature",
                         "properties":  {
                                            "facility_id":  "PAT-FAC-0164",
                                            "facility_name":  "Wali Clinic - Neurotherapy Treatment",
                                            "facility_type":  "Hospital / Healthcare",
                                            "latitude":  25.62768,
                                            "longitude":  85.041999,
                                            "nearest_major_road":  "NH Corridor (NH922)",
                                            "distance_to_highway_m":  74,
                                            "distance_to_highway_km":  0.074,
                                            "buffer_zone":  "Within 500m (High Direct Access)"
                                        },
                         "geometry":  {
                                          "type":  "Point",
                                          "coordinates":  [
                                                              85.041999,
                                                              25.62768
                                                          ]
                                      }
                     },
                     {
                         "type":  "Feature",
                         "properties":  {
                                            "facility_id":  "PAT-FAC-0165",
                                            "facility_name":  "Shivam Clinic",
                                            "facility_type":  "Hospital / Healthcare",
                                            "latitude":  25.61333,
                                            "longitude":  85.057791,
                                            "nearest_major_road":  "NH Corridor (NH922)",
                                            "distance_to_highway_m":  218.9,
                                            "distance_to_highway_km":  0.219,
                                            "buffer_zone":  "Within 500m (High Direct Access)"
                                        },
                         "geometry":  {
                                          "type":  "Point",
                                          "coordinates":  [
                                                              85.057791,
                                                              25.61333
                                                          ]
                                      }
                     },
                     {
                         "type":  "Feature",
                         "properties":  {
                                            "facility_id":  "PAT-FAC-0166",
                                            "facility_name":  "Nestiva Jay Arogyam Hospital",
                                            "facility_type":  "Hospital / Healthcare",
                                            "latitude":  25.594746,
                                            "longitude":  85.120316,
                                            "nearest_major_road":  "NH Corridor (NH139)",
                                            "distance_to_highway_m":  174,
                                            "distance_to_highway_km":  0.174,
                                            "buffer_zone":  "Within 500m (High Direct Access)"
                                        },
                         "geometry":  {
                                          "type":  "Point",
                                          "coordinates":  [
                                                              85.120316,
                                                              25.594746
                                                          ]
                                      }
                     },
                     {
                         "type":  "Feature",
                         "properties":  {
                                            "facility_id":  "PAT-FAC-0167",
                                            "facility_name":  "Dr. Usha Kiran Clinic",
                                            "facility_type":  "Hospital / Healthcare",
                                            "latitude":  25.618077,
                                            "longitude":  85.045499,
                                            "nearest_major_road":  "NH Corridor (NH922)",
                                            "distance_to_highway_m":  176.4,
                                            "distance_to_highway_km":  0.176,
                                            "buffer_zone":  "Within 500m (High Direct Access)"
                                        },
                         "geometry":  {
                                          "type":  "Point",
                                          "coordinates":  [
                                                              85.045499,
                                                              25.618077
                                                          ]
                                      }
                     },
                     {
                         "type":  "Feature",
                         "properties":  {
                                            "facility_id":  "PAT-FAC-0168",
                                            "facility_name":  "Amrutanjan Health Care Limited",
                                            "facility_type":  "Hospital / Healthcare",
                                            "latitude":  25.615738,
                                            "longitude":  85.127695,
                                            "nearest_major_road":  "Bailey Road",
                                            "distance_to_highway_m":  548.7,
                                            "distance_to_highway_km":  0.549,
                                            "buffer_zone":  "500m - 1000m (Intermediate Access)"
                                        },
                         "geometry":  {
                                          "type":  "Point",
                                          "coordinates":  [
                                                              85.127695,
                                                              25.615738
                                                          ]
                                      }
                     },
                     {
                         "type":  "Feature",
                         "properties":  {
                                            "facility_id":  "PAT-FAC-0169",
                                            "facility_name":  "Dr. S C Jha - Chest Clinic",
                                            "facility_type":  "Hospital / Healthcare",
                                            "latitude":  25.610966,
                                            "longitude":  85.132881,
                                            "nearest_major_road":  "Bailey Road",
                                            "distance_to_highway_m":  32.8,
                                            "distance_to_highway_km":  0.033,
                                            "buffer_zone":  "Within 500m (High Direct Access)"
                                        },
                         "geometry":  {
                                          "type":  "Point",
                                          "coordinates":  [
                                                              85.132881,
                                                              25.610966
                                                          ]
                                      }
                     },
                     {
                         "type":  "Feature",
                         "properties":  {
                                            "facility_id":  "PAT-FAC-0170",
                                            "facility_name":  "Soni Physiotherapy and Health Clinic",
                                            "facility_type":  "Hospital / Healthcare",
                                            "latitude":  25.611398,
                                            "longitude":  85.119156,
                                            "nearest_major_road":  "Patna Bypass / Expressway Corridor",
                                            "distance_to_highway_m":  205.3,
                                            "distance_to_highway_km":  0.205,
                                            "buffer_zone":  "Within 500m (High Direct Access)"
                                        },
                         "geometry":  {
                                          "type":  "Point",
                                          "coordinates":  [
                                                              85.119156,
                                                              25.611398
                                                          ]
                                      }
                     },
                     {
                         "type":  "Feature",
                         "properties":  {
                                            "facility_id":  "PAT-FAC-0171",
                                            "facility_name":  "N.S. Emergency Hospital",
                                            "facility_type":  "Hospital / Healthcare",
                                            "latitude":  25.58431,
                                            "longitude":  85.120351,
                                            "nearest_major_road":  "NH Corridor (NH139)",
                                            "distance_to_highway_m":  47.6,
                                            "distance_to_highway_km":  0.048,
                                            "buffer_zone":  "Within 500m (High Direct Access)"
                                        },
                         "geometry":  {
                                          "type":  "Point",
                                          "coordinates":  [
                                                              85.120351,
                                                              25.58431
                                                          ]
                                      }
                     },
                     {
                         "type":  "Feature",
                         "properties":  {
                                            "facility_id":  "PAT-FAC-0172",
                                            "facility_name":  "Nirgo Poly Clinic",
                                            "facility_type":  "Hospital / Healthcare",
                                            "latitude":  25.57456,
                                            "longitude":  85.126576,
                                            "nearest_major_road":  "NH Corridor (NH22)",
                                            "distance_to_highway_m":  10.4,
                                            "distance_to_highway_km":  0.01,
                                            "buffer_zone":  "Within 500m (High Direct Access)"
                                        },
                         "geometry":  {
                                          "type":  "Point",
                                          "coordinates":  [
                                                              85.126576,
                                                              25.57456
                                                          ]
                                      }
                     },
                     {
                         "type":  "Feature",
                         "properties":  {
                                            "facility_id":  "PAT-FAC-0173",
                                            "facility_name":  "Bone Hospital",
                                            "facility_type":  "Hospital / Healthcare",
                                            "latitude":  25.577608,
                                            "longitude":  85.123137,
                                            "nearest_major_road":  "NH Corridor (NH22)",
                                            "distance_to_highway_m":  399.5,
                                            "distance_to_highway_km":  0.399,
                                            "buffer_zone":  "Within 500m (High Direct Access)"
                                        },
                         "geometry":  {
                                          "type":  "Point",
                                          "coordinates":  [
                                                              85.123137,
                                                              25.577608
                                                          ]
                                      }
                     },
                     {
                         "type":  "Feature",
                         "properties":  {
                                            "facility_id":  "PAT-FAC-0174",
                                            "facility_name":  "Spandan Cardio and Diabetic Clinic",
                                            "facility_type":  "Hospital / Healthcare",
                                            "latitude":  25.611223,
                                            "longitude":  85.117563,
                                            "nearest_major_road":  "Patna Bypass / Expressway Corridor",
                                            "distance_to_highway_m":  111.2,
                                            "distance_to_highway_km":  0.111,
                                            "buffer_zone":  "Within 500m (High Direct Access)"
                                        },
                         "geometry":  {
                                          "type":  "Point",
                                          "coordinates":  [
                                                              85.117563,
                                                              25.611223
                                                          ]
                                      }
                     },
                     {
                         "type":  "Feature",
                         "properties":  {
                                            "facility_id":  "PAT-FAC-0175",
                                            "facility_name":  "Panchlok Diagnostic Centre",
                                            "facility_type":  "Hospital / Healthcare",
                                            "latitude":  25.61081,
                                            "longitude":  85.133084,
                                            "nearest_major_road":  "Bailey Road",
                                            "distance_to_highway_m":  20.2,
                                            "distance_to_highway_km":  0.02,
                                            "buffer_zone":  "Within 500m (High Direct Access)"
                                        },
                         "geometry":  {
                                          "type":  "Point",
                                          "coordinates":  [
                                                              85.133084,
                                                              25.61081
                                                          ]
                                      }
                     },
                     {
                         "type":  "Feature",
                         "properties":  {
                                            "facility_id":  "PAT-FAC-0176",
                                            "facility_name":  "Child Hospital",
                                            "facility_type":  "Hospital / Healthcare",
                                            "latitude":  25.610827,
                                            "longitude":  85.132796,
                                            "nearest_major_road":  "Bailey Road",
                                            "distance_to_highway_m":  16,
                                            "distance_to_highway_km":  0.016,
                                            "buffer_zone":  "Within 500m (High Direct Access)"
                                        },
                         "geometry":  {
                                          "type":  "Point",
                                          "coordinates":  [
                                                              85.132796,
                                                              25.610827
                                                          ]
                                      }
                     },
                     {
                         "type":  "Feature",
                         "properties":  {
                                            "facility_id":  "PAT-FAC-0177",
                                            "facility_name":  "Baby \u0026 Child Hospital",
                                            "facility_type":  "Hospital / Healthcare",
                                            "latitude":  25.587118,
                                            "longitude":  85.119069,
                                            "nearest_major_road":  "NH Corridor (NH139)",
                                            "distance_to_highway_m":  379.9,
                                            "distance_to_highway_km":  0.38,
                                            "buffer_zone":  "Within 500m (High Direct Access)"
                                        },
                         "geometry":  {
                                          "type":  "Point",
                                          "coordinates":  [
                                                              85.119069,
                                                              25.587118
                                                          ]
                                      }
                     },
                     {
                         "type":  "Feature",
                         "properties":  {
                                            "facility_id":  "PAT-FAC-0178",
                                            "facility_name":  "Shiv Shakti Hospital",
                                            "facility_type":  "Hospital / Healthcare",
                                            "latitude":  25.619642,
                                            "longitude":  85.124256,
                                            "nearest_major_road":  "Ashok Rajpath",
                                            "distance_to_highway_m":  443.1,
                                            "distance_to_highway_km":  0.443,
                                            "buffer_zone":  "Within 500m (High Direct Access)"
                                        },
                         "geometry":  {
                                          "type":  "Point",
                                          "coordinates":  [
                                                              85.124256,
                                                              25.619642
                                                          ]
                                      }
                     },
                     {
                         "type":  "Feature",
                         "properties":  {
                                            "facility_id":  "PAT-FAC-0179",
                                            "facility_name":  "Neurology Clinic",
                                            "facility_type":  "Hospital / Healthcare",
                                            "latitude":  25.61293,
                                            "longitude":  85.113509,
                                            "nearest_major_road":  "Atal Path Flyover",
                                            "distance_to_highway_m":  66.2,
                                            "distance_to_highway_km":  0.066,
                                            "buffer_zone":  "Within 500m (High Direct Access)"
                                        },
                         "geometry":  {
                                          "type":  "Point",
                                          "coordinates":  [
                                                              85.113509,
                                                              25.61293
                                                          ]
                                      }
                     },
                     {
                         "type":  "Feature",
                         "properties":  {
                                            "facility_id":  "PAT-FAC-0180",
                                            "facility_name":  "Guru Kripa Paali Clinic",
                                            "facility_type":  "Hospital / Healthcare",
                                            "latitude":  25.57946,
                                            "longitude":  85.124609,
                                            "nearest_major_road":  "NH Corridor (NH22)",
                                            "distance_to_highway_m":  312,
                                            "distance_to_highway_km":  0.312,
                                            "buffer_zone":  "Within 500m (High Direct Access)"
                                        },
                         "geometry":  {
                                          "type":  "Point",
                                          "coordinates":  [
                                                              85.124609,
                                                              25.57946
                                                          ]
                                      }
                     },
                     {
                         "type":  "Feature",
                         "properties":  {
                                            "facility_id":  "PAT-FAC-0181",
                                            "facility_name":  "Patna Heart Hospital",
                                            "facility_type":  "Hospital / Healthcare",
                                            "latitude":  25.618144,
                                            "longitude":  85.126319,
                                            "nearest_major_road":  "Ashok Rajpath",
                                            "distance_to_highway_m":  596.3,
                                            "distance_to_highway_km":  0.596,
                                            "buffer_zone":  "500m - 1000m (Intermediate Access)"
                                        },
                         "geometry":  {
                                          "type":  "Point",
                                          "coordinates":  [
                                                              85.126319,
                                                              25.618144
                                                          ]
                                      }
                     },
                     {
                         "type":  "Feature",
                         "properties":  {
                                            "facility_id":  "PAT-FAC-0182",
                                            "facility_name":  "Dr. V.K. Sinha Clinic",
                                            "facility_type":  "Hospital / Healthcare",
                                            "latitude":  25.619555,
                                            "longitude":  85.121665,
                                            "nearest_major_road":  "Ashok Rajpath",
                                            "distance_to_highway_m":  528.2,
                                            "distance_to_highway_km":  0.528,
                                            "buffer_zone":  "500m - 1000m (Intermediate Access)"
                                        },
                         "geometry":  {
                                          "type":  "Point",
                                          "coordinates":  [
                                                              85.121665,
                                                              25.619555
                                                          ]
                                      }
                     },
                     {
                         "type":  "Feature",
                         "properties":  {
                                            "facility_id":  "PAT-FAC-0183",
                                            "facility_name":  "Dr. Sachidanand Sinha Ent",
                                            "facility_type":  "Hospital / Healthcare",
                                            "latitude":  25.619629,
                                            "longitude":  85.126036,
                                            "nearest_major_road":  "Ashok Rajpath",
                                            "distance_to_highway_m":  432.6,
                                            "distance_to_highway_km":  0.433,
                                            "buffer_zone":  "Within 500m (High Direct Access)"
                                        },
                         "geometry":  {
                                          "type":  "Point",
                                          "coordinates":  [
                                                              85.126036,
                                                              25.619629
                                                          ]
                                      }
                     },
                     {
                         "type":  "Feature",
                         "properties":  {
                                            "facility_id":  "PAT-FAC-0184",
                                            "facility_name":  "Yash Ortho and General Health Care Clinic",
                                            "facility_type":  "Hospital / Healthcare",
                                            "latitude":  25.629551,
                                            "longitude":  85.059284,
                                            "nearest_major_road":  "Major City Arterial",
                                            "distance_to_highway_m":  1178.9,
                                            "distance_to_highway_km":  1.179,
                                            "buffer_zone":  "1000m - 2000m (Secondary Access)"
                                        },
                         "geometry":  {
                                          "type":  "Point",
                                          "coordinates":  [
                                                              85.059284,
                                                              25.629551
                                                          ]
                                      }
                     },
                     {
                         "type":  "Feature",
                         "properties":  {
                                            "facility_id":  "PAT-FAC-0185",
                                            "facility_name":  "Balaji Heart Centre",
                                            "facility_type":  "Hospital / Healthcare",
                                            "latitude":  25.610878,
                                            "longitude":  85.114601,
                                            "nearest_major_road":  "Atal Path",
                                            "distance_to_highway_m":  39.2,
                                            "distance_to_highway_km":  0.039,
                                            "buffer_zone":  "Within 500m (High Direct Access)"
                                        },
                         "geometry":  {
                                          "type":  "Point",
                                          "coordinates":  [
                                                              85.114601,
                                                              25.610878
                                                          ]
                                      }
                     },
                     {
                         "type":  "Feature",
                         "properties":  {
                                            "facility_id":  "PAT-FAC-0186",
                                            "facility_name":  "Jagdamba Hospital",
                                            "facility_type":  "Hospital / Healthcare",
                                            "latitude":  25.576631,
                                            "longitude":  85.127197,
                                            "nearest_major_road":  "NH Corridor (NH22)",
                                            "distance_to_highway_m":  14.1,
                                            "distance_to_highway_km":  0.014,
                                            "buffer_zone":  "Within 500m (High Direct Access)"
                                        },
                         "geometry":  {
                                          "type":  "Point",
                                          "coordinates":  [
                                                              85.127197,
                                                              25.576631
                                                          ]
                                      }
                     },
                     {
                         "type":  "Feature",
                         "properties":  {
                                            "facility_id":  "PAT-FAC-0187",
                                            "facility_name":  "Nu-Life Clinic",
                                            "facility_type":  "Hospital / Healthcare",
                                            "latitude":  25.595293,
                                            "longitude":  85.121913,
                                            "nearest_major_road":  "NH Corridor (NH139)",
                                            "distance_to_highway_m":  160.6,
                                            "distance_to_highway_km":  0.161,
                                            "buffer_zone":  "Within 500m (High Direct Access)"
                                        },
                         "geometry":  {
                                          "type":  "Point",
                                          "coordinates":  [
                                                              85.121913,
                                                              25.595293
                                                          ]
                                      }
                     },
                     {
                         "type":  "Feature",
                         "properties":  {
                                            "facility_id":  "PAT-FAC-0188",
                                            "facility_name":  "Ayush Hospital",
                                            "facility_type":  "Hospital / Healthcare",
                                            "latitude":  25.579441,
                                            "longitude":  85.124925,
                                            "nearest_major_road":  "NH Corridor (NH22)",
                                            "distance_to_highway_m":  281.4,
                                            "distance_to_highway_km":  0.281,
                                            "buffer_zone":  "Within 500m (High Direct Access)"
                                        },
                         "geometry":  {
                                          "type":  "Point",
                                          "coordinates":  [
                                                              85.124925,
                                                              25.579441
                                                          ]
                                      }
                     },
                     {
                         "type":  "Feature",
                         "properties":  {
                                            "facility_id":  "PAT-FAC-0189",
                                            "facility_name":  "Prabha Clinic",
                                            "facility_type":  "Hospital / Healthcare",
                                            "latitude":  25.579845,
                                            "longitude":  85.125036,
                                            "nearest_major_road":  "NH Corridor (NH22)",
                                            "distance_to_highway_m":  285,
                                            "distance_to_highway_km":  0.285,
                                            "buffer_zone":  "Within 500m (High Direct Access)"
                                        },
                         "geometry":  {
                                          "type":  "Point",
                                          "coordinates":  [
                                                              85.125036,
                                                              25.579845
                                                          ]
                                      }
                     },
                     {
                         "type":  "Feature",
                         "properties":  {
                                            "facility_id":  "PAT-FAC-0190",
                                            "facility_name":  "Kankarbagh police station",
                                            "facility_type":  "Police Station / Emergency",
                                            "latitude":  25.598358,
                                            "longitude":  85.155974,
                                            "nearest_major_road":  "kankarbagh main road",
                                            "distance_to_highway_m":  498.1,
                                            "distance_to_highway_km":  0.498,
                                            "buffer_zone":  "Within 500m (High Direct Access)"
                                        },
                         "geometry":  {
                                          "type":  "Point",
                                          "coordinates":  [
                                                              85.155974,
                                                              25.598358
                                                          ]
                                      }
                     },
                     {
                         "type":  "Feature",
                         "properties":  {
                                            "facility_id":  "PAT-FAC-0191",
                                            "facility_name":  "College of Commerce, Arts and Science",
                                            "facility_type":  "College / University",
                                            "latitude":  25.601273,
                                            "longitude":  85.162014,
                                            "nearest_major_road":  "Kumhrar Road",
                                            "distance_to_highway_m":  102.5,
                                            "distance_to_highway_km":  0.102,
                                            "buffer_zone":  "Within 500m (High Direct Access)"
                                        },
                         "geometry":  {
                                          "type":  "Point",
                                          "coordinates":  [
                                                              85.162014,
                                                              25.601273
                                                          ]
                                      }
                     },
                     {
                         "type":  "Feature",
                         "properties":  {
                                            "facility_id":  "PAT-FAC-0192",
                                            "facility_name":  "Indian Oil",
                                            "facility_type":  "Fuel / Petrol Pump",
                                            "latitude":  25.601633,
                                            "longitude":  85.166724,
                                            "nearest_major_road":  "Kumhrar Road",
                                            "distance_to_highway_m":  12.3,
                                            "distance_to_highway_km":  0.012,
                                            "buffer_zone":  "Within 500m (High Direct Access)"
                                        },
                         "geometry":  {
                                          "type":  "Point",
                                          "coordinates":  [
                                                              85.166724,
                                                              25.601633
                                                          ]
                                      }
                     },
                     {
                         "type":  "Feature",
                         "properties":  {
                                            "facility_id":  "PAT-FAC-0193",
                                            "facility_name":  "Indian Oil",
                                            "facility_type":  "Fuel / Petrol Pump",
                                            "latitude":  25.611187,
                                            "longitude":  85.159129,
                                            "nearest_major_road":  "Ashok Raj Path",
                                            "distance_to_highway_m":  913.9,
                                            "distance_to_highway_km":  0.914,
                                            "buffer_zone":  "500m - 1000m (Intermediate Access)"
                                        },
                         "geometry":  {
                                          "type":  "Point",
                                          "coordinates":  [
                                                              85.159129,
                                                              25.611187
                                                          ]
                                      }
                     },
                     {
                         "type":  "Feature",
                         "properties":  {
                                            "facility_id":  "PAT-FAC-0194",
                                            "facility_name":  "Indian Oil",
                                            "facility_type":  "Fuel / Petrol Pump",
                                            "latitude":  25.60213,
                                            "longitude":  85.146269,
                                            "nearest_major_road":  "Chiriya Taar overbridge",
                                            "distance_to_highway_m":  91.8,
                                            "distance_to_highway_km":  0.092,
                                            "buffer_zone":  "Within 500m (High Direct Access)"
                                        },
                         "geometry":  {
                                          "type":  "Point",
                                          "coordinates":  [
                                                              85.146269,
                                                              25.60213
                                                          ]
                                      }
                     },
                     {
                         "type":  "Feature",
                         "properties":  {
                                            "facility_id":  "PAT-FAC-0195",
                                            "facility_name":  "Patliputra Univerity",
                                            "facility_type":  "College / University",
                                            "latitude":  25.60239,
                                            "longitude":  85.159461,
                                            "nearest_major_road":  "Kumhrar Road",
                                            "distance_to_highway_m":  17.7,
                                            "distance_to_highway_km":  0.018,
                                            "buffer_zone":  "Within 500m (High Direct Access)"
                                        },
                         "geometry":  {
                                          "type":  "Point",
                                          "coordinates":  [
                                                              85.159461,
                                                              25.60239
                                                          ]
                                      }
                     },
                     {
                         "type":  "Feature",
                         "properties":  {
                                            "facility_id":  "PAT-FAC-0196",
                                            "facility_name":  "Indian Oil",
                                            "facility_type":  "Fuel / Petrol Pump",
                                            "latitude":  25.597769,
                                            "longitude":  85.15707,
                                            "nearest_major_road":  "kankarbagh main road",
                                            "distance_to_highway_m":  560.7,
                                            "distance_to_highway_km":  0.561,
                                            "buffer_zone":  "500m - 1000m (Intermediate Access)"
                                        },
                         "geometry":  {
                                          "type":  "Point",
                                          "coordinates":  [
                                                              85.15707,
                                                              25.597769
                                                          ]
                                      }
                     },
                     {
                         "type":  "Feature",
                         "properties":  {
                                            "facility_id":  "PAT-FAC-0197",
                                            "facility_name":  "HP",
                                            "facility_type":  "Fuel / Petrol Pump",
                                            "latitude":  25.603404,
                                            "longitude":  85.153247,
                                            "nearest_major_road":  "NH Corridor (NH139)",
                                            "distance_to_highway_m":  27.2,
                                            "distance_to_highway_km":  0.027,
                                            "buffer_zone":  "Within 500m (High Direct Access)"
                                        },
                         "geometry":  {
                                          "type":  "Point",
                                          "coordinates":  [
                                                              85.153247,
                                                              25.603404
                                                          ]
                                      }
                     },
                     {
                         "type":  "Feature",
                         "properties":  {
                                            "facility_id":  "PAT-FAC-0198",
                                            "facility_name":  "Sanjeevani Hospital",
                                            "facility_type":  "Hospital / Healthcare",
                                            "latitude":  25.595046,
                                            "longitude":  85.16465,
                                            "nearest_major_road":  "Kumhrar Road",
                                            "distance_to_highway_m":  765.4,
                                            "distance_to_highway_km":  0.765,
                                            "buffer_zone":  "500m - 1000m (Intermediate Access)"
                                        },
                         "geometry":  {
                                          "type":  "Point",
                                          "coordinates":  [
                                                              85.16465,
                                                              25.595046
                                                          ]
                                      }
                     },
                     {
                         "type":  "Feature",
                         "properties":  {
                                            "facility_id":  "PAT-FAC-0199",
                                            "facility_name":  "Patrakar Nagar police station",
                                            "facility_type":  "Police Station / Emergency",
                                            "latitude":  25.589719,
                                            "longitude":  85.159813,
                                            "nearest_major_road":  "NH Corridor (NH22)",
                                            "distance_to_highway_m":  565.6,
                                            "distance_to_highway_km":  0.566,
                                            "buffer_zone":  "500m - 1000m (Intermediate Access)"
                                        },
                         "geometry":  {
                                          "type":  "Point",
                                          "coordinates":  [
                                                              85.159813,
                                                              25.589719
                                                          ]
                                      }
                     },
                     {
                         "type":  "Feature",
                         "properties":  {
                                            "facility_id":  "PAT-FAC-0200",
                                            "facility_name":  "RHEUMATOLOGY MEDICAL SPECIALITY CLINIC",
                                            "facility_type":  "Hospital / Healthcare",
                                            "latitude":  25.626857,
                                            "longitude":  85.112557,
                                            "nearest_major_road":  "Ashok Rajpath",
                                            "distance_to_highway_m":  727.5,
                                            "distance_to_highway_km":  0.727,
                                            "buffer_zone":  "500m - 1000m (Intermediate Access)"
                                        },
                         "geometry":  {
                                          "type":  "Point",
                                          "coordinates":  [
                                                              85.112557,
                                                              25.626857
                                                          ]
                                      }
                     },
                     {
                         "type":  "Feature",
                         "properties":  {
                                            "facility_id":  "PAT-FAC-0201",
                                            "facility_name":  "NIRANJAN AAROGYA NIKETAN AND RESEARCH CENTRE",
                                            "facility_type":  "Hospital / Healthcare",
                                            "latitude":  25.615322,
                                            "longitude":  85.166453,
                                            "nearest_major_road":  "Ashok Raj Path",
                                            "distance_to_highway_m":  297.8,
                                            "distance_to_highway_km":  0.298,
                                            "buffer_zone":  "Within 500m (High Direct Access)"
                                        },
                         "geometry":  {
                                          "type":  "Point",
                                          "coordinates":  [
                                                              85.166453,
                                                              25.615322
                                                          ]
                                      }
                     },
                     {
                         "type":  "Feature",
                         "properties":  {
                                            "facility_id":  "PAT-FAC-0202",
                                            "facility_name":  "AYUSH building, AIIMS Patna",
                                            "facility_type":  "Hospital / Healthcare",
                                            "latitude":  25.561554,
                                            "longitude":  85.042861,
                                            "nearest_major_road":  "NH Corridor (NH139)",
                                            "distance_to_highway_m":  351.4,
                                            "distance_to_highway_km":  0.351,
                                            "buffer_zone":  "Within 500m (High Direct Access)"
                                        },
                         "geometry":  {
                                          "type":  "Point",
                                          "coordinates":  [
                                                              85.042861,
                                                              25.561554
                                                          ]
                                      }
                     },
                     {
                         "type":  "Feature",
                         "properties":  {
                                            "facility_id":  "PAT-FAC-0203",
                                            "facility_name":  "AIIMS Patna OPD",
                                            "facility_type":  "Hospital / Healthcare",
                                            "latitude":  25.562741,
                                            "longitude":  85.042012,
                                            "nearest_major_road":  "NH Corridor (NH139)",
                                            "distance_to_highway_m":  194.7,
                                            "distance_to_highway_km":  0.195,
                                            "buffer_zone":  "Within 500m (High Direct Access)"
                                        },
                         "geometry":  {
                                          "type":  "Point",
                                          "coordinates":  [
                                                              85.042012,
                                                              25.562741
                                                          ]
                                      }
                     },
                     {
                         "type":  "Feature",
                         "properties":  {
                                            "facility_id":  "PAT-FAC-0204",
                                            "facility_name":  "In patient Department, AIIMS Patna",
                                            "facility_type":  "Hospital / Healthcare",
                                            "latitude":  25.562389,
                                            "longitude":  85.041074,
                                            "nearest_major_road":  "NH Corridor (NH139)",
                                            "distance_to_highway_m":  176.4,
                                            "distance_to_highway_km":  0.176,
                                            "buffer_zone":  "Within 500m (High Direct Access)"
                                        },
                         "geometry":  {
                                          "type":  "Point",
                                          "coordinates":  [
                                                              85.041074,
                                                              25.562389
                                                          ]
                                      }
                     },
                     {
                         "type":  "Feature",
                         "properties":  {
                                            "facility_id":  "PAT-FAC-0205",
                                            "facility_name":  "Trauma and Emergency, AIIMS Patna",
                                            "facility_type":  "Hospital / Healthcare",
                                            "latitude":  25.562718,
                                            "longitude":  85.040416,
                                            "nearest_major_road":  "NH Corridor (NH139)",
                                            "distance_to_highway_m":  108.9,
                                            "distance_to_highway_km":  0.109,
                                            "buffer_zone":  "Within 500m (High Direct Access)"
                                        },
                         "geometry":  {
                                          "type":  "Point",
                                          "coordinates":  [
                                                              85.040416,
                                                              25.562718
                                                          ]
                                      }
                     },
                     {
                         "type":  "Feature",
                         "properties":  {
                                            "facility_id":  "PAT-FAC-0206",
                                            "facility_name":  "Unnamed Hospital / Healthcare (206)",
                                            "facility_type":  "Hospital / Healthcare",
                                            "latitude":  25.611252,
                                            "longitude":  85.133579,
                                            "nearest_major_road":  "Bailey Road",
                                            "distance_to_highway_m":  78.8,
                                            "distance_to_highway_km":  0.079,
                                            "buffer_zone":  "Within 500m (High Direct Access)"
                                        },
                         "geometry":  {
                                          "type":  "Point",
                                          "coordinates":  [
                                                              85.133579,
                                                              25.611252
                                                          ]
                                      }
                     },
                     {
                         "type":  "Feature",
                         "properties":  {
                                            "facility_id":  "PAT-FAC-0207",
                                            "facility_name":  "Unnamed Hospital / Healthcare (207)",
                                            "facility_type":  "Hospital / Healthcare",
                                            "latitude":  25.611863,
                                            "longitude":  85.135838,
                                            "nearest_major_road":  "Bailey Road",
                                            "distance_to_highway_m":  179.7,
                                            "distance_to_highway_km":  0.18,
                                            "buffer_zone":  "Within 500m (High Direct Access)"
                                        },
                         "geometry":  {
                                          "type":  "Point",
                                          "coordinates":  [
                                                              85.135838,
                                                              25.611863
                                                          ]
                                      }
                     },
                     {
                         "type":  "Feature",
                         "properties":  {
                                            "facility_id":  "PAT-FAC-0208",
                                            "facility_name":  "Shekhar eye care and laser centre",
                                            "facility_type":  "Hospital / Healthcare",
                                            "latitude":  25.622769,
                                            "longitude":  85.096489,
                                            "nearest_major_road":  "Atal Path Flyover",
                                            "distance_to_highway_m":  780.3,
                                            "distance_to_highway_km":  0.78,
                                            "buffer_zone":  "500m - 1000m (Intermediate Access)"
                                        },
                         "geometry":  {
                                          "type":  "Point",
                                          "coordinates":  [
                                                              85.096489,
                                                              25.622769
                                                          ]
                                      }
                     },
                     {
                         "type":  "Feature",
                         "properties":  {
                                            "facility_id":  "PAT-FAC-0209",
                                            "facility_name":  "Unnamed Hospital / Healthcare (209)",
                                            "facility_type":  "Hospital / Healthcare",
                                            "latitude":  25.632166,
                                            "longitude":  85.103791,
                                            "nearest_major_road":  "Atal Path Flyover",
                                            "distance_to_highway_m":  383.9,
                                            "distance_to_highway_km":  0.384,
                                            "buffer_zone":  "Within 500m (High Direct Access)"
                                        },
                         "geometry":  {
                                          "type":  "Point",
                                          "coordinates":  [
                                                              85.103791,
                                                              25.632166
                                                          ]
                                      }
                     },
                     {
                         "type":  "Feature",
                         "properties":  {
                                            "facility_id":  "PAT-FAC-0210",
                                            "facility_name":  "Unnamed Police Station / Emergency (210)",
                                            "facility_type":  "Police Station / Emergency",
                                            "latitude":  25.628077,
                                            "longitude":  85.110858,
                                            "nearest_major_road":  "Atal Path",
                                            "distance_to_highway_m":  740.8,
                                            "distance_to_highway_km":  0.741,
                                            "buffer_zone":  "500m - 1000m (Intermediate Access)"
                                        },
                         "geometry":  {
                                          "type":  "Point",
                                          "coordinates":  [
                                                              85.110858,
                                                              25.628077
                                                          ]
                                      }
                     },
                     {
                         "type":  "Feature",
                         "properties":  {
                                            "facility_id":  "PAT-FAC-0211",
                                            "facility_name":  "Ridhimaa Medicare and Dental Care",
                                            "facility_type":  "Hospital / Healthcare",
                                            "latitude":  25.587601,
                                            "longitude":  85.16617,
                                            "nearest_major_road":  "NH Corridor (NH22)",
                                            "distance_to_highway_m":  274.3,
                                            "distance_to_highway_km":  0.274,
                                            "buffer_zone":  "Within 500m (High Direct Access)"
                                        },
                         "geometry":  {
                                          "type":  "Point",
                                          "coordinates":  [
                                                              85.16617,
                                                              25.587601
                                                          ]
                                      }
                     },
                     {
                         "type":  "Feature",
                         "properties":  {
                                            "facility_id":  "PAT-FAC-0212",
                                            "facility_name":  "mediplus hospital",
                                            "facility_type":  "Hospital / Healthcare",
                                            "latitude":  25.58682,
                                            "longitude":  85.149663,
                                            "nearest_major_road":  "NH Corridor (NH22)",
                                            "distance_to_highway_m":  336.7,
                                            "distance_to_highway_km":  0.337,
                                            "buffer_zone":  "Within 500m (High Direct Access)"
                                        },
                         "geometry":  {
                                          "type":  "Point",
                                          "coordinates":  [
                                                              85.149663,
                                                              25.58682
                                                          ]
                                      }
                     },
                     {
                         "type":  "Feature",
                         "properties":  {
                                            "facility_id":  "PAT-FAC-0213",
                                            "facility_name":  "maa laxmi clinic",
                                            "facility_type":  "Hospital / Healthcare",
                                            "latitude":  25.585999,
                                            "longitude":  85.150158,
                                            "nearest_major_road":  "NH Corridor (NH22)",
                                            "distance_to_highway_m":  242.3,
                                            "distance_to_highway_km":  0.242,
                                            "buffer_zone":  "Within 500m (High Direct Access)"
                                        },
                         "geometry":  {
                                          "type":  "Point",
                                          "coordinates":  [
                                                              85.150158,
                                                              25.585999
                                                          ]
                                      }
                     },
                     {
                         "type":  "Feature",
                         "properties":  {
                                            "facility_id":  "PAT-FAC-0214",
                                            "facility_name":  "mediglobe multispecialty hospital",
                                            "facility_type":  "Hospital / Healthcare",
                                            "latitude":  25.585005,
                                            "longitude":  85.14917,
                                            "nearest_major_road":  "NH Corridor (NH22)",
                                            "distance_to_highway_m":  140.7,
                                            "distance_to_highway_km":  0.141,
                                            "buffer_zone":  "Within 500m (High Direct Access)"
                                        },
                         "geometry":  {
                                          "type":  "Point",
                                          "coordinates":  [
                                                              85.14917,
                                                              25.585005
                                                          ]
                                      }
                     },
                     {
                         "type":  "Feature",
                         "properties":  {
                                            "facility_id":  "PAT-FAC-0215",
                                            "facility_name":  "mediglobe multispecialty hospital",
                                            "facility_type":  "Hospital / Healthcare",
                                            "latitude":  25.584115,
                                            "longitude":  85.150294,
                                            "nearest_major_road":  "NH Corridor (NH22)",
                                            "distance_to_highway_m":  33.1,
                                            "distance_to_highway_km":  0.033,
                                            "buffer_zone":  "Within 500m (High Direct Access)"
                                        },
                         "geometry":  {
                                          "type":  "Point",
                                          "coordinates":  [
                                                              85.150294,
                                                              25.584115
                                                          ]
                                      }
                     },
                     {
                         "type":  "Feature",
                         "properties":  {
                                            "facility_id":  "PAT-FAC-0216",
                                            "facility_name":  "amrit avi hospital",
                                            "facility_type":  "Hospital / Healthcare",
                                            "latitude":  25.591094,
                                            "longitude":  85.151263,
                                            "nearest_major_road":  "NH Corridor (NH22)",
                                            "distance_to_highway_m":  794.1,
                                            "distance_to_highway_km":  0.794,
                                            "buffer_zone":  "500m - 1000m (Intermediate Access)"
                                        },
                         "geometry":  {
                                          "type":  "Point",
                                          "coordinates":  [
                                                              85.151263,
                                                              25.591094
                                                          ]
                                      }
                     },
                     {
                         "type":  "Feature",
                         "properties":  {
                                            "facility_id":  "PAT-FAC-0217",
                                            "facility_name":  "dr. dipti roy",
                                            "facility_type":  "Hospital / Healthcare",
                                            "latitude":  25.590706,
                                            "longitude":  85.149671,
                                            "nearest_major_road":  "NH Corridor (NH22)",
                                            "distance_to_highway_m":  766,
                                            "distance_to_highway_km":  0.766,
                                            "buffer_zone":  "500m - 1000m (Intermediate Access)"
                                        },
                         "geometry":  {
                                          "type":  "Point",
                                          "coordinates":  [
                                                              85.149671,
                                                              25.590706
                                                          ]
                                      }
                     },
                     {
                         "type":  "Feature",
                         "properties":  {
                                            "facility_id":  "PAT-FAC-0218",
                                            "facility_name":  "Patna Nutrition and wellness club",
                                            "facility_type":  "Hospital / Healthcare",
                                            "latitude":  25.591209,
                                            "longitude":  85.149656,
                                            "nearest_major_road":  "NH Corridor (NH22)",
                                            "distance_to_highway_m":  821.7,
                                            "distance_to_highway_km":  0.822,
                                            "buffer_zone":  "500m - 1000m (Intermediate Access)"
                                        },
                         "geometry":  {
                                          "type":  "Point",
                                          "coordinates":  [
                                                              85.149656,
                                                              25.591209
                                                          ]
                                      }
                     },
                     {
                         "type":  "Feature",
                         "properties":  {
                                            "facility_id":  "PAT-FAC-0219",
                                            "facility_name":  "dr. sk singha",
                                            "facility_type":  "Hospital / Healthcare",
                                            "latitude":  25.590941,
                                            "longitude":  85.14932,
                                            "nearest_major_road":  "NH Corridor (NH22)",
                                            "distance_to_highway_m":  794.5,
                                            "distance_to_highway_km":  0.795,
                                            "buffer_zone":  "500m - 1000m (Intermediate Access)"
                                        },
                         "geometry":  {
                                          "type":  "Point",
                                          "coordinates":  [
                                                              85.14932,
                                                              25.590941
                                                          ]
                                      }
                     },
                     {
                         "type":  "Feature",
                         "properties":  {
                                            "facility_id":  "PAT-FAC-0220",
                                            "facility_name":  "Mohit Medical Hall",
                                            "facility_type":  "Hospital / Healthcare",
                                            "latitude":  25.592587,
                                            "longitude":  85.150406,
                                            "nearest_major_road":  "NH Corridor (NH22)",
                                            "distance_to_highway_m":  966.5,
                                            "distance_to_highway_km":  0.966,
                                            "buffer_zone":  "500m - 1000m (Intermediate Access)"
                                        },
                         "geometry":  {
                                          "type":  "Point",
                                          "coordinates":  [
                                                              85.150406,
                                                              25.592587
                                                          ]
                                      }
                     },
                     {
                         "type":  "Feature",
                         "properties":  {
                                            "facility_id":  "PAT-FAC-0221",
                                            "facility_name":  "furever clinic pet",
                                            "facility_type":  "Hospital / Healthcare",
                                            "latitude":  25.595622,
                                            "longitude":  85.150578,
                                            "nearest_major_road":  "NH Corridor (NH139)",
                                            "distance_to_highway_m":  849.1,
                                            "distance_to_highway_km":  0.849,
                                            "buffer_zone":  "500m - 1000m (Intermediate Access)"
                                        },
                         "geometry":  {
                                          "type":  "Point",
                                          "coordinates":  [
                                                              85.150578,
                                                              25.595622
                                                          ]
                                      }
                     },
                     {
                         "type":  "Feature",
                         "properties":  {
                                            "facility_id":  "PAT-FAC-0222",
                                            "facility_name":  "SHRI  SAI COLLEGE OF NURSING AND PARAMEDICAL",
                                            "facility_type":  "College / University",
                                            "latitude":  25.596143,
                                            "longitude":  85.149526,
                                            "nearest_major_road":  "NH Corridor (NH139)",
                                            "distance_to_highway_m":  785.6,
                                            "distance_to_highway_km":  0.786,
                                            "buffer_zone":  "500m - 1000m (Intermediate Access)"
                                        },
                         "geometry":  {
                                          "type":  "Point",
                                          "coordinates":  [
                                                              85.149526,
                                                              25.596143
                                                          ]
                                      }
                     },
                     {
                         "type":  "Feature",
                         "properties":  {
                                            "facility_id":  "PAT-FAC-0223",
                                            "facility_name":  "Bhawanani Clinic",
                                            "facility_type":  "Hospital / Healthcare",
                                            "latitude":  25.591135,
                                            "longitude":  85.14917,
                                            "nearest_major_road":  "NH Corridor (NH22)",
                                            "distance_to_highway_m":  817,
                                            "distance_to_highway_km":  0.817,
                                            "buffer_zone":  "500m - 1000m (Intermediate Access)"
                                        },
                         "geometry":  {
                                          "type":  "Point",
                                          "coordinates":  [
                                                              85.14917,
                                                              25.591135
                                                          ]
                                      }
                     },
                     {
                         "type":  "Feature",
                         "properties":  {
                                            "facility_id":  "PAT-FAC-0224",
                                            "facility_name":  "Sharda Medical Hall",
                                            "facility_type":  "Hospital / Healthcare",
                                            "latitude":  25.58997,
                                            "longitude":  85.149399,
                                            "nearest_major_road":  "NH Corridor (NH22)",
                                            "distance_to_highway_m":  686.7,
                                            "distance_to_highway_km":  0.687,
                                            "buffer_zone":  "500m - 1000m (Intermediate Access)"
                                        },
                         "geometry":  {
                                          "type":  "Point",
                                          "coordinates":  [
                                                              85.149399,
                                                              25.58997
                                                          ]
                                      }
                     },
                     {
                         "type":  "Feature",
                         "properties":  {
                                            "facility_id":  "PAT-FAC-0225",
                                            "facility_name":  "Choudhary Medicals",
                                            "facility_type":  "Hospital / Healthcare",
                                            "latitude":  25.591109,
                                            "longitude":  85.149347,
                                            "nearest_major_road":  "NH Corridor (NH22)",
                                            "distance_to_highway_m":  812.9,
                                            "distance_to_highway_km":  0.813,
                                            "buffer_zone":  "500m - 1000m (Intermediate Access)"
                                        },
                         "geometry":  {
                                          "type":  "Point",
                                          "coordinates":  [
                                                              85.149347,
                                                              25.591109
                                                          ]
                                      }
                     },
                     {
                         "type":  "Feature",
                         "properties":  {
                                            "facility_id":  "PAT-FAC-0226",
                                            "facility_name":  "SR HOSPITAL",
                                            "facility_type":  "Hospital / Healthcare",
                                            "latitude":  25.5875,
                                            "longitude":  85.170285,
                                            "nearest_major_road":  "NH Corridor (NH22)",
                                            "distance_to_highway_m":  237.2,
                                            "distance_to_highway_km":  0.237,
                                            "buffer_zone":  "Within 500m (High Direct Access)"
                                        },
                         "geometry":  {
                                          "type":  "Point",
                                          "coordinates":  [
                                                              85.170285,
                                                              25.5875
                                                          ]
                                      }
                     },
                     {
                         "type":  "Feature",
                         "properties":  {
                                            "facility_id":  "PAT-FAC-0227",
                                            "facility_name":  "Dr. Gopal Prasad",
                                            "facility_type":  "Hospital / Healthcare",
                                            "latitude":  25.61919,
                                            "longitude":  85.114988,
                                            "nearest_major_road":  "Atal Path Flyover",
                                            "distance_to_highway_m":  567.5,
                                            "distance_to_highway_km":  0.568,
                                            "buffer_zone":  "500m - 1000m (Intermediate Access)"
                                        },
                         "geometry":  {
                                          "type":  "Point",
                                          "coordinates":  [
                                                              85.114988,
                                                              25.61919
                                                          ]
                                      }
                     },
                     {
                         "type":  "Feature",
                         "properties":  {
                                            "facility_id":  "PAT-FAC-0228",
                                            "facility_name":  "Patna popular hosp[ital",
                                            "facility_type":  "Hospital / Healthcare",
                                            "latitude":  25.585738,
                                            "longitude":  85.169859,
                                            "nearest_major_road":  "NH Corridor (NH22)",
                                            "distance_to_highway_m":  42.2,
                                            "distance_to_highway_km":  0.042,
                                            "buffer_zone":  "Within 500m (High Direct Access)"
                                        },
                         "geometry":  {
                                          "type":  "Point",
                                          "coordinates":  [
                                                              85.169859,
                                                              25.585738
                                                          ]
                                      }
                     },
                     {
                         "type":  "Feature",
                         "properties":  {
                                            "facility_id":  "PAT-FAC-0229",
                                            "facility_name":  "DR. BINAY KARAK NEUROLOGISTS CLINIC",
                                            "facility_type":  "Hospital / Healthcare",
                                            "latitude":  25.606132,
                                            "longitude":  85.159381,
                                            "nearest_major_road":  "Kumhrar Road",
                                            "distance_to_highway_m":  372.8,
                                            "distance_to_highway_km":  0.373,
                                            "buffer_zone":  "Within 500m (High Direct Access)"
                                        },
                         "geometry":  {
                                          "type":  "Point",
                                          "coordinates":  [
                                                              85.159381,
                                                              25.606132
                                                          ]
                                      }
                     },
                     {
                         "type":  "Feature",
                         "properties":  {
                                            "facility_id":  "PAT-FAC-0230",
                                            "facility_name":  "DR. PRABHAT MEMORIAL HIRAMATI HOSPITAL",
                                            "facility_type":  "Hospital / Healthcare",
                                            "latitude":  25.610091,
                                            "longitude":  85.159121,
                                            "nearest_major_road":  "Kumhrar Road",
                                            "distance_to_highway_m":  802.3,
                                            "distance_to_highway_km":  0.802,
                                            "buffer_zone":  "500m - 1000m (Intermediate Access)"
                                        },
                         "geometry":  {
                                          "type":  "Point",
                                          "coordinates":  [
                                                              85.159121,
                                                              25.610091
                                                          ]
                                      }
                     },
                     {
                         "type":  "Feature",
                         "properties":  {
                                            "facility_id":  "PAT-FAC-0231",
                                            "facility_name":  "PINNACLE HOSPITAL",
                                            "facility_type":  "Hospital / Healthcare",
                                            "latitude":  25.607918,
                                            "longitude":  85.156486,
                                            "nearest_major_road":  "NH Corridor (NH139)",
                                            "distance_to_highway_m":  553.8,
                                            "distance_to_highway_km":  0.554,
                                            "buffer_zone":  "500m - 1000m (Intermediate Access)"
                                        },
                         "geometry":  {
                                          "type":  "Point",
                                          "coordinates":  [
                                                              85.156486,
                                                              25.607918
                                                          ]
                                      }
                     },
                     {
                         "type":  "Feature",
                         "properties":  {
                                            "facility_id":  "PAT-FAC-0232",
                                            "facility_name":  "AN College Police Station",
                                            "facility_type":  "Police Station / Emergency",
                                            "latitude":  25.618831,
                                            "longitude":  85.109695,
                                            "nearest_major_road":  "Atal Path Flyover",
                                            "distance_to_highway_m":  97,
                                            "distance_to_highway_km":  0.097,
                                            "buffer_zone":  "Within 500m (High Direct Access)"
                                        },
                         "geometry":  {
                                          "type":  "Point",
                                          "coordinates":  [
                                                              85.109695,
                                                              25.618831
                                                          ]
                                      }
                     },
                     {
                         "type":  "Feature",
                         "properties":  {
                                            "facility_id":  "PAT-FAC-0233",
                                            "facility_name":  "Bihar Burn Hospital",
                                            "facility_type":  "Hospital / Healthcare",
                                            "latitude":  25.594382,
                                            "longitude":  85.172361,
                                            "nearest_major_road":  "Kumhrar Road",
                                            "distance_to_highway_m":  762.9,
                                            "distance_to_highway_km":  0.763,
                                            "buffer_zone":  "500m - 1000m (Intermediate Access)"
                                        },
                         "geometry":  {
                                          "type":  "Point",
                                          "coordinates":  [
                                                              85.172361,
                                                              25.594382
                                                          ]
                                      }
                     },
                     {
                         "type":  "Feature",
                         "properties":  {
                                            "facility_id":  "PAT-FAC-0234",
                                            "facility_name":  "Bhootnath Diagnostics",
                                            "facility_type":  "Hospital / Healthcare",
                                            "latitude":  25.593907,
                                            "longitude":  85.173695,
                                            "nearest_major_road":  "Kumhrar Road",
                                            "distance_to_highway_m":  796.6,
                                            "distance_to_highway_km":  0.797,
                                            "buffer_zone":  "500m - 1000m (Intermediate Access)"
                                        },
                         "geometry":  {
                                          "type":  "Point",
                                          "coordinates":  [
                                                              85.173695,
                                                              25.593907
                                                          ]
                                      }
                     },
                     {
                         "type":  "Feature",
                         "properties":  {
                                            "facility_id":  "PAT-FAC-0235",
                                            "facility_name":  "Atharv hospital",
                                            "facility_type":  "Hospital / Healthcare",
                                            "latitude":  25.5921,
                                            "longitude":  85.170262,
                                            "nearest_major_road":  "NH Corridor (NH22)",
                                            "distance_to_highway_m":  746.8,
                                            "distance_to_highway_km":  0.747,
                                            "buffer_zone":  "500m - 1000m (Intermediate Access)"
                                        },
                         "geometry":  {
                                          "type":  "Point",
                                          "coordinates":  [
                                                              85.170262,
                                                              25.5921
                                                          ]
                                      }
                     },
                     {
                         "type":  "Feature",
                         "properties":  {
                                            "facility_id":  "PAT-FAC-0236",
                                            "facility_name":  "Osho Dhara Hospital",
                                            "facility_type":  "Hospital / Healthcare",
                                            "latitude":  25.595454,
                                            "longitude":  85.174061,
                                            "nearest_major_road":  "Kumhrar Road",
                                            "distance_to_highway_m":  621.8,
                                            "distance_to_highway_km":  0.622,
                                            "buffer_zone":  "500m - 1000m (Intermediate Access)"
                                        },
                         "geometry":  {
                                          "type":  "Point",
                                          "coordinates":  [
                                                              85.174061,
                                                              25.595454
                                                          ]
                                      }
                     },
                     {
                         "type":  "Feature",
                         "properties":  {
                                            "facility_id":  "PAT-FAC-0237",
                                            "facility_name":  "Nalanda Seva Sadan Hospital",
                                            "facility_type":  "Hospital / Healthcare",
                                            "latitude":  25.592749,
                                            "longitude":  85.171672,
                                            "nearest_major_road":  "NH Corridor (NH22)",
                                            "distance_to_highway_m":  818,
                                            "distance_to_highway_km":  0.818,
                                            "buffer_zone":  "500m - 1000m (Intermediate Access)"
                                        },
                         "geometry":  {
                                          "type":  "Point",
                                          "coordinates":  [
                                                              85.171672,
                                                              25.592749
                                                          ]
                                      }
                     },
                     {
                         "type":  "Feature",
                         "properties":  {
                                            "facility_id":  "PAT-FAC-0238",
                                            "facility_name":  "CIMS Hospital",
                                            "facility_type":  "Hospital / Healthcare",
                                            "latitude":  25.591516,
                                            "longitude":  85.174417,
                                            "nearest_major_road":  "NH Corridor (NH22)",
                                            "distance_to_highway_m":  680.6,
                                            "distance_to_highway_km":  0.681,
                                            "buffer_zone":  "500m - 1000m (Intermediate Access)"
                                        },
                         "geometry":  {
                                          "type":  "Point",
                                          "coordinates":  [
                                                              85.174417,
                                                              25.591516
                                                          ]
                                      }
                     },
                     {
                         "type":  "Feature",
                         "properties":  {
                                            "facility_id":  "PAT-FAC-0239",
                                            "facility_name":  "Apna Emergency Hospital",
                                            "facility_type":  "Hospital / Healthcare",
                                            "latitude":  25.590054,
                                            "longitude":  85.179224,
                                            "nearest_major_road":  "NH Corridor (NH22)",
                                            "distance_to_highway_m":  516.2,
                                            "distance_to_highway_km":  0.516,
                                            "buffer_zone":  "500m - 1000m (Intermediate Access)"
                                        },
                         "geometry":  {
                                          "type":  "Point",
                                          "coordinates":  [
                                                              85.179224,
                                                              25.590054
                                                          ]
                                      }
                     },
                     {
                         "type":  "Feature",
                         "properties":  {
                                            "facility_id":  "PAT-FAC-0240",
                                            "facility_name":  "Pushpanjali Multispecialty Hospital",
                                            "facility_type":  "Hospital / Healthcare",
                                            "latitude":  25.592155,
                                            "longitude":  85.179611,
                                            "nearest_major_road":  "NH Corridor (NH22)",
                                            "distance_to_highway_m":  748.5,
                                            "distance_to_highway_km":  0.748,
                                            "buffer_zone":  "500m - 1000m (Intermediate Access)"
                                        },
                         "geometry":  {
                                          "type":  "Point",
                                          "coordinates":  [
                                                              85.179611,
                                                              25.592155
                                                          ]
                                      }
                     },
                     {
                         "type":  "Feature",
                         "properties":  {
                                            "facility_id":  "PAT-FAC-0241",
                                            "facility_name":  "Patliputra Hospitals \u0026 Research Centre",
                                            "facility_type":  "Hospital / Healthcare",
                                            "latitude":  25.589583,
                                            "longitude":  85.179417,
                                            "nearest_major_road":  "NH Corridor (NH22)",
                                            "distance_to_highway_m":  463.7,
                                            "distance_to_highway_km":  0.464,
                                            "buffer_zone":  "Within 500m (High Direct Access)"
                                        },
                         "geometry":  {
                                          "type":  "Point",
                                          "coordinates":  [
                                                              85.179417,
                                                              25.589583
                                                          ]
                                      }
                     },
                     {
                         "type":  "Feature",
                         "properties":  {
                                            "facility_id":  "PAT-FAC-0242",
                                            "facility_name":  "Priyadarshani Nishant Hospital",
                                            "facility_type":  "Hospital / Healthcare",
                                            "latitude":  25.591625,
                                            "longitude":  85.179072,
                                            "nearest_major_road":  "NH Corridor (NH22)",
                                            "distance_to_highway_m":  690.4,
                                            "distance_to_highway_km":  0.69,
                                            "buffer_zone":  "500m - 1000m (Intermediate Access)"
                                        },
                         "geometry":  {
                                          "type":  "Point",
                                          "coordinates":  [
                                                              85.179072,
                                                              25.591625
                                                          ]
                                      }
                     },
                     {
                         "type":  "Feature",
                         "properties":  {
                                            "facility_id":  "PAT-FAC-0243",
                                            "facility_name":  "Hari Hospital",
                                            "facility_type":  "Hospital / Healthcare",
                                            "latitude":  25.591202,
                                            "longitude":  85.179704,
                                            "nearest_major_road":  "NH Corridor (NH22)",
                                            "distance_to_highway_m":  643,
                                            "distance_to_highway_km":  0.643,
                                            "buffer_zone":  "500m - 1000m (Intermediate Access)"
                                        },
                         "geometry":  {
                                          "type":  "Point",
                                          "coordinates":  [
                                                              85.179704,
                                                              25.591202
                                                          ]
                                      }
                     },
                     {
                         "type":  "Feature",
                         "properties":  {
                                            "facility_id":  "PAT-FAC-0244",
                                            "facility_name":  "Shree Ganesha Hospital",
                                            "facility_type":  "Hospital / Healthcare",
                                            "latitude":  25.590894,
                                            "longitude":  85.179152,
                                            "nearest_major_road":  "NH Corridor (NH22)",
                                            "distance_to_highway_m":  609.4,
                                            "distance_to_highway_km":  0.609,
                                            "buffer_zone":  "500m - 1000m (Intermediate Access)"
                                        },
                         "geometry":  {
                                          "type":  "Point",
                                          "coordinates":  [
                                                              85.179152,
                                                              25.590894
                                                          ]
                                      }
                     },
                     {
                         "type":  "Feature",
                         "properties":  {
                                            "facility_id":  "PAT-FAC-0245",
                                            "facility_name":  "The City Hospital",
                                            "facility_type":  "Hospital / Healthcare",
                                            "latitude":  25.591006,
                                            "longitude":  85.17969,
                                            "nearest_major_road":  "NH Corridor (NH22)",
                                            "distance_to_highway_m":  621.2,
                                            "distance_to_highway_km":  0.621,
                                            "buffer_zone":  "500m - 1000m (Intermediate Access)"
                                        },
                         "geometry":  {
                                          "type":  "Point",
                                          "coordinates":  [
                                                              85.17969,
                                                              25.591006
                                                          ]
                                      }
                     },
                     {
                         "type":  "Feature",
                         "properties":  {
                                            "facility_id":  "PAT-FAC-0246",
                                            "facility_name":  "Sindhu Advanced Child Care Center",
                                            "facility_type":  "Hospital / Healthcare",
                                            "latitude":  25.588626,
                                            "longitude":  85.17923,
                                            "nearest_major_road":  "NH Corridor (NH22)",
                                            "distance_to_highway_m":  357.9,
                                            "distance_to_highway_km":  0.358,
                                            "buffer_zone":  "Within 500m (High Direct Access)"
                                        },
                         "geometry":  {
                                          "type":  "Point",
                                          "coordinates":  [
                                                              85.17923,
                                                              25.588626
                                                          ]
                                      }
                     },
                     {
                         "type":  "Feature",
                         "properties":  {
                                            "facility_id":  "PAT-FAC-0247",
                                            "facility_name":  "shankar medical",
                                            "facility_type":  "Hospital / Healthcare",
                                            "latitude":  25.590714,
                                            "longitude":  85.164005,
                                            "nearest_major_road":  "NH Corridor (NH22)",
                                            "distance_to_highway_m":  637.7,
                                            "distance_to_highway_km":  0.638,
                                            "buffer_zone":  "500m - 1000m (Intermediate Access)"
                                        },
                         "geometry":  {
                                          "type":  "Point",
                                          "coordinates":  [
                                                              85.164005,
                                                              25.590714
                                                          ]
                                      }
                     },
                     {
                         "type":  "Feature",
                         "properties":  {
                                            "facility_id":  "PAT-FAC-0248",
                                            "facility_name":  "agam kuaa thana",
                                            "facility_type":  "Police Station / Emergency",
                                            "latitude":  25.589705,
                                            "longitude":  85.169508,
                                            "nearest_major_road":  "NH Corridor (NH22)",
                                            "distance_to_highway_m":  482.1,
                                            "distance_to_highway_km":  0.482,
                                            "buffer_zone":  "Within 500m (High Direct Access)"
                                        },
                         "geometry":  {
                                          "type":  "Point",
                                          "coordinates":  [
                                                              85.169508,
                                                              25.589705
                                                          ]
                                      }
                     },
                     {
                         "type":  "Feature",
                         "properties":  {
                                            "facility_id":  "PAT-FAC-0249",
                                            "facility_name":  "vijay nuirsing home",
                                            "facility_type":  "Hospital / Healthcare",
                                            "latitude":  25.590734,
                                            "longitude":  85.163833,
                                            "nearest_major_road":  "NH Corridor (NH22)",
                                            "distance_to_highway_m":  641.7,
                                            "distance_to_highway_km":  0.642,
                                            "buffer_zone":  "500m - 1000m (Intermediate Access)"
                                        },
                         "geometry":  {
                                          "type":  "Point",
                                          "coordinates":  [
                                                              85.163833,
                                                              25.590734
                                                          ]
                                      }
                     },
                     {
                         "type":  "Feature",
                         "properties":  {
                                            "facility_id":  "PAT-FAC-0250",
                                            "facility_name":  "kali mandir medical",
                                            "facility_type":  "Hospital / Healthcare",
                                            "latitude":  25.590614,
                                            "longitude":  85.162636,
                                            "nearest_major_road":  "NH Corridor (NH22)",
                                            "distance_to_highway_m":  639.1,
                                            "distance_to_highway_km":  0.639,
                                            "buffer_zone":  "500m - 1000m (Intermediate Access)"
                                        },
                         "geometry":  {
                                          "type":  "Point",
                                          "coordinates":  [
                                                              85.162636,
                                                              25.590614
                                                          ]
                                      }
                     },
                     {
                         "type":  "Feature",
                         "properties":  {
                                            "facility_id":  "PAT-FAC-0251",
                                            "facility_name":  "sunil medical",
                                            "facility_type":  "Hospital / Healthcare",
                                            "latitude":  25.590764,
                                            "longitude":  85.163673,
                                            "nearest_major_road":  "NH Corridor (NH22)",
                                            "distance_to_highway_m":  646.6,
                                            "distance_to_highway_km":  0.647,
                                            "buffer_zone":  "500m - 1000m (Intermediate Access)"
                                        },
                         "geometry":  {
                                          "type":  "Point",
                                          "coordinates":  [
                                                              85.163673,
                                                              25.590764
                                                          ]
                                      }
                     },
                     {
                         "type":  "Feature",
                         "properties":  {
                                            "facility_id":  "PAT-FAC-0252",
                                            "facility_name":  "mamta kunj",
                                            "facility_type":  "Hospital / Healthcare",
                                            "latitude":  25.625943,
                                            "longitude":  85.053455,
                                            "nearest_major_road":  "Patna Bypass / Expressway Corridor",
                                            "distance_to_highway_m":  959.6,
                                            "distance_to_highway_km":  0.96,
                                            "buffer_zone":  "500m - 1000m (Intermediate Access)"
                                        },
                         "geometry":  {
                                          "type":  "Point",
                                          "coordinates":  [
                                                              85.053455,
                                                              25.625943
                                                          ]
                                      }
                     },
                     {
                         "type":  "Feature",
                         "properties":  {
                                            "facility_id":  "PAT-FAC-0253",
                                            "facility_name":  "Unnamed Hospital / Healthcare (253)",
                                            "facility_type":  "Hospital / Healthcare",
                                            "latitude":  25.627393,
                                            "longitude":  85.054533,
                                            "nearest_major_road":  "Patna Bypass / Expressway Corridor",
                                            "distance_to_highway_m":  1152.7,
                                            "distance_to_highway_km":  1.153,
                                            "buffer_zone":  "1000m - 2000m (Secondary Access)"
                                        },
                         "geometry":  {
                                          "type":  "Point",
                                          "coordinates":  [
                                                              85.054533,
                                                              25.627393
                                                          ]
                                      }
                     },
                     {
                         "type":  "Feature",
                         "properties":  {
                                            "facility_id":  "PAT-FAC-0254",
                                            "facility_name":  "mini pet care",
                                            "facility_type":  "Hospital / Healthcare",
                                            "latitude":  25.625161,
                                            "longitude":  85.052491,
                                            "nearest_major_road":  "Patna Bypass / Expressway Corridor",
                                            "distance_to_highway_m":  831.6,
                                            "distance_to_highway_km":  0.832,
                                            "buffer_zone":  "500m - 1000m (Intermediate Access)"
                                        },
                         "geometry":  {
                                          "type":  "Point",
                                          "coordinates":  [
                                                              85.052491,
                                                              25.625161
                                                          ]
                                      }
                     },
                     {
                         "type":  "Feature",
                         "properties":  {
                                            "facility_id":  "PAT-FAC-0255",
                                            "facility_name":  "orthocare and speciality",
                                            "facility_type":  "Hospital / Healthcare",
                                            "latitude":  25.624688,
                                            "longitude":  85.054627,
                                            "nearest_major_road":  "Patna Bypass / Expressway Corridor",
                                            "distance_to_highway_m":  938.2,
                                            "distance_to_highway_km":  0.938,
                                            "buffer_zone":  "500m - 1000m (Intermediate Access)"
                                        },
                         "geometry":  {
                                          "type":  "Point",
                                          "coordinates":  [
                                                              85.054627,
                                                              25.624688
                                                          ]
                                      }
                     },
                     {
                         "type":  "Feature",
                         "properties":  {
                                            "facility_id":  "PAT-FAC-0256",
                                            "facility_name":  "sasmay hospital",
                                            "facility_type":  "Hospital / Healthcare",
                                            "latitude":  25.619336,
                                            "longitude":  85.042103,
                                            "nearest_major_road":  "NH Corridor (NH922)",
                                            "distance_to_highway_m":  294.6,
                                            "distance_to_highway_km":  0.295,
                                            "buffer_zone":  "Within 500m (High Direct Access)"
                                        },
                         "geometry":  {
                                          "type":  "Point",
                                          "coordinates":  [
                                                              85.042103,
                                                              25.619336
                                                          ]
                                      }
                     },
                     {
                         "type":  "Feature",
                         "properties":  {
                                            "facility_id":  "PAT-FAC-0257",
                                            "facility_name":  "prathma blood care centre",
                                            "facility_type":  "Hospital / Healthcare",
                                            "latitude":  25.610721,
                                            "longitude":  85.057412,
                                            "nearest_major_road":  "NH Corridor (NH922)",
                                            "distance_to_highway_m":  42.1,
                                            "distance_to_highway_km":  0.042,
                                            "buffer_zone":  "Within 500m (High Direct Access)"
                                        },
                         "geometry":  {
                                          "type":  "Point",
                                          "coordinates":  [
                                                              85.057412,
                                                              25.610721
                                                          ]
                                      }
                     },
                     {
                         "type":  "Feature",
                         "properties":  {
                                            "facility_id":  "PAT-FAC-0258",
                                            "facility_name":  "High Tech",
                                            "facility_type":  "Hospital / Healthcare",
                                            "latitude":  25.621033,
                                            "longitude":  85.040744,
                                            "nearest_major_road":  "NH Corridor (NH922)",
                                            "distance_to_highway_m":  232.6,
                                            "distance_to_highway_km":  0.233,
                                            "buffer_zone":  "Within 500m (High Direct Access)"
                                        },
                         "geometry":  {
                                          "type":  "Point",
                                          "coordinates":  [
                                                              85.040744,
                                                              25.621033
                                                          ]
                                      }
                     },
                     {
                         "type":  "Feature",
                         "properties":  {
                                            "facility_id":  "PAT-FAC-0259",
                                            "facility_name":  "Indian Oil",
                                            "facility_type":  "Fuel / Petrol Pump",
                                            "latitude":  25.583065,
                                            "longitude":  85.114238,
                                            "nearest_major_road":  "NH Corridor (NH139)",
                                            "distance_to_highway_m":  45.9,
                                            "distance_to_highway_km":  0.046,
                                            "buffer_zone":  "Within 500m (High Direct Access)"
                                        },
                         "geometry":  {
                                          "type":  "Point",
                                          "coordinates":  [
                                                              85.114238,
                                                              25.583065
                                                          ]
                                      }
                     },
                     {
                         "type":  "Feature",
                         "properties":  {
                                            "facility_id":  "PAT-FAC-0260",
                                            "facility_name":  "Lokpriye Hospital",
                                            "facility_type":  "Hospital / Healthcare",
                                            "latitude":  25.561967,
                                            "longitude":  85.177025,
                                            "nearest_major_road":  "Primary Arterial (SH1)",
                                            "distance_to_highway_m":  753,
                                            "distance_to_highway_km":  0.753,
                                            "buffer_zone":  "500m - 1000m (Intermediate Access)"
                                        },
                         "geometry":  {
                                          "type":  "Point",
                                          "coordinates":  [
                                                              85.177025,
                                                              25.561967
                                                          ]
                                      }
                     },
                     {
                         "type":  "Feature",
                         "properties":  {
                                            "facility_id":  "PAT-FAC-0261",
                                            "facility_name":  "Meditech Hospital \u0026 Sports Injury Centre",
                                            "facility_type":  "Hospital / Healthcare",
                                            "latitude":  25.611307,
                                            "longitude":  85.075698,
                                            "nearest_major_road":  "Bailey Road Flyover",
                                            "distance_to_highway_m":  594.2,
                                            "distance_to_highway_km":  0.594,
                                            "buffer_zone":  "500m - 1000m (Intermediate Access)"
                                        },
                         "geometry":  {
                                          "type":  "Point",
                                          "coordinates":  [
                                                              85.075698,
                                                              25.611307
                                                          ]
                                      }
                     },
                     {
                         "type":  "Feature",
                         "properties":  {
                                            "facility_id":  "PAT-FAC-0262",
                                            "facility_name":  "Unnamed Police Station / Emergency (262)",
                                            "facility_type":  "Police Station / Emergency",
                                            "latitude":  25.630116,
                                            "longitude":  85.100655,
                                            "nearest_major_road":  "Atal Path Flyover",
                                            "distance_to_highway_m":  3.9,
                                            "distance_to_highway_km":  0.004,
                                            "buffer_zone":  "Within 500m (High Direct Access)"
                                        },
                         "geometry":  {
                                          "type":  "Point",
                                          "coordinates":  [
                                                              85.100655,
                                                              25.630116
                                                          ]
                                      }
                     },
                     {
                         "type":  "Feature",
                         "properties":  {
                                            "facility_id":  "PAT-FAC-0263",
                                            "facility_name":  "Unnamed Hospital / Healthcare (263)",
                                            "facility_type":  "Hospital / Healthcare",
                                            "latitude":  25.638465,
                                            "longitude":  85.109426,
                                            "nearest_major_road":  "Ashok Rajpath",
                                            "distance_to_highway_m":  18.3,
                                            "distance_to_highway_km":  0.018,
                                            "buffer_zone":  "Within 500m (High Direct Access)"
                                        },
                         "geometry":  {
                                          "type":  "Point",
                                          "coordinates":  [
                                                              85.109426,
                                                              25.638465
                                                          ]
                                      }
                     },
                     {
                         "type":  "Feature",
                         "properties":  {
                                            "facility_id":  "PAT-FAC-0264",
                                            "facility_name":  "DR AK Chamdra",
                                            "facility_type":  "Hospital / Healthcare",
                                            "latitude":  25.638313,
                                            "longitude":  85.109312,
                                            "nearest_major_road":  "Ashok Rajpath",
                                            "distance_to_highway_m":  38.4,
                                            "distance_to_highway_km":  0.038,
                                            "buffer_zone":  "Within 500m (High Direct Access)"
                                        },
                         "geometry":  {
                                          "type":  "Point",
                                          "coordinates":  [
                                                              85.109312,
                                                              25.638313
                                                          ]
                                      }
                     },
                     {
                         "type":  "Feature",
                         "properties":  {
                                            "facility_id":  "PAT-FAC-0265",
                                            "facility_name":  "Unnamed Police Station / Emergency (265)",
                                            "facility_type":  "Police Station / Emergency",
                                            "latitude":  25.612563,
                                            "longitude":  85.118844,
                                            "nearest_major_road":  "Patna Bypass / Expressway Corridor",
                                            "distance_to_highway_m":  289.1,
                                            "distance_to_highway_km":  0.289,
                                            "buffer_zone":  "Within 500m (High Direct Access)"
                                        },
                         "geometry":  {
                                          "type":  "Point",
                                          "coordinates":  [
                                                              85.118844,
                                                              25.612563
                                                          ]
                                      }
                     },
                     {
                         "type":  "Feature",
                         "properties":  {
                                            "facility_id":  "PAT-FAC-0266",
                                            "facility_name":  "Unnamed Hospital / Healthcare (266)",
                                            "facility_type":  "Hospital / Healthcare",
                                            "latitude":  25.618978,
                                            "longitude":  85.08404,
                                            "nearest_major_road":  "Bailey Road Flyover",
                                            "distance_to_highway_m":  1538,
                                            "distance_to_highway_km":  1.538,
                                            "buffer_zone":  "1000m - 2000m (Secondary Access)"
                                        },
                         "geometry":  {
                                          "type":  "Point",
                                          "coordinates":  [
                                                              85.08404,
                                                              25.618978
                                                          ]
                                      }
                     },
                     {
                         "type":  "Feature",
                         "properties":  {
                                            "facility_id":  "PAT-FAC-0267",
                                            "facility_name":  "Dr B K Rai",
                                            "facility_type":  "Hospital / Healthcare",
                                            "latitude":  25.621501,
                                            "longitude":  85.087437,
                                            "nearest_major_road":  "Atal Path Flyover",
                                            "distance_to_highway_m":  1625.4,
                                            "distance_to_highway_km":  1.625,
                                            "buffer_zone":  "1000m - 2000m (Secondary Access)"
                                        },
                         "geometry":  {
                                          "type":  "Point",
                                          "coordinates":  [
                                                              85.087437,
                                                              25.621501
                                                          ]
                                      }
                     },
                     {
                         "type":  "Feature",
                         "properties":  {
                                            "facility_id":  "PAT-FAC-0268",
                                            "facility_name":  "Dr D K Singh\u0027s MultiSpeciality Dental Clinic \u0026 Implant Center",
                                            "facility_type":  "Hospital / Healthcare",
                                            "latitude":  25.618832,
                                            "longitude":  85.085453,
                                            "nearest_major_road":  "Bailey Road Flyover",
                                            "distance_to_highway_m":  1539.2,
                                            "distance_to_highway_km":  1.539,
                                            "buffer_zone":  "1000m - 2000m (Secondary Access)"
                                        },
                         "geometry":  {
                                          "type":  "Point",
                                          "coordinates":  [
                                                              85.085453,
                                                              25.618832
                                                          ]
                                      }
                     },
                     {
                         "type":  "Feature",
                         "properties":  {
                                            "facility_id":  "PAT-FAC-0269",
                                            "facility_name":  "Unnamed Hospital / Healthcare (269)",
                                            "facility_type":  "Hospital / Healthcare",
                                            "latitude":  25.618839,
                                            "longitude":  85.085389,
                                            "nearest_major_road":  "Bailey Road Flyover",
                                            "distance_to_highway_m":  1539.1,
                                            "distance_to_highway_km":  1.539,
                                            "buffer_zone":  "1000m - 2000m (Secondary Access)"
                                        },
                         "geometry":  {
                                          "type":  "Point",
                                          "coordinates":  [
                                                              85.085389,
                                                              25.618839
                                                          ]
                                      }
                     },
                     {
                         "type":  "Feature",
                         "properties":  {
                                            "facility_id":  "PAT-FAC-0270",
                                            "facility_name":  "Unnamed Hospital / Healthcare (270)",
                                            "facility_type":  "Hospital / Healthcare",
                                            "latitude":  25.621782,
                                            "longitude":  85.088857,
                                            "nearest_major_road":  "Atal Path Flyover",
                                            "distance_to_highway_m":  1488,
                                            "distance_to_highway_km":  1.488,
                                            "buffer_zone":  "1000m - 2000m (Secondary Access)"
                                        },
                         "geometry":  {
                                          "type":  "Point",
                                          "coordinates":  [
                                                              85.088857,
                                                              25.621782
                                                          ]
                                      }
                     },
                     {
                         "type":  "Feature",
                         "properties":  {
                                            "facility_id":  "PAT-FAC-0271",
                                            "facility_name":  "Narayana Cancer Centre",
                                            "facility_type":  "Hospital / Healthcare",
                                            "latitude":  25.627692,
                                            "longitude":  85.097898,
                                            "nearest_major_road":  "Atal Path Flyover",
                                            "distance_to_highway_m":  371.1,
                                            "distance_to_highway_km":  0.371,
                                            "buffer_zone":  "Within 500m (High Direct Access)"
                                        },
                         "geometry":  {
                                          "type":  "Point",
                                          "coordinates":  [
                                                              85.097898,
                                                              25.627692
                                                          ]
                                      }
                     },
                     {
                         "type":  "Feature",
                         "properties":  {
                                            "facility_id":  "PAT-FAC-0272",
                                            "facility_name":  "Super Clinic",
                                            "facility_type":  "Hospital / Healthcare",
                                            "latitude":  25.624513,
                                            "longitude":  85.096933,
                                            "nearest_major_road":  "Atal Path Flyover",
                                            "distance_to_highway_m":  639.8,
                                            "distance_to_highway_km":  0.64,
                                            "buffer_zone":  "500m - 1000m (Intermediate Access)"
                                        },
                         "geometry":  {
                                          "type":  "Point",
                                          "coordinates":  [
                                                              85.096933,
                                                              25.624513
                                                          ]
                                      }
                     },
                     {
                         "type":  "Feature",
                         "properties":  {
                                            "facility_id":  "PAT-FAC-0273",
                                            "facility_name":  "Krishna Cardiac Center",
                                            "facility_type":  "Hospital / Healthcare",
                                            "latitude":  25.620712,
                                            "longitude":  85.115583,
                                            "nearest_major_road":  "Atal Path Flyover",
                                            "distance_to_highway_m":  708.2,
                                            "distance_to_highway_km":  0.708,
                                            "buffer_zone":  "500m - 1000m (Intermediate Access)"
                                        },
                         "geometry":  {
                                          "type":  "Point",
                                          "coordinates":  [
                                                              85.115583,
                                                              25.620712
                                                          ]
                                      }
                     },
                     {
                         "type":  "Feature",
                         "properties":  {
                                            "facility_id":  "PAT-FAC-0274",
                                            "facility_name":  "Unnamed Police Station / Emergency (274)",
                                            "facility_type":  "Police Station / Emergency",
                                            "latitude":  25.630239,
                                            "longitude":  85.100645,
                                            "nearest_major_road":  "Atal Path Flyover",
                                            "distance_to_highway_m":  2.7,
                                            "distance_to_highway_km":  0.003,
                                            "buffer_zone":  "Within 500m (High Direct Access)"
                                        },
                         "geometry":  {
                                          "type":  "Point",
                                          "coordinates":  [
                                                              85.100645,
                                                              25.630239
                                                          ]
                                      }
                     },
                     {
                         "type":  "Feature",
                         "properties":  {
                                            "facility_id":  "PAT-FAC-0275",
                                            "facility_name":  "Unnamed Police Station / Emergency (275)",
                                            "facility_type":  "Police Station / Emergency",
                                            "latitude":  25.616584,
                                            "longitude":  85.110043,
                                            "nearest_major_road":  "Atal Path Flyover",
                                            "distance_to_highway_m":  2.6,
                                            "distance_to_highway_km":  0.003,
                                            "buffer_zone":  "Within 500m (High Direct Access)"
                                        },
                         "geometry":  {
                                          "type":  "Point",
                                          "coordinates":  [
                                                              85.110043,
                                                              25.616584
                                                          ]
                                      }
                     },
                     {
                         "type":  "Feature",
                         "properties":  {
                                            "facility_id":  "PAT-FAC-0276",
                                            "facility_name":  "Unnamed Police Station / Emergency (276)",
                                            "facility_type":  "Police Station / Emergency",
                                            "latitude":  25.629421,
                                            "longitude":  85.10409,
                                            "nearest_major_road":  "Atal Path Flyover",
                                            "distance_to_highway_m":  248.8,
                                            "distance_to_highway_km":  0.249,
                                            "buffer_zone":  "Within 500m (High Direct Access)"
                                        },
                         "geometry":  {
                                          "type":  "Point",
                                          "coordinates":  [
                                                              85.10409,
                                                              25.629421
                                                          ]
                                      }
                     },
                     {
                         "type":  "Feature",
                         "properties":  {
                                            "facility_id":  "PAT-FAC-0277",
                                            "facility_name":  "Unnamed Police Station / Emergency (277)",
                                            "facility_type":  "Police Station / Emergency",
                                            "latitude":  25.610951,
                                            "longitude":  85.11776,
                                            "nearest_major_road":  "Patna Bypass / Expressway Corridor",
                                            "distance_to_highway_m":  83.1,
                                            "distance_to_highway_km":  0.083,
                                            "buffer_zone":  "Within 500m (High Direct Access)"
                                        },
                         "geometry":  {
                                          "type":  "Point",
                                          "coordinates":  [
                                                              85.11776,
                                                              25.610951
                                                          ]
                                      }
                     },
                     {
                         "type":  "Feature",
                         "properties":  {
                                            "facility_id":  "PAT-FAC-0278",
                                            "facility_name":  "Buddha Cancer Centre, Patna",
                                            "facility_type":  "Hospital / Healthcare",
                                            "latitude":  25.612236,
                                            "longitude":  85.063466,
                                            "nearest_major_road":  "NH Corridor (NH922)",
                                            "distance_to_highway_m":  348.6,
                                            "distance_to_highway_km":  0.349,
                                            "buffer_zone":  "Within 500m (High Direct Access)"
                                        },
                         "geometry":  {
                                          "type":  "Point",
                                          "coordinates":  [
                                                              85.063466,
                                                              25.612236
                                                          ]
                                      }
                     },
                     {
                         "type":  "Feature",
                         "properties":  {
                                            "facility_id":  "PAT-FAC-0279",
                                            "facility_name":  "Unnamed Hospital / Healthcare (279)",
                                            "facility_type":  "Hospital / Healthcare",
                                            "latitude":  25.627486,
                                            "longitude":  85.104332,
                                            "nearest_major_road":  "Atal Path Flyover",
                                            "distance_to_highway_m":  153.1,
                                            "distance_to_highway_km":  0.153,
                                            "buffer_zone":  "Within 500m (High Direct Access)"
                                        },
                         "geometry":  {
                                          "type":  "Point",
                                          "coordinates":  [
                                                              85.104332,
                                                              25.627486
                                                          ]
                                      }
                     },
                     {
                         "type":  "Feature",
                         "properties":  {
                                            "facility_id":  "PAT-FAC-0280",
                                            "facility_name":  "RUDRA DENTAL CLINIC",
                                            "facility_type":  "Hospital / Healthcare",
                                            "latitude":  25.575353,
                                            "longitude":  85.142406,
                                            "nearest_major_road":  "NH Corridor (NH22)",
                                            "distance_to_highway_m":  958.4,
                                            "distance_to_highway_km":  0.958,
                                            "buffer_zone":  "500m - 1000m (Intermediate Access)"
                                        },
                         "geometry":  {
                                          "type":  "Point",
                                          "coordinates":  [
                                                              85.142406,
                                                              25.575353
                                                          ]
                                      }
                     }
                 ]
}
